[{"county_name":null,"description":null,"feat_class":"Civil","feature_id":"36550","fips_class":"H6","fips_county_cd":"20","full_county_name":null,"link_title":null,"url":"http:\/\/www.muni.org\/","name":"Anchorage Municipality","primary_latitude":"61.1666667","primary_longitude":"-149.2505556","state_abbreviation":"AK","state_name":"Alaska"},{"county_name":null,"description":null,"feat_class":"Civil","feature_id":"36552","fips_class":"H1","fips_county_cd":"60","full_county_name":null,"link_title":null,"url":"http:\/\/www.theborough.com\/","name":"Bristol Bay Borough","primary_latitude":"58.75","primary_longitude":"-156.83","state_abbreviation":"AK","state_name":"Alaska"},{"county_name":null,"description":null,"feat_class":"Civil","feature_id":"36553","fips_class":"H1","fips_county_cd":"68","full_county_name":null,"link_title":null,"url":"http:\/\/www.denaliborough.govoffice.com\/","name":"Denali Borough","primary_latitude":"63.78","primary_longitude":"-150.19","state_abbreviation":"AK","state_name":"Alaska"},{"county_name":null,"description":null,"feat_class":"Civil","feature_id":"36555","fips_class":"H1","fips_county_cd":"90","full_county_name":null,"link_title":null,"url":"http:\/\/www.co.fairbanks.ak.us\/","name":"Fairbanks North Star Borough","primary_latitude":"64.83","primary_longitude":"-146.41","state_abbreviation":"AK","state_name":"Alaska"},{"county_name":null,"description":null,"feat_class":"Civil","feature_id":"36556","fips_class":"H1","fips_county_cd":"100","full_county_name":null,"link_title":null,"url":"http:\/\/www.hainesborough.us\/","name":"Haines Borough","primary_latitude":"59.25","primary_longitude":"-135.5","state_abbreviation":"AK","state_name":"Alaska"},{"county_name":null,"description":null,"feat_class":"Civil","feature_id":"36557","fips_class":"H6","fips_county_cd":"110","full_county_name":null,"link_title":null,"url":"http:\/\/www.juneau.org\/","name":"Juneau City and Borough","primary_latitude":"58.4166667","primary_longitude":"-134.3333333","state_abbreviation":"AK","state_name":"Alaska"},{"county_name":null,"description":null,"feat_class":"Civil","feature_id":"36558","fips_class":"H1","fips_county_cd":"122","full_county_name":null,"link_title":null,"url":"http:\/\/www.borough.kenai.ak.us\/","name":"Kenai Peninsula Borough","primary_latitude":"60.41","primary_longitude":"-151.25","state_abbreviation":"AK","state_name":"Alaska"},{"county_name":null,"description":null,"feat_class":"Civil","feature_id":"36559","fips_class":"H1","fips_county_cd":"130","full_county_name":null,"link_title":null,"url":"http:\/\/www.borough.ketchikan.ak.us\/","name":"Ketchikan Gateway Borough","primary_latitude":"55.5","primary_longitude":"-131.41","state_abbreviation":"AK","state_name":"Alaska"},{"county_name":null,"description":null,"feat_class":"Civil","feature_id":"36560","fips_class":"H1","fips_county_cd":"150","full_county_name":"Kodiak Island Borough","link_title":null,"url":"http:\/\/www.kodiakak.us\/","name":"Kodiak Island Borough","primary_latitude":"57.33","primary_longitude":"-153.33","state_abbreviation":"AK","state_name":"Alaska"},{"county_name":null,"description":null,"feat_class":"Civil","feature_id":"36562","fips_class":"H1","fips_county_cd":"170","full_county_name":null,"link_title":null,"url":"http:\/\/www.matsugov.us\/","name":"Matanuska-Susitna Borough","primary_latitude":"62.5","primary_longitude":"-150","state_abbreviation":"AK","state_name":"Alaska"},{"county_name":null,"description":null,"feat_class":"Civil","feature_id":"36564","fips_class":"H1","fips_county_cd":"185","full_county_name":null,"link_title":null,"url":"http:\/\/www.north-slope.org\/","name":"North Slope Borough","primary_latitude":"69.25","primary_longitude":"-152","state_abbreviation":"AK","state_name":"Alaska"},{"county_name":null,"description":null,"feat_class":"Civil","feature_id":"36565","fips_class":"H1","fips_county_cd":"188","full_county_name":null,"link_title":null,"url":"http:\/\/www.nwabor.org\/","name":"Northwest Arctic Borough","primary_latitude":"66.83","primary_longitude":"-161","state_abbreviation":"AK","state_name":"Alaska"},{"county_name":null,"description":null,"feat_class":"Civil","feature_id":"36567","fips_class":"H6","fips_county_cd":"220","full_county_name":null,"link_title":null,"url":"http:\/\/www.cityofsitka.com\/","name":"Sitka City and Borough","primary_latitude":"57.1666667","primary_longitude":"-135.3333333","state_abbreviation":"AK","state_name":"Alaska"},{"county_name":null,"description":null,"feat_class":"Civil","feature_id":"36573","fips_class":"H6","fips_county_cd":"282","full_county_name":null,"link_title":null,"url":"http:\/\/www.yakutatak.govoffice2.com\/","name":"Yakutat City and Borough","primary_latitude":"59.6666667","primary_longitude":"-139.1333333","state_abbreviation":"AK","state_name":"Alaska"}]