[{"county_name":null,"description":null,"feat_class":"Civil","feature_id":"36609","fips_class":"H1","fips_county_cd":"69","full_county_name":null,"link_title":null,"url":"http:\/\/www.houstoncounty.org\/","name":"Houston County","primary_latitude":"31.15","primary_longitude":"-85.31","state_abbreviation":"AL","state_name":"Alabama"},{"county_name":null,"description":null,"feat_class":"Civil","feature_id":"36611","fips_class":"H1","fips_county_cd":"73","full_county_name":null,"link_title":null,"url":"http:\/\/www.jeffcointouch.com\/","name":"Jefferson County","primary_latitude":"33.58","primary_longitude":"-86.86","state_abbreviation":"AL","state_name":"Alabama"},{"county_name":null,"description":null,"feat_class":"Civil","feature_id":"36613","fips_class":"H1","fips_county_cd":"77","full_county_name":null,"link_title":null,"url":"http:\/\/lauderdalecountyonline.com\/","name":"Lauderdale County","primary_latitude":"34.9","primary_longitude":"-87.63","state_abbreviation":"AL","state_name":"Alabama"},{"county_name":null,"description":null,"feat_class":"Civil","feature_id":"36615","fips_class":"H1","fips_county_cd":"81","full_county_name":null,"link_title":null,"url":"http:\/\/www.leeco.us\/","name":"Lee County","primary_latitude":"32.6","primary_longitude":"-85.39","state_abbreviation":"AL","state_name":"Alabama"},{"county_name":null,"description":null,"feat_class":"Civil","feature_id":"36616","fips_class":"H1","fips_county_cd":"83","full_county_name":null,"link_title":null,"url":"http:\/\/www.limestonecounty.net\/","name":"Limestone County","primary_latitude":"34.8","primary_longitude":"-86.98","state_abbreviation":"AL","state_name":"Alabama"},{"county_name":null,"description":null,"feat_class":"Civil","feature_id":"36619","fips_class":"H1","fips_county_cd":"89","full_county_name":null,"link_title":null,"url":"http:\/\/www.co.madison.al.us\/","name":"Madison County","primary_latitude":"34.73","primary_longitude":"-86.56","state_abbreviation":"AL","state_name":"Alabama"},{"county_name":null,"description":null,"feat_class":"Civil","feature_id":"36621","fips_class":"H1","fips_county_cd":"93","full_county_name":null,"link_title":null,"url":"http:\/\/www.sonet.net\/marioncounty\/","name":"Marion County","primary_latitude":"34.13","primary_longitude":"-87.86","state_abbreviation":"AL","state_name":"Alabama"},{"county_name":null,"description":null,"feat_class":"Civil","feature_id":"36622","fips_class":"H1","fips_county_cd":"95","full_county_name":null,"link_title":null,"url":"http:\/\/www.marshallco.org\/www\/","name":"Marshall County","primary_latitude":"34.38","primary_longitude":"-86.33","state_abbreviation":"AL","state_name":"Alabama"},{"county_name":null,"description":null,"feat_class":"Civil","feature_id":"36623","fips_class":"H1","fips_county_cd":"97","full_county_name":null,"link_title":null,"url":"http:\/\/www.mobilecountyal.gov\/","name":"Mobile County","primary_latitude":"30.78","primary_longitude":"-88.2","state_abbreviation":"AL","state_name":"Alabama"},{"county_name":null,"description":null,"feat_class":"Civil","feature_id":"36624","fips_class":"H1","fips_county_cd":"99","full_county_name":null,"link_title":null,"url":"http:\/\/www.monroecountyal.com\/","name":"Monroe County","primary_latitude":"31.58","primary_longitude":"-87.33","state_abbreviation":"AL","state_name":"Alabama"},{"county_name":null,"description":null,"feat_class":"Civil","feature_id":"36625","fips_class":"H1","fips_county_cd":"101","full_county_name":null,"link_title":null,"url":"http:\/\/www.mc-ala.org\/","name":"Montgomery County","primary_latitude":"32.23","primary_longitude":"-86.23","state_abbreviation":"AL","state_name":"Alabama"},{"county_name":null,"description":null,"feat_class":"Civil","feature_id":"36626","fips_class":"H1","fips_county_cd":"103","full_county_name":null,"link_title":null,"url":"http:\/\/www.co.morgan.al.us\/","name":"Morgan County","primary_latitude":"34.45","primary_longitude":"-86.85","state_abbreviation":"AL","state_name":"Alabama"},{"county_name":null,"description":null,"feat_class":"Civil","feature_id":"36632","fips_class":"H1","fips_county_cd":"115","full_county_name":null,"link_title":null,"url":"http:\/\/www.stclairco.com\/","name":"Saint Clair County","primary_latitude":"33.75","primary_longitude":"-86.31","state_abbreviation":"AL","state_name":"Alabama"},{"county_name":null,"description":null,"feat_class":"Civil","feature_id":"36633","fips_class":"H1","fips_county_cd":"117","full_county_name":null,"link_title":null,"url":"http:\/\/www.shelbycountyalabama.com\/","name":"Shelby County","primary_latitude":"33.26","primary_longitude":"-86.66","state_abbreviation":"AL","state_name":"Alabama"},{"county_name":null,"description":null,"feat_class":"Civil","feature_id":"36637","fips_class":"H1","fips_county_cd":"125","full_county_name":null,"link_title":null,"url":"http:\/\/www.tuscco.com\/","name":"Tuscaloosa County","primary_latitude":"33.3","primary_longitude":"-87.5","state_abbreviation":"AL","state_name":"Alabama"},{"county_name":null,"description":null,"feat_class":"Civil","feature_id":"36638","fips_class":"H1","fips_county_cd":"127","full_county_name":null,"link_title":null,"url":"http:\/\/www.walkercounty.com\/","name":"Walker County","primary_latitude":"33.8","primary_longitude":"-87.3","state_abbreviation":"AL","state_name":"Alabama"},{"county_name":null,"description":null,"feat_class":"Civil","feature_id":"36575","fips_class":"H1","fips_county_cd":"1","full_county_name":null,"link_title":null,"url":"http:\/\/www.autaugaco.org\/","name":"Autauga County","primary_latitude":"32.53","primary_longitude":"-86.64","state_abbreviation":"AL","state_name":"Alabama"},{"county_name":null,"description":null,"feat_class":"Civil","feature_id":"36576","fips_class":"H1","fips_county_cd":"3","full_county_name":null,"link_title":null,"url":"http:\/\/www.co.baldwin.al.us\/","name":"Baldwin County","primary_latitude":"30.75","primary_longitude":"-87.76","state_abbreviation":"AL","state_name":"Alabama"},{"county_name":null,"description":null,"feat_class":"Civil","feature_id":"36579","fips_class":"H1","fips_county_cd":"9","full_county_name":null,"link_title":null,"url":"http:\/\/www.co.blount.al.us\/","name":"Blount County","primary_latitude":"33.96","primary_longitude":"-86.58","state_abbreviation":"AL","state_name":"Alabama"},{"county_name":null,"description":null,"feat_class":"Civil","feature_id":"36582","fips_class":"H1","fips_county_cd":"15","full_county_name":null,"link_title":null,"url":"http:\/\/www.calhouncounty.org\/","name":"Calhoun County","primary_latitude":"33.75","primary_longitude":"-85.84","state_abbreviation":"AL","state_name":"Alabama"},{"county_name":null,"description":null,"feat_class":"Civil","feature_id":"36583","fips_class":"H1","fips_county_cd":"17","full_county_name":null,"link_title":null,"url":"http:\/\/www.chamberscounty.com\/","name":"Chambers County","primary_latitude":"32.88","primary_longitude":"-85.39","state_abbreviation":"AL","state_name":"Alabama"},{"county_name":null,"description":null,"feat_class":"Civil","feature_id":"36587","fips_class":"H1","fips_county_cd":"25","full_county_name":null,"link_title":null,"url":"http:\/\/www.clarkecountyal.com\/","name":"Clarke County","primary_latitude":"31.68","primary_longitude":"-87.79","state_abbreviation":"AL","state_name":"Alabama"},{"county_name":null,"description":null,"feat_class":"Civil","feature_id":"36591","fips_class":"H1","fips_county_cd":"33","full_county_name":null,"link_title":null,"url":"http:\/\/www.colbertcounty.org\/","name":"Colbert County","primary_latitude":"34.68","primary_longitude":"-87.81","state_abbreviation":"AL","state_name":"Alabama"},{"county_name":null,"description":null,"feat_class":"Civil","feature_id":"36596","fips_class":"H1","fips_county_cd":"43","full_county_name":null,"link_title":null,"url":"http:\/\/www.co.cullman.al.us\/","name":"Cullman County","primary_latitude":"34.13","primary_longitude":"-86.86","state_abbreviation":"AL","state_name":"Alabama"},{"county_name":null,"description":null,"feat_class":"Civil","feature_id":"36600","fips_class":"H1","fips_county_cd":"51","full_county_name":null,"link_title":null,"url":"http:\/\/elmoreco.org\/","name":"Elmore County","primary_latitude":"32.58","primary_longitude":"-86.14","state_abbreviation":"AL","state_name":"Alabama"},{"county_name":null,"description":null,"feat_class":"Civil","feature_id":"36601","fips_class":"H1","fips_county_cd":"53","full_county_name":null,"link_title":null,"url":"http:\/\/www.co.escambia.al.us\/","name":"Escambia County","primary_latitude":"31.15","primary_longitude":"-87.14","state_abbreviation":"AL","state_name":"Alabama"},{"county_name":null,"description":null,"feat_class":"Civil","feature_id":"36602","fips_class":"H1","fips_county_cd":"55","full_county_name":null,"link_title":null,"url":"http:\/\/www.etowahcounty.org\/","name":"Etowah County","primary_latitude":"34.06","primary_longitude":"-86.04","state_abbreviation":"AL","state_name":"Alabama"}]