[{"county_name":null,"description":null,"feat_class":"Civil","feature_id":"36644","fips_class":"H1","fips_county_cd":"5","full_county_name":null,"link_title":null,"url":"http:\/\/www.baxtercounty.org\/","name":"Baxter County","primary_latitude":"36.33","primary_longitude":"-92.36","state_abbreviation":"AR","state_name":"Arkansas"},{"county_name":null,"description":null,"feat_class":"Civil","feature_id":"36645","fips_class":"H1","fips_county_cd":"7","full_county_name":null,"link_title":null,"url":"http:\/\/www.co.benton.ar.us\/","name":"Benton County","primary_latitude":"36.33","primary_longitude":"-94.33","state_abbreviation":"AR","state_name":"Arkansas"},{"county_name":null,"description":null,"feat_class":"Civil","feature_id":"36651","fips_class":"H1","fips_county_cd":"19","full_county_name":null,"link_title":null,"url":"http:\/\/www.clarkcountyarkansas.com\/","name":"Clark County","primary_latitude":"34.05","primary_longitude":"-93.16","state_abbreviation":"AR","state_name":"Arkansas"},{"county_name":null,"description":null,"feat_class":"Civil","feature_id":"36657","fips_class":"H1","fips_county_cd":"31","full_county_name":null,"link_title":null,"url":"http:\/\/www.craigheadcounty.org\/","name":"Craighead County","primary_latitude":"35.81","primary_longitude":"-90.65","state_abbreviation":"AR","state_name":"Arkansas"},{"county_name":null,"description":null,"feat_class":"Civil","feature_id":"36658","fips_class":"H1","fips_county_cd":"33","full_county_name":null,"link_title":null,"url":"http:\/\/www.crawford-county.org\/","name":"Crawford County","primary_latitude":"35.58","primary_longitude":"-94.23","state_abbreviation":"AR","state_name":"Arkansas"},{"county_name":null,"description":null,"feat_class":"Civil","feature_id":"36667","fips_class":"H1","fips_county_cd":"51","full_county_name":null,"link_title":null,"url":"http:\/\/www.garlandcounty.org\/","name":"Garland County","primary_latitude":"34.56","primary_longitude":"-93.15","state_abbreviation":"AR","state_name":"Arkansas"},{"county_name":null,"description":null,"feat_class":"Civil","feature_id":"36675","fips_class":"H1","fips_county_cd":"67","full_county_name":null,"link_title":null,"url":"http:\/\/www.jacksoncountyar.org\/","name":"Jackson County","primary_latitude":"35.6","primary_longitude":"-91.2","state_abbreviation":"AR","state_name":"Arkansas"},{"county_name":null,"description":null,"feat_class":"Civil","feature_id":"36676","fips_class":"H1","fips_county_cd":"69","full_county_name":null,"link_title":null,"url":"http:\/\/www.jeffersoncountyar.gov\/","name":"Jefferson County","primary_latitude":"34.23","primary_longitude":"-91.9","state_abbreviation":"AR","state_name":"Arkansas"},{"county_name":null,"description":null,"feat_class":"Civil","feature_id":"36688","fips_class":"H1","fips_county_cd":"93","full_county_name":null,"link_title":null,"url":"http:\/\/www.mcagov.com\/","name":"Mississippi County","primary_latitude":"35.76","primary_longitude":"-90.05","state_abbreviation":"AR","state_name":"Arkansas"},{"county_name":null,"description":null,"feat_class":"Civil","feature_id":"36691","fips_class":"H1","fips_county_cd":"99","full_county_name":null,"link_title":null,"url":"http:\/\/co.nevada.ar.us\/","name":"Nevada County","primary_latitude":"33.65","primary_longitude":"-93.33","state_abbreviation":"AR","state_name":"Arkansas"},{"county_name":null,"description":null,"feat_class":"Civil","feature_id":"36697","fips_class":"H1","fips_county_cd":"111","full_county_name":null,"link_title":null,"url":"http:\/\/www.poinsettcounty.us\/","name":"Poinsett County","primary_latitude":"35.56","primary_longitude":"-90.65","state_abbreviation":"AR","state_name":"Arkansas"},{"county_name":null,"description":null,"feat_class":"Civil","feature_id":"36701","fips_class":"H1","fips_county_cd":"119","full_county_name":null,"link_title":null,"url":"http:\/\/www.co.pulaski.ar.us\/","name":"Pulaski County","primary_latitude":"34.76","primary_longitude":"-92.3","state_abbreviation":"AR","state_name":"Arkansas"},{"county_name":null,"description":null,"feat_class":"Civil","feature_id":"36704","fips_class":"H1","fips_county_cd":"125","full_county_name":null,"link_title":null,"url":"http:\/\/www.salinecounty.org\/","name":"Saline County","primary_latitude":"34.65","primary_longitude":"-92.68","state_abbreviation":"AR","state_name":"Arkansas"},{"county_name":null,"description":null,"feat_class":"Civil","feature_id":"36707","fips_class":"H1","fips_county_cd":"131","full_county_name":null,"link_title":null,"url":"http:\/\/www.sebastiancountyonline.com\/","name":"Sebastian County","primary_latitude":"35.16","primary_longitude":"-94.26","state_abbreviation":"AR","state_name":"Arkansas"},{"county_name":null,"description":null,"feat_class":"Civil","feature_id":"36708","fips_class":"H1","fips_county_cd":"133","full_county_name":null,"link_title":null,"url":"http:\/\/www.seviercounty-ar.gov\/","name":"Sevier County","primary_latitude":"33.98","primary_longitude":"-94.25","state_abbreviation":"AR","state_name":"Arkansas"},{"county_name":null,"description":null,"feat_class":"Civil","feature_id":"36709","fips_class":"H1","fips_county_cd":"135","full_county_name":null,"link_title":null,"url":"http:\/\/www.sharpcounty.org\/","name":"Sharp County","primary_latitude":"36.15","primary_longitude":"-91.51","state_abbreviation":"AR","state_name":"Arkansas"},{"county_name":null,"description":null,"feat_class":"Civil","feature_id":"36713","fips_class":"H1","fips_county_cd":"143","full_county_name":null,"link_title":null,"url":"http:\/\/www.co.washington.ar.us\/","name":"Washington County","primary_latitude":"35.96","primary_longitude":"-94.23","state_abbreviation":"AR","state_name":"Arkansas"},{"county_name":null,"description":null,"feat_class":"Civil","feature_id":"36714","fips_class":"H1","fips_county_cd":"145","full_county_name":null,"link_title":null,"url":"http:\/\/www.whitecountyar.org\/","name":"White County","primary_latitude":"35.25","primary_longitude":"-91.73","state_abbreviation":"AR","state_name":"Arkansas"}]