[{"county_name":null,"description":null,"feat_class":"Civil","feature_id":"36732","fips_class":"H1","fips_county_cd":"1","full_county_name":null,"link_title":null,"url":"http:\/\/www.acgov.org\/","name":"Alameda County","primary_latitude":"37.59","primary_longitude":"-121.88","state_abbreviation":"CA","state_name":"California"},{"county_name":null,"description":null,"feat_class":"Civil","feature_id":"36733","fips_class":"H1","fips_county_cd":"3","full_county_name":null,"link_title":null,"url":"http:\/\/www.alpinecountyca.gov\/","name":"Alpine County","primary_latitude":"38.59","primary_longitude":"-119.8","state_abbreviation":"CA","state_name":"California"},{"county_name":null,"description":null,"feat_class":"Civil","feature_id":"36734","fips_class":"H1","fips_county_cd":"5","full_county_name":null,"link_title":null,"url":"http:\/\/www.co.amador.ca.us\/","name":"Amador County","primary_latitude":"38.44","primary_longitude":"-120.65","state_abbreviation":"CA","state_name":"California"},{"county_name":null,"description":null,"feat_class":"Civil","feature_id":"36735","fips_class":"H1","fips_county_cd":"7","full_county_name":null,"link_title":null,"url":"http:\/\/www.buttecounty.net\/","name":"Butte County","primary_latitude":"39.64","primary_longitude":"-121.56","state_abbreviation":"CA","state_name":"California"},{"county_name":null,"description":null,"feat_class":"Civil","feature_id":"36736","fips_class":"H1","fips_county_cd":"9","full_county_name":null,"link_title":null,"url":"http:\/\/www.co.calaveras.ca.us\/","name":"Calaveras County","primary_latitude":"38.16","primary_longitude":"-120.58","state_abbreviation":"CA","state_name":"California"},{"county_name":null,"description":null,"feat_class":"Civil","feature_id":"36737","fips_class":"H1","fips_county_cd":"11","full_county_name":null,"link_title":null,"url":"http:\/\/www.colusacountyclerk.com\/","name":"Colusa County","primary_latitude":"39.18","primary_longitude":"-122.26","state_abbreviation":"CA","state_name":"California"},{"county_name":null,"description":null,"feat_class":"Civil","feature_id":"36738","fips_class":"H1","fips_county_cd":"13","full_county_name":null,"link_title":null,"url":"http:\/\/www.co.contra-costa.ca.us\/","name":"Contra Costa County","primary_latitude":"37.93","primary_longitude":"-121.93","state_abbreviation":"CA","state_name":"California"},{"county_name":null,"description":null,"feat_class":"Civil","feature_id":"36739","fips_class":"H1","fips_county_cd":"15","full_county_name":null,"link_title":null,"url":"http:\/\/www.co.del-norte.ca.us\/","name":"Del Norte County","primary_latitude":"41.69","primary_longitude":"-123.9","state_abbreviation":"CA","state_name":"California"},{"county_name":null,"description":null,"feat_class":"Civil","feature_id":"36740","fips_class":"H1","fips_county_cd":"17","full_county_name":null,"link_title":null,"url":"http:\/\/www.co.el-dorado.ca.us\/","name":"El Dorado County","primary_latitude":"38.76","primary_longitude":"-120.51","state_abbreviation":"CA","state_name":"California"},{"county_name":null,"description":null,"feat_class":"Civil","feature_id":"36741","fips_class":"H1","fips_county_cd":"19","full_county_name":null,"link_title":null,"url":"http:\/\/www.co.fresno.ca.us\/","name":"Fresno County","primary_latitude":"36.66","primary_longitude":"-119.83","state_abbreviation":"CA","state_name":"California"},{"county_name":null,"description":null,"feat_class":"Civil","feature_id":"36742","fips_class":"H1","fips_county_cd":"21","full_county_name":null,"link_title":null,"url":"http:\/\/www.countyofglenn.net\/","name":"Glenn County","primary_latitude":"39.59","primary_longitude":"-122.43","state_abbreviation":"CA","state_name":"California"},{"county_name":null,"description":null,"feat_class":"Civil","feature_id":"36743","fips_class":"H1","fips_county_cd":"23","full_county_name":null,"link_title":null,"url":"http:\/\/www.co.humboldt.ca.us\/","name":"Humboldt County","primary_latitude":"40.66","primary_longitude":"-123.91","state_abbreviation":"CA","state_name":"California"},{"county_name":null,"description":null,"feat_class":"Civil","feature_id":"36744","fips_class":"H1","fips_county_cd":"25","full_county_name":null,"link_title":null,"url":"http:\/\/www.co.imperial.ca.us\/","name":"Imperial County","primary_latitude":"33.03","primary_longitude":"-115.41","state_abbreviation":"CA","state_name":"California"},{"county_name":null,"description":null,"feat_class":"Civil","feature_id":"36745","fips_class":"H1","fips_county_cd":"27","full_county_name":null,"link_title":null,"url":"http:\/\/www.countyofinyo.org\/","name":"Inyo County","primary_latitude":"36.58","primary_longitude":"-117.41","state_abbreviation":"CA","state_name":"California"},{"county_name":null,"description":null,"feat_class":"Civil","feature_id":"36746","fips_class":"H1","fips_county_cd":"29","full_county_name":null,"link_title":null,"url":"http:\/\/www.co.kern.ca.us\/","name":"Kern County","primary_latitude":"35.29","primary_longitude":"-118.66","state_abbreviation":"CA","state_name":"California"},{"county_name":null,"description":null,"feat_class":"Civil","feature_id":"36747","fips_class":"H1","fips_county_cd":"31","full_county_name":null,"link_title":null,"url":"http:\/\/www.countyofkings.com\/","name":"Kings County","primary_latitude":"36.03","primary_longitude":"-119.83","state_abbreviation":"CA","state_name":"California"},{"county_name":null,"description":null,"feat_class":"Civil","feature_id":"36748","fips_class":"H1","fips_county_cd":"33","full_county_name":null,"link_title":null,"url":"http:\/\/www.co.lake.ca.us\/","name":"Lake County","primary_latitude":"39.09","primary_longitude":"-122.78","state_abbreviation":"CA","state_name":"California"},{"county_name":null,"description":null,"feat_class":"Civil","feature_id":"36749","fips_class":"H1","fips_county_cd":"35","full_county_name":null,"link_title":null,"url":"http:\/\/www.co.lassen.ca.us\/","name":"Lassen County","primary_latitude":"40.66","primary_longitude":"-120.58","state_abbreviation":"CA","state_name":"California"},{"county_name":null,"description":null,"feat_class":"Civil","feature_id":"36750","fips_class":"H1","fips_county_cd":"37","full_county_name":null,"link_title":null,"url":"http:\/\/lacounty.info\/","name":"Los Angeles County","primary_latitude":"34.36","primary_longitude":"-118.2","state_abbreviation":"CA","state_name":"California"},{"county_name":null,"description":null,"feat_class":"Civil","feature_id":"36751","fips_class":"H1","fips_county_cd":"39","full_county_name":null,"link_title":null,"url":"http:\/\/www.madera-county.com\/","name":"Madera County","primary_latitude":"37.16","primary_longitude":"-119.83","state_abbreviation":"CA","state_name":"California"},{"county_name":null,"description":null,"feat_class":"Civil","feature_id":"36752","fips_class":"H1","fips_county_cd":"41","full_county_name":null,"link_title":null,"url":"http:\/\/www.co.marin.ca.us\/","name":"Marin County","primary_latitude":"38.06","primary_longitude":"-122.73","state_abbreviation":"CA","state_name":"California"},{"county_name":null,"description":null,"feat_class":"Civil","feature_id":"36753","fips_class":"H1","fips_county_cd":"43","full_county_name":null,"link_title":null,"url":"http:\/\/www.mariposacounty.org\/","name":"Mariposa County","primary_latitude":"37.54","primary_longitude":"-119.9","state_abbreviation":"CA","state_name":"California"},{"county_name":null,"description":null,"feat_class":"Civil","feature_id":"36754","fips_class":"H1","fips_county_cd":"45","full_county_name":null,"link_title":null,"url":"http:\/\/www.co.mendocino.ca.us\/","name":"Mendocino County","primary_latitude":"39.41","primary_longitude":"-123.41","state_abbreviation":"CA","state_name":"California"},{"county_name":null,"description":null,"feat_class":"Civil","feature_id":"36755","fips_class":"H1","fips_county_cd":"47","full_county_name":null,"link_title":null,"url":"http:\/\/www.co.merced.ca.us\/","name":"Merced County","primary_latitude":"37.16","primary_longitude":"-120.75","state_abbreviation":"CA","state_name":"California"},{"county_name":null,"description":null,"feat_class":"Civil","feature_id":"36756","fips_class":"H1","fips_county_cd":"49","full_county_name":null,"link_title":null,"url":"http:\/\/www.modoccounty.us\/","name":"Modoc County","primary_latitude":"41.56","primary_longitude":"-120.73","state_abbreviation":"CA","state_name":"California"},{"county_name":null,"description":null,"feat_class":"Civil","feature_id":"36757","fips_class":"H1","fips_county_cd":"51","full_county_name":null,"link_title":null,"url":"http:\/\/www.monocounty.ca.gov\/","name":"Mono County","primary_latitude":"37.91","primary_longitude":"-118.86","state_abbreviation":"CA","state_name":"California"},{"county_name":null,"description":null,"feat_class":"Civil","feature_id":"36758","fips_class":"H1","fips_county_cd":"53","full_county_name":null,"link_title":null,"url":"http:\/\/www.co.monterey.ca.us\/","name":"Monterey County","primary_latitude":"36.25","primary_longitude":"-121.25","state_abbreviation":"CA","state_name":"California"},{"county_name":null,"description":null,"feat_class":"Civil","feature_id":"36759","fips_class":"H1","fips_county_cd":"55","full_county_name":null,"link_title":null,"url":"http:\/\/www.co.napa.ca.us\/","name":"Napa County","primary_latitude":"38.48","primary_longitude":"-122.33","state_abbreviation":"CA","state_name":"California"},{"county_name":null,"description":null,"feat_class":"Civil","feature_id":"36760","fips_class":"H1","fips_county_cd":"57","full_county_name":null,"link_title":null,"url":"http:\/\/www.mynevadacounty.com\/","name":"Nevada County","primary_latitude":"39.34","primary_longitude":"-120.88","state_abbreviation":"CA","state_name":"California"},{"county_name":null,"description":null,"feat_class":"Civil","feature_id":"36761","fips_class":"H1","fips_county_cd":"59","full_county_name":null,"link_title":null,"url":"http:\/\/egov.ocgov.com","name":"Orange County","primary_latitude":"33.7","primary_longitude":"-117.76","state_abbreviation":"CA","state_name":"California"},{"county_name":null,"description":null,"feat_class":"Civil","feature_id":"36762","fips_class":"H1","fips_county_cd":"61","full_county_name":null,"link_title":null,"url":"http:\/\/www.placer.ca.gov\/","name":"Placer County","primary_latitude":"39.06","primary_longitude":"-120.76","state_abbreviation":"CA","state_name":"California"},{"county_name":null,"description":null,"feat_class":"Civil","feature_id":"36763","fips_class":"H1","fips_county_cd":"63","full_county_name":null,"link_title":null,"url":"http:\/\/www.countyofplumas.com\/","name":"Plumas County","primary_latitude":"39.98","primary_longitude":"-120.86","state_abbreviation":"CA","state_name":"California"},{"county_name":null,"description":null,"feat_class":"Civil","feature_id":"36764","fips_class":"H1","fips_county_cd":"65","full_county_name":null,"link_title":null,"url":"http:\/\/www.countyofriverside.us\/","name":"Riverside County","primary_latitude":"33.73","primary_longitude":"-116.05","state_abbreviation":"CA","state_name":"California"},{"county_name":null,"description":null,"feat_class":"Civil","feature_id":"36765","fips_class":"H1","fips_county_cd":"67","full_county_name":null,"link_title":null,"url":"http:\/\/www.saccounty.net\/","name":"Sacramento County","primary_latitude":"38.46","primary_longitude":"-121.31","state_abbreviation":"CA","state_name":"California"},{"county_name":null,"description":null,"feat_class":"Civil","feature_id":"36766","fips_class":"H1","fips_county_cd":"69","full_county_name":null,"link_title":null,"url":"http:\/\/www.san-benito.ca.us\/","name":"San Benito County","primary_latitude":"36.61","primary_longitude":"-121.08","state_abbreviation":"CA","state_name":"California"},{"county_name":null,"description":null,"feat_class":"Civil","feature_id":"36767","fips_class":"H1","fips_county_cd":"71","full_county_name":null,"link_title":null,"url":"http:\/\/www.co.san-bernardino.ca.us\/","name":"San Bernardino County","primary_latitude":"34.66","primary_longitude":"-116.16","state_abbreviation":"CA","state_name":"California"},{"county_name":null,"description":null,"feat_class":"Civil","feature_id":"36768","fips_class":"H1","fips_county_cd":"73","full_county_name":null,"link_title":null,"url":"http:\/\/www.sdcounty.ca.gov\/","name":"San Diego County","primary_latitude":"33.03","primary_longitude":"-116.8","state_abbreviation":"CA","state_name":"California"},{"county_name":null,"description":null,"feat_class":"Civil","feature_id":"36769","fips_class":"H6","fips_county_cd":"75","full_county_name":null,"link_title":null,"url":"http:\/\/www.sfgov.org\/","name":"San Francisco County","primary_latitude":"37.7665967","primary_longitude":"-122.4510824","state_abbreviation":"CA","state_name":"California"},{"county_name":null,"description":null,"feat_class":"Civil","feature_id":"36770","fips_class":"H1","fips_county_cd":"77","full_county_name":null,"link_title":null,"url":"http:\/\/www.sjgov.org\/","name":"San Joaquin County","primary_latitude":"37.93","primary_longitude":"-121.3","state_abbreviation":"CA","state_name":"California"},{"county_name":null,"description":null,"feat_class":"Civil","feature_id":"36771","fips_class":"H1","fips_county_cd":"79","full_county_name":null,"link_title":null,"url":"http:\/\/www.slocounty.ca.gov\/","name":"San Luis Obispo County","primary_latitude":"35.36","primary_longitude":"-120.53","state_abbreviation":"CA","state_name":"California"},{"county_name":null,"description":null,"feat_class":"Civil","feature_id":"36772","fips_class":"H1","fips_county_cd":"81","full_county_name":null,"link_title":null,"url":"http:\/\/www.co.sanmateo.ca.us\/","name":"San Mateo County","primary_latitude":"37.44","primary_longitude":"-122.35","state_abbreviation":"CA","state_name":"California"},{"county_name":null,"description":null,"feat_class":"Civil","feature_id":"36773","fips_class":"H1","fips_county_cd":"83","full_county_name":null,"link_title":null,"url":"http:\/\/www.countyofsb.org\/","name":"Santa Barbara County","primary_latitude":"34.73","primary_longitude":"-120.03","state_abbreviation":"CA","state_name":"California"},{"county_name":null,"description":null,"feat_class":"Civil","feature_id":"36774","fips_class":"H1","fips_county_cd":"85","full_county_name":null,"link_title":null,"url":"http:\/\/www.sccgov.org\/","name":"Santa Clara County","primary_latitude":"37.23","primary_longitude":"-121.76","state_abbreviation":"CA","state_name":"California"},{"county_name":null,"description":null,"feat_class":"Civil","feature_id":"36775","fips_class":"H1","fips_county_cd":"87","full_county_name":null,"link_title":null,"url":"http:\/\/www.co.santa-cruz.ca.us\/","name":"Santa Cruz County","primary_latitude":"37.06","primary_longitude":"-122.05","state_abbreviation":"CA","state_name":"California"},{"county_name":null,"description":null,"feat_class":"Civil","feature_id":"36776","fips_class":"H1","fips_county_cd":"89","full_county_name":null,"link_title":null,"url":"http:\/\/www.co.shasta.ca.us\/","name":"Shasta County","primary_latitude":"40.76","primary_longitude":"-122.03","state_abbreviation":"CA","state_name":"California"},{"county_name":null,"description":null,"feat_class":"Civil","feature_id":"36777","fips_class":"H1","fips_county_cd":"91","full_county_name":null,"link_title":null,"url":"http:\/\/www.sierracounty.ws\/","name":"Sierra County","primary_latitude":"39.58","primary_longitude":"-120.55","state_abbreviation":"CA","state_name":"California"},{"county_name":null,"description":null,"feat_class":"Civil","feature_id":"36778","fips_class":"H1","fips_county_cd":"93","full_county_name":null,"link_title":null,"url":"http:\/\/www.co.siskiyou.ca.us\/","name":"Siskiyou County","primary_latitude":"41.58","primary_longitude":"-122.51","state_abbreviation":"CA","state_name":"California"},{"county_name":null,"description":null,"feat_class":"Civil","feature_id":"36779","fips_class":"H1","fips_county_cd":"95","full_county_name":null,"link_title":null,"url":"http:\/\/www.co.solano.ca.us\/","name":"Solano County","primary_latitude":"38.23","primary_longitude":"-121.95","state_abbreviation":"CA","state_name":"California"},{"county_name":null,"description":null,"feat_class":"Civil","feature_id":"36780","fips_class":"H1","fips_county_cd":"97","full_county_name":null,"link_title":null,"url":"http:\/\/www.sonoma-county.org\/","name":"Sonoma County","primary_latitude":"38.55","primary_longitude":"-122.9","state_abbreviation":"CA","state_name":"California"},{"county_name":null,"description":null,"feat_class":"Civil","feature_id":"36781","fips_class":"H1","fips_county_cd":"99","full_county_name":null,"link_title":null,"url":"http:\/\/www.co.stanislaus.ca.us\/","name":"Stanislaus County","primary_latitude":"37.54","primary_longitude":"-121","state_abbreviation":"CA","state_name":"California"},{"county_name":null,"description":null,"feat_class":"Civil","feature_id":"36782","fips_class":"H1","fips_county_cd":"101","full_county_name":null,"link_title":null,"url":"http:\/\/www.co.sutter.ca.us\/","name":"Sutter County","primary_latitude":"39.01","primary_longitude":"-121.7","state_abbreviation":"CA","state_name":"California"},{"county_name":null,"description":null,"feat_class":"Civil","feature_id":"36783","fips_class":"H1","fips_county_cd":"103","full_county_name":null,"link_title":null,"url":"http:\/\/co.tehama.ca.us\/","name":"Tehama County","primary_latitude":"40.13","primary_longitude":"-122.3","state_abbreviation":"CA","state_name":"California"},{"county_name":null,"description":null,"feat_class":"Civil","feature_id":"36784","fips_class":"H1","fips_county_cd":"105","full_county_name":null,"link_title":null,"url":"http:\/\/www.trinitycounty.org\/","name":"Trinity County","primary_latitude":"40.58","primary_longitude":"-123.16","state_abbreviation":"CA","state_name":"California"},{"county_name":null,"description":null,"feat_class":"Civil","feature_id":"36785","fips_class":"H1","fips_county_cd":"107","full_county_name":null,"link_title":null,"url":"http:\/\/www.co.tulare.ca.us\/","name":"Tulare County","primary_latitude":"36.26","primary_longitude":"-118.8","state_abbreviation":"CA","state_name":"California"},{"county_name":null,"description":null,"feat_class":"Civil","feature_id":"36786","fips_class":"H1","fips_county_cd":"109","full_county_name":null,"link_title":null,"url":"http:\/\/www.tuolumnecounty.ca.gov\/","name":"Tuolumne County","primary_latitude":"38.06","primary_longitude":"-119.9","state_abbreviation":"CA","state_name":"California"},{"county_name":null,"description":null,"feat_class":"Civil","feature_id":"36787","fips_class":"H1","fips_county_cd":"111","full_county_name":null,"link_title":null,"url":"http:\/\/www.countyofventura.org\/","name":"Ventura County","primary_latitude":"34.46","primary_longitude":"-119.01","state_abbreviation":"CA","state_name":"California"},{"county_name":null,"description":null,"feat_class":"Civil","feature_id":"36788","fips_class":"H1","fips_county_cd":"113","full_county_name":null,"link_title":null,"url":"http:\/\/www.yolocounty.org\/","name":"Yolo County","primary_latitude":"38.69","primary_longitude":"-121.88","state_abbreviation":"CA","state_name":"California"},{"county_name":null,"description":null,"feat_class":"Civil","feature_id":"36789","fips_class":"H1","fips_county_cd":"115","full_county_name":null,"link_title":null,"url":"http:\/\/www.co.yuba.ca.us\/","name":"Yuba County","primary_latitude":"39.28","primary_longitude":"-121.4","state_abbreviation":"CA","state_name":"California"}]