[{"county_name":null,"description":null,"feat_class":"Civil","feature_id":"36790","fips_class":"H1","fips_county_cd":"1","full_county_name":null,"link_title":null,"url":"http:\/\/www.co.adams.co.us\/","name":"Adams County","primary_latitude":"39.86","primary_longitude":"-104.38","state_abbreviation":"CO","state_name":"Colorado"},{"county_name":null,"description":null,"feat_class":"Civil","feature_id":"36792","fips_class":"H1","fips_county_cd":"5","full_county_name":null,"link_title":null,"url":"http:\/\/www.co.arapahoe.co.us\/","name":"Arapahoe County","primary_latitude":"39.64","primary_longitude":"-104.38","state_abbreviation":"CO","state_name":"Colorado"},{"county_name":null,"description":null,"feat_class":"Civil","feature_id":"36793","fips_class":"H1","fips_county_cd":"7","full_county_name":null,"link_title":null,"url":"http:\/\/www.archuletacounty.org\/","name":"Archuleta County","primary_latitude":"37.18","primary_longitude":"-107.03","state_abbreviation":"CO","state_name":"Colorado"},{"county_name":null,"description":null,"feat_class":"Civil","feature_id":"36796","fips_class":"H1","fips_county_cd":"13","full_county_name":null,"link_title":null,"url":"http:\/\/www.bouldercounty.org\/","name":"Boulder County","primary_latitude":"40.08","primary_longitude":"-105.35","state_abbreviation":"CO","state_name":"Colorado"},{"county_name":null,"description":null,"feat_class":"Civil","feature_id":"36797","fips_class":"H6","fips_county_cd":"14","full_county_name":null,"link_title":null,"url":"http:\/\/www.ci.broomfield.co.us\/","name":"Broomfield County","primary_latitude":"39.9205411","primary_longitude":"-105.0866504","state_abbreviation":"CO","state_name":"Colorado"},{"county_name":null,"description":null,"feat_class":"Civil","feature_id":"36798","fips_class":"H1","fips_county_cd":"15","full_county_name":null,"link_title":null,"url":"http:\/\/www.chaffeecounty.org\/","name":"Chaffee County","primary_latitude":"38.76","primary_longitude":"-106.18","state_abbreviation":"CO","state_name":"Colorado"},{"county_name":null,"description":null,"feat_class":"Civil","feature_id":"36800","fips_class":"H1","fips_county_cd":"19","full_county_name":null,"link_title":null,"url":"http:\/\/www.co.clear-creek.co.us\/","name":"Clear Creek County","primary_latitude":"39.68","primary_longitude":"-105.65","state_abbreviation":"CO","state_name":"Colorado"},{"county_name":null,"description":null,"feat_class":"Civil","feature_id":"36805","fips_class":"H1","fips_county_cd":"29","full_county_name":null,"link_title":null,"url":"http:\/\/www.deltacounty.com\/","name":"Delta County","primary_latitude":"38.84","primary_longitude":"-107.85","state_abbreviation":"CO","state_name":"Colorado"},{"county_name":null,"description":null,"feat_class":"Civil","feature_id":"36806","fips_class":"H6","fips_county_cd":"31","full_county_name":null,"link_title":null,"url":"http:\/\/www.denvergov.org\/","name":"Denver County","primary_latitude":"39.6666542","primary_longitude":"-104.9505359","state_abbreviation":"CO","state_name":"Colorado"},{"county_name":null,"description":null,"feat_class":"Civil","feature_id":"36808","fips_class":"H1","fips_county_cd":"35","full_county_name":null,"link_title":null,"url":"http:\/\/www.douglas.co.us\/","name":"Douglas County","primary_latitude":"39.33","primary_longitude":"-104.95","state_abbreviation":"CO","state_name":"Colorado"},{"county_name":null,"description":null,"feat_class":"Civil","feature_id":"36809","fips_class":"H1","fips_county_cd":"37","full_county_name":null,"link_title":null,"url":"http:\/\/www.eaglecounty.us\/","name":"Eagle County","primary_latitude":"39.63","primary_longitude":"-106.7","state_abbreviation":"CO","state_name":"Colorado"},{"county_name":null,"description":null,"feat_class":"Civil","feature_id":"36810","fips_class":"H1","fips_county_cd":"41","full_county_name":null,"link_title":null,"url":"http:\/\/www.elpasoco.com\/","name":"El Paso County","primary_latitude":"38.83","primary_longitude":"-104.51","state_abbreviation":"CO","state_name":"Colorado"},{"county_name":null,"description":null,"feat_class":"Civil","feature_id":"36811","fips_class":"H1","fips_county_cd":"39","full_county_name":null,"link_title":null,"url":"http:\/\/www.elbertcounty-co.gov\/","name":"Elbert County","primary_latitude":"39.29","primary_longitude":"-104.05","state_abbreviation":"CO","state_name":"Colorado"},{"county_name":null,"description":null,"feat_class":"Civil","feature_id":"36812","fips_class":"H1","fips_county_cd":"43","full_county_name":null,"link_title":null,"url":"http:\/\/www.fremontco.com\/","name":"Fremont County","primary_latitude":"38.48","primary_longitude":"-105.4","state_abbreviation":"CO","state_name":"Colorado"},{"county_name":null,"description":null,"feat_class":"Civil","feature_id":"36813","fips_class":"H1","fips_county_cd":"45","full_county_name":null,"link_title":null,"url":"http:\/\/www.garfield-county.com\/","name":"Garfield County","primary_latitude":"39.54","primary_longitude":"-107.83","state_abbreviation":"CO","state_name":"Colorado"},{"county_name":null,"description":null,"feat_class":"Civil","feature_id":"36814","fips_class":"H1","fips_county_cd":"47","full_county_name":null,"link_title":null,"url":"http:\/\/www.co.gilpin.co.us\/","name":"Gilpin County","primary_latitude":"39.84","primary_longitude":"-105.51","state_abbreviation":"CO","state_name":"Colorado"},{"county_name":null,"description":null,"feat_class":"Civil","feature_id":"36815","fips_class":"H1","fips_county_cd":"49","full_county_name":null,"link_title":null,"url":"http:\/\/co.grand.co.us\/","name":"Grand County","primary_latitude":"40.06","primary_longitude":"-106.08","state_abbreviation":"CO","state_name":"Colorado"},{"county_name":null,"description":null,"feat_class":"Civil","feature_id":"36816","fips_class":"H1","fips_county_cd":"51","full_county_name":null,"link_title":null,"url":"http:\/\/www.co.gunnison.co.us\/","name":"Gunnison County","primary_latitude":"38.69","primary_longitude":"-107.06","state_abbreviation":"CO","state_name":"Colorado"},{"county_name":null,"description":null,"feat_class":"Civil","feature_id":"36817","fips_class":"H1","fips_county_cd":"53","full_county_name":null,"link_title":null,"url":"http:\/\/www.hinsdalecountycolorado.us\/","name":"Hinsdale County","primary_latitude":"37.84","primary_longitude":"-107.33","state_abbreviation":"CO","state_name":"Colorado"},{"county_name":null,"description":null,"feat_class":"Civil","feature_id":"36820","fips_class":"H1","fips_county_cd":"59","full_county_name":null,"link_title":null,"url":"http:\/\/www.co.jefferson.co.us\/","name":"Jefferson County","primary_latitude":"39.63","primary_longitude":"-105.26","state_abbreviation":"CO","state_name":"Colorado"},{"county_name":null,"description":null,"feat_class":"Civil","feature_id":"36822","fips_class":"H1","fips_county_cd":"63","full_county_name":null,"link_title":null,"url":"http:\/\/www.kitcarsoncounty.org\/","name":"Kit Carson County","primary_latitude":"39.29","primary_longitude":"-102.56","state_abbreviation":"CO","state_name":"Colorado"},{"county_name":null,"description":null,"feat_class":"Civil","feature_id":"36823","fips_class":"H1","fips_county_cd":"67","full_county_name":null,"link_title":null,"url":"http:\/\/co.laplata.co.us\/","name":"La Plata County","primary_latitude":"37.28","primary_longitude":"-107.81","state_abbreviation":"CO","state_name":"Colorado"},{"county_name":null,"description":null,"feat_class":"Civil","feature_id":"36825","fips_class":"H1","fips_county_cd":"69","full_county_name":null,"link_title":null,"url":"http:\/\/www.co.larimer.co.us\/","name":"Larimer County","primary_latitude":"40.66","primary_longitude":"-105.46","state_abbreviation":"CO","state_name":"Colorado"},{"county_name":null,"description":null,"feat_class":"Civil","feature_id":"36828","fips_class":"H1","fips_county_cd":"75","full_county_name":null,"link_title":null,"url":"http:\/\/www.logancountyco.gov\/","name":"Logan County","primary_latitude":"40.71","primary_longitude":"-103.11","state_abbreviation":"CO","state_name":"Colorado"},{"county_name":null,"description":null,"feat_class":"Civil","feature_id":"36829","fips_class":"H1","fips_county_cd":"77","full_county_name":null,"link_title":null,"url":"http:\/\/www.mesacounty.us\/","name":"Mesa County","primary_latitude":"39.03","primary_longitude":"-108.46","state_abbreviation":"CO","state_name":"Colorado"},{"county_name":null,"description":null,"feat_class":"Civil","feature_id":"36831","fips_class":"H1","fips_county_cd":"81","full_county_name":null,"link_title":null,"url":"http:\/\/www.co.moffat.co.us\/","name":"Moffat County","primary_latitude":"40.64","primary_longitude":"-108.08","state_abbreviation":"CO","state_name":"Colorado"},{"county_name":null,"description":null,"feat_class":"Civil","feature_id":"36832","fips_class":"H1","fips_county_cd":"83","full_county_name":null,"link_title":null,"url":"http:\/\/www.co.montezuma.co.us\/","name":"Montezuma County","primary_latitude":"37.33","primary_longitude":"-108.55","state_abbreviation":"CO","state_name":"Colorado"},{"county_name":null,"description":null,"feat_class":"Civil","feature_id":"36833","fips_class":"H1","fips_county_cd":"85","full_county_name":null,"link_title":null,"url":"http:\/\/www.co.montrose.co.us\/","name":"Montrose County","primary_latitude":"38.41","primary_longitude":"-108.26","state_abbreviation":"CO","state_name":"Colorado"},{"county_name":null,"description":null,"feat_class":"Civil","feature_id":"36836","fips_class":"H1","fips_county_cd":"91","full_county_name":null,"link_title":null,"url":"http:\/\/www.ouraycountyco.gov\/","name":"Ouray County","primary_latitude":"38.14","primary_longitude":"-107.76","state_abbreviation":"CO","state_name":"Colorado"},{"county_name":null,"description":null,"feat_class":"Civil","feature_id":"36837","fips_class":"H1","fips_county_cd":"93","full_county_name":null,"link_title":null,"url":"http:\/\/www.parkco.us\/","name":"Park County","primary_latitude":"39.14","primary_longitude":"-105.76","state_abbreviation":"CO","state_name":"Colorado"},{"county_name":null,"description":null,"feat_class":"Civil","feature_id":"36839","fips_class":"H1","fips_county_cd":"97","full_county_name":null,"link_title":null,"url":"http:\/\/www.aspenpitkin.com\/","name":"Pitkin County","primary_latitude":"39.19","primary_longitude":"-106.93","state_abbreviation":"CO","state_name":"Colorado"},{"county_name":null,"description":null,"feat_class":"Civil","feature_id":"36840","fips_class":"H1","fips_county_cd":"99","full_county_name":null,"link_title":null,"url":"http:\/\/www.prowerscounty.net\/","name":"Prowers County","primary_latitude":"37.96","primary_longitude":"-102.4","state_abbreviation":"CO","state_name":"Colorado"},{"county_name":null,"description":null,"feat_class":"Civil","feature_id":"36841","fips_class":"H1","fips_county_cd":"101","full_county_name":null,"link_title":null,"url":"http:\/\/www.co.pueblo.co.us\/","name":"Pueblo County","primary_latitude":"38.18","primary_longitude":"-104.48","state_abbreviation":"CO","state_name":"Colorado"},{"county_name":null,"description":null,"feat_class":"Civil","feature_id":"36842","fips_class":"H1","fips_county_cd":"103","full_county_name":null,"link_title":null,"url":"http:\/\/www.co.rio-blanco.co.us\/","name":"Rio Blanco County","primary_latitude":"39.94","primary_longitude":"-108.2","state_abbreviation":"CO","state_name":"Colorado"},{"county_name":null,"description":null,"feat_class":"Civil","feature_id":"36843","fips_class":"H1","fips_county_cd":"105","full_county_name":null,"link_title":null,"url":"http:\/\/www.riograndecounty.org\/","name":"Rio Grande County","primary_latitude":"37.56","primary_longitude":"-106.4","state_abbreviation":"CO","state_name":"Colorado"},{"county_name":null,"description":null,"feat_class":"Civil","feature_id":"36844","fips_class":"H1","fips_county_cd":"107","full_county_name":null,"link_title":null,"url":"http:\/\/www.co.routt.co.us\/","name":"Routt County","primary_latitude":"40.51","primary_longitude":"-106.98","state_abbreviation":"CO","state_name":"Colorado"},{"county_name":null,"description":null,"feat_class":"Civil","feature_id":"36847","fips_class":"H1","fips_county_cd":"113","full_county_name":null,"link_title":null,"url":"http:\/\/www.sanmiguelcounty.org\/","name":"San Miguel County","primary_latitude":"38.01","primary_longitude":"-108.45","state_abbreviation":"CO","state_name":"Colorado"},{"county_name":null,"description":null,"feat_class":"Civil","feature_id":"36849","fips_class":"H1","fips_county_cd":"117","full_county_name":null,"link_title":null,"url":"http:\/\/www.co.summit.co.us\/","name":"Summit County","primary_latitude":"39.59","primary_longitude":"-106.01","state_abbreviation":"CO","state_name":"Colorado"},{"county_name":null,"description":null,"feat_class":"Civil","feature_id":"36850","fips_class":"H1","fips_county_cd":"119","full_county_name":null,"link_title":null,"url":"http:\/\/www.co.teller.co.us\/","name":"Teller County","primary_latitude":"38.86","primary_longitude":"-105.16","state_abbreviation":"CO","state_name":"Colorado"},{"county_name":null,"description":null,"feat_class":"Civil","feature_id":"36852","fips_class":"H1","fips_county_cd":"123","full_county_name":null,"link_title":null,"url":"http:\/\/www.co.weld.co.us\/","name":"Weld County","primary_latitude":"40.63","primary_longitude":"-104.53","state_abbreviation":"CO","state_name":"Colorado"}]