[{"county_name":null,"description":null,"feat_class":"Civil","feature_id":"36864","fips_class":"H1","fips_county_cd":"5","full_county_name":null,"link_title":null,"url":"http:\/\/www.sussexcountyde.gov\/","name":"Sussex County","primary_latitude":"38.7","primary_longitude":"-75.41","state_abbreviation":"DE","state_name":"Delaware"},{"county_name":null,"description":null,"feat_class":"Civil","feature_id":"36862","fips_class":"H1","fips_county_cd":"1","full_county_name":null,"link_title":null,"url":"http:\/\/www.co.kent.de.us\/","name":"Kent County","primary_latitude":"39.08","primary_longitude":"-75.54","state_abbreviation":"DE","state_name":"Delaware"},{"county_name":null,"description":null,"feat_class":"Civil","feature_id":"36863","fips_class":"H1","fips_county_cd":"3","full_county_name":null,"link_title":null,"url":"http:\/\/www.nccde.org\/","name":"New Castle County","primary_latitude":"39.79","primary_longitude":"-75.63","state_abbreviation":"DE","state_name":"Delaware"}]