[{"county_name":null,"description":null,"feat_class":"Civil","feature_id":"36865","fips_class":"H1","fips_county_cd":"1","full_county_name":null,"link_title":null,"url":"http:\/\/www.alachuacounty.us\/","name":"Alachua County","primary_latitude":"29.7","primary_longitude":"-82.33","state_abbreviation":"FL","state_name":"Florida"},{"county_name":null,"description":null,"feat_class":"Civil","feature_id":"36866","fips_class":"H1","fips_county_cd":"3","full_county_name":null,"link_title":null,"url":"http:\/\/www.bakercountyfl.org\/","name":"Baker County","primary_latitude":"30.33","primary_longitude":"-82.29","state_abbreviation":"FL","state_name":"Florida"},{"county_name":null,"description":null,"feat_class":"Civil","feature_id":"36867","fips_class":"H1","fips_county_cd":"5","full_county_name":null,"link_title":null,"url":"http:\/\/www.co.bay.fl.us\/","name":"Bay County","primary_latitude":"30.2","primary_longitude":"-85.62","state_abbreviation":"FL","state_name":"Florida"},{"county_name":null,"description":null,"feat_class":"Civil","feature_id":"36868","fips_class":"H1","fips_county_cd":"7","full_county_name":null,"link_title":null,"url":"http:\/\/www.bradford-co-fla.org\/","name":"Bradford County","primary_latitude":"29.95","primary_longitude":"-82.14","state_abbreviation":"FL","state_name":"Florida"},{"county_name":null,"description":null,"feat_class":"Civil","feature_id":"36869","fips_class":"H1","fips_county_cd":"9","full_county_name":null,"link_title":null,"url":"http:\/\/www.brevardcounty.us\/","name":"Brevard County","primary_latitude":"28.29","primary_longitude":"-80.74","state_abbreviation":"FL","state_name":"Florida"},{"county_name":null,"description":null,"feat_class":"Civil","feature_id":"36870","fips_class":"H1","fips_county_cd":"11","full_county_name":null,"link_title":null,"url":"http:\/\/www.broward.org\/","name":"Broward County","primary_latitude":"26.15","primary_longitude":"-80.48","state_abbreviation":"FL","state_name":"Florida"},{"county_name":null,"description":null,"feat_class":"Civil","feature_id":"36872","fips_class":"H1","fips_county_cd":"15","full_county_name":null,"link_title":null,"url":"http:\/\/www.charlottecountyfl.com\/","name":"Charlotte County","primary_latitude":"26.91","primary_longitude":"-81.91","state_abbreviation":"FL","state_name":"Florida"},{"county_name":null,"description":null,"feat_class":"Civil","feature_id":"36873","fips_class":"H1","fips_county_cd":"17","full_county_name":null,"link_title":null,"url":"http:\/\/www.bocc.citrus.fl.us\/","name":"Citrus County","primary_latitude":"28.87","primary_longitude":"-82.45","state_abbreviation":"FL","state_name":"Florida"},{"county_name":null,"description":null,"feat_class":"Civil","feature_id":"36874","fips_class":"H1","fips_county_cd":"19","full_county_name":null,"link_title":null,"url":"http:\/\/www.claycountygov.com\/","name":"Clay County","primary_latitude":"29.99","primary_longitude":"-81.83","state_abbreviation":"FL","state_name":"Florida"},{"county_name":null,"description":null,"feat_class":"Civil","feature_id":"36875","fips_class":"H1","fips_county_cd":"21","full_county_name":null,"link_title":null,"url":"http:\/\/www.colliergov.net\/","name":"Collier County","primary_latitude":"26.13","primary_longitude":"-81.48","state_abbreviation":"FL","state_name":"Florida"},{"county_name":null,"description":null,"feat_class":"Civil","feature_id":"36876","fips_class":"H1","fips_county_cd":"23","full_county_name":null,"link_title":null,"url":"http:\/\/www.columbiacountyfla.com\/","name":"Columbia County","primary_latitude":"30.25","primary_longitude":"-82.62","state_abbreviation":"FL","state_name":"Florida"},{"county_name":null,"description":null,"feat_class":"Civil","feature_id":"36877","fips_class":"H1","fips_county_cd":"27","full_county_name":null,"link_title":null,"url":"http:\/\/www.co.desoto.fl.us\/","name":"DeSoto County","primary_latitude":"27.18","primary_longitude":"-81.79","state_abbreviation":"FL","state_name":"Florida"},{"county_name":null,"description":null,"feat_class":"Civil","feature_id":"36878","fips_class":"H1","fips_county_cd":"29","full_county_name":null,"link_title":null,"url":"http:\/\/dixie.fl.gov\/","name":"Dixie County","primary_latitude":"29.62","primary_longitude":"-83.16","state_abbreviation":"FL","state_name":"Florida"},{"county_name":null,"description":null,"feat_class":"Civil","feature_id":"36879","fips_class":"H6","fips_county_cd":"31","full_county_name":null,"link_title":null,"url":"http:\/\/www.coj.net\/","name":"Duval County","primary_latitude":"30.356906","primary_longitude":"-81.6314837","state_abbreviation":"FL","state_name":"Florida"},{"county_name":null,"description":null,"feat_class":"Civil","feature_id":"36880","fips_class":"H1","fips_county_cd":"33","full_county_name":null,"link_title":null,"url":"http:\/\/www.co.escambia.fl.us\/","name":"Escambia County","primary_latitude":"30.66","primary_longitude":"-87.33","state_abbreviation":"FL","state_name":"Florida"},{"county_name":null,"description":null,"feat_class":"Civil","feature_id":"36881","fips_class":"H1","fips_county_cd":"35","full_county_name":null,"link_title":null,"url":"http:\/\/www.flaglercounty.org\/","name":"Flagler County","primary_latitude":"29.45","primary_longitude":"-81.29","state_abbreviation":"FL","state_name":"Florida"},{"county_name":null,"description":null,"feat_class":"Civil","feature_id":"36882","fips_class":"H1","fips_county_cd":"37","full_county_name":null,"link_title":null,"url":"http:\/\/www.franklincountyflorida.com\/","name":"Franklin County","primary_latitude":"29.87","primary_longitude":"-84.79","state_abbreviation":"FL","state_name":"Florida"},{"county_name":null,"description":null,"feat_class":"Civil","feature_id":"36883","fips_class":"H1","fips_county_cd":"39","full_county_name":null,"link_title":null,"url":"http:\/\/www.gadsdengov.net\/","name":"Gadsden County","primary_latitude":"30.56","primary_longitude":"-84.6","state_abbreviation":"FL","state_name":"Florida"},{"county_name":null,"description":null,"feat_class":"Civil","feature_id":"36884","fips_class":"H1","fips_county_cd":"41","full_county_name":null,"link_title":null,"url":"http:\/\/www.co.gilchrist.fl.us\/","name":"Gilchrist County","primary_latitude":"29.7","primary_longitude":"-82.79","state_abbreviation":"FL","state_name":"Florida"},{"county_name":null,"description":null,"feat_class":"Civil","feature_id":"36885","fips_class":"H1","fips_county_cd":"43","full_county_name":null,"link_title":null,"url":"http:\/\/www.mygladescounty.com\/","name":"Glades County","primary_latitude":"26.95","primary_longitude":"-81.16","state_abbreviation":"FL","state_name":"Florida"},{"county_name":null,"description":null,"feat_class":"Civil","feature_id":"36886","fips_class":"H1","fips_county_cd":"45","full_county_name":null,"link_title":null,"url":"http:\/\/www.gulfcounty-fl.gov\/","name":"Gulf County","primary_latitude":"29.95","primary_longitude":"-85.2","state_abbreviation":"FL","state_name":"Florida"},{"county_name":null,"description":null,"feat_class":"Civil","feature_id":"36887","fips_class":"H1","fips_county_cd":"47","full_county_name":null,"link_title":null,"url":"http:\/\/www.hamiltoncountyflorida.com\/","name":"Hamilton County","primary_latitude":"30.5","primary_longitude":"-82.93","state_abbreviation":"FL","state_name":"Florida"},{"county_name":null,"description":null,"feat_class":"Civil","feature_id":"36888","fips_class":"H1","fips_county_cd":"49","full_county_name":null,"link_title":null,"url":"http:\/\/www.hardeecounty.net\/","name":"Hardee County","primary_latitude":"27.45","primary_longitude":"-81.8","state_abbreviation":"FL","state_name":"Florida"},{"county_name":null,"description":null,"feat_class":"Civil","feature_id":"36889","fips_class":"H1","fips_county_cd":"51","full_county_name":null,"link_title":null,"url":"http:\/\/www.hendryfla.net\/","name":"Hendry County","primary_latitude":"26.5","primary_longitude":"-81.19","state_abbreviation":"FL","state_name":"Florida"},{"county_name":null,"description":null,"feat_class":"Civil","feature_id":"36890","fips_class":"H1","fips_county_cd":"53","full_county_name":null,"link_title":null,"url":"http:\/\/www.co.hernando.fl.us\/","name":"Hernando County","primary_latitude":"28.54","primary_longitude":"-82.45","state_abbreviation":"FL","state_name":"Florida"},{"county_name":null,"description":null,"feat_class":"Civil","feature_id":"36891","fips_class":"H1","fips_county_cd":"55","full_county_name":null,"link_title":null,"url":"http:\/\/www.hcbcc.net\/","name":"Highlands County","primary_latitude":"27.36","primary_longitude":"-81.34","state_abbreviation":"FL","state_name":"Florida"},{"county_name":null,"description":null,"feat_class":"Civil","feature_id":"36892","fips_class":"H1","fips_county_cd":"57","full_county_name":null,"link_title":null,"url":"http:\/\/www.hillsboroughcounty.org\/","name":"Hillsborough County","primary_latitude":"27.91","primary_longitude":"-82.34","state_abbreviation":"FL","state_name":"Florida"},{"county_name":null,"description":null,"feat_class":"Civil","feature_id":"36894","fips_class":"H1","fips_county_cd":"61","full_county_name":null,"link_title":null,"url":"http:\/\/www.ircgov.com\/","name":"Indian River County","primary_latitude":"27.68","primary_longitude":"-80.58","state_abbreviation":"FL","state_name":"Florida"},{"county_name":null,"description":null,"feat_class":"Civil","feature_id":"36895","fips_class":"H1","fips_county_cd":"63","full_county_name":null,"link_title":null,"url":"http:\/\/www.jacksoncountyfl.com\/","name":"Jackson County","primary_latitude":"30.79","primary_longitude":"-85.16","state_abbreviation":"FL","state_name":"Florida"},{"county_name":null,"description":null,"feat_class":"Civil","feature_id":"36896","fips_class":"H1","fips_county_cd":"65","full_county_name":null,"link_title":null,"url":"http:\/\/www.co.jefferson.fl.us\/","name":"Jefferson County","primary_latitude":"30.41","primary_longitude":"-83.89","state_abbreviation":"FL","state_name":"Florida"},{"county_name":null,"description":null,"feat_class":"Civil","feature_id":"36898","fips_class":"H1","fips_county_cd":"69","full_county_name":null,"link_title":null,"url":"http:\/\/www.lakecountyfl.gov\/","name":"Lake County","primary_latitude":"28.79","primary_longitude":"-81.79","state_abbreviation":"FL","state_name":"Florida"},{"county_name":null,"description":null,"feat_class":"Civil","feature_id":"36899","fips_class":"H1","fips_county_cd":"71","full_county_name":null,"link_title":null,"url":"http:\/\/lee-county.com\/","name":"Lee County","primary_latitude":"26.56","primary_longitude":"-81.88","state_abbreviation":"FL","state_name":"Florida"},{"county_name":null,"description":null,"feat_class":"Civil","feature_id":"36900","fips_class":"H1","fips_county_cd":"73","full_county_name":null,"link_title":null,"url":"http:\/\/www.co.leon.fl.us\/","name":"Leon County","primary_latitude":"30.49","primary_longitude":"-84.2","state_abbreviation":"FL","state_name":"Florida"},{"county_name":null,"description":null,"feat_class":"Civil","feature_id":"36901","fips_class":"H1","fips_county_cd":"75","full_county_name":null,"link_title":null,"url":"http:\/\/www.levycounty.org\/","name":"Levy County","primary_latitude":"29.29","primary_longitude":"-82.74","state_abbreviation":"FL","state_name":"Florida"},{"county_name":null,"description":null,"feat_class":"Civil","feature_id":"36903","fips_class":"H1","fips_county_cd":"79","full_county_name":null,"link_title":null,"url":"http:\/\/www.madisoncountyfl.com\/","name":"Madison County","primary_latitude":"30.45","primary_longitude":"-83.45","state_abbreviation":"FL","state_name":"Florida"},{"county_name":null,"description":null,"feat_class":"Civil","feature_id":"36904","fips_class":"H1","fips_county_cd":"81","full_county_name":null,"link_title":null,"url":"http:\/\/www.mymanatee.org\/","name":"Manatee County","primary_latitude":"27.5","primary_longitude":"-82.29","state_abbreviation":"FL","state_name":"Florida"},{"county_name":null,"description":null,"feat_class":"Civil","feature_id":"36905","fips_class":"H1","fips_county_cd":"83","full_county_name":null,"link_title":null,"url":"http:\/\/www.marioncountyfl.org\/","name":"Marion County","primary_latitude":"29.24","primary_longitude":"-82.04","state_abbreviation":"FL","state_name":"Florida"},{"county_name":null,"description":null,"feat_class":"Civil","feature_id":"36906","fips_class":"H1","fips_county_cd":"85","full_county_name":null,"link_title":null,"url":"http:\/\/www.martin.fl.us\/","name":"Martin County","primary_latitude":"27.08","primary_longitude":"-80.41","state_abbreviation":"FL","state_name":"Florida"},{"county_name":null,"description":null,"feat_class":"Civil","feature_id":"36907","fips_class":"H1","fips_county_cd":"86","full_county_name":null,"link_title":null,"url":"http:\/\/miamidade.gov\/","name":"Miami-Dade County","primary_latitude":"25.61","primary_longitude":"-80.53","state_abbreviation":"FL","state_name":"Florida"},{"county_name":null,"description":null,"feat_class":"Civil","feature_id":"36908","fips_class":"H1","fips_county_cd":"87","full_county_name":null,"link_title":null,"url":"http:\/\/monroecofl.virtualtownhall.net\/","name":"Monroe County","primary_latitude":"25.31","primary_longitude":"-80.93","state_abbreviation":"FL","state_name":"Florida"},{"county_name":null,"description":null,"feat_class":"Civil","feature_id":"36909","fips_class":"H1","fips_county_cd":"89","full_county_name":null,"link_title":null,"url":"http:\/\/www.nassauclerk.com\/","name":"Nassau County","primary_latitude":"30.64","primary_longitude":"-81.79","state_abbreviation":"FL","state_name":"Florida"},{"county_name":null,"description":null,"feat_class":"Civil","feature_id":"36910","fips_class":"H1","fips_county_cd":"91","full_county_name":null,"link_title":null,"url":"http:\/\/www.co.okaloosa.fl.us\/","name":"Okaloosa County","primary_latitude":"30.68","primary_longitude":"-86.56","state_abbreviation":"FL","state_name":"Florida"},{"county_name":null,"description":null,"feat_class":"Civil","feature_id":"36911","fips_class":"H1","fips_county_cd":"93","full_county_name":null,"link_title":null,"url":"http:\/\/www.co.okeechobee.fl.us\/","name":"Okeechobee County","primary_latitude":"27.41","primary_longitude":"-80.91","state_abbreviation":"FL","state_name":"Florida"},{"county_name":null,"description":null,"feat_class":"Civil","feature_id":"36912","fips_class":"H1","fips_county_cd":"95","full_county_name":null,"link_title":null,"url":"http:\/\/www.orangecountyfl.net\/","name":"Orange County","primary_latitude":"28.45","primary_longitude":"-81.29","state_abbreviation":"FL","state_name":"Florida"},{"county_name":null,"description":null,"feat_class":"Civil","feature_id":"36913","fips_class":"H1","fips_county_cd":"97","full_county_name":null,"link_title":null,"url":"http:\/\/www.osceola.org\/","name":"Osceola County","primary_latitude":"28.04","primary_longitude":"-81.12","state_abbreviation":"FL","state_name":"Florida"},{"county_name":null,"description":null,"feat_class":"Civil","feature_id":"36914","fips_class":"H1","fips_county_cd":"99","full_county_name":null,"link_title":null,"url":"http:\/\/www.co.palm-beach.fl.us\/","name":"Palm Beach County","primary_latitude":"26.65","primary_longitude":"-80.44","state_abbreviation":"FL","state_name":"Florida"},{"county_name":null,"description":null,"feat_class":"Civil","feature_id":"36915","fips_class":"H1","fips_county_cd":"101","full_county_name":null,"link_title":null,"url":"http:\/\/www.pascocountyfl.net\/","name":"Pasco County","primary_latitude":"28.29","primary_longitude":"-82.41","state_abbreviation":"FL","state_name":"Florida"},{"county_name":null,"description":null,"feat_class":"Civil","feature_id":"36916","fips_class":"H1","fips_county_cd":"103","full_county_name":null,"link_title":null,"url":"http:\/\/www.pinellascounty.org\/","name":"Pinellas County","primary_latitude":"27.89","primary_longitude":"-82.7","state_abbreviation":"FL","state_name":"Florida"},{"county_name":null,"description":null,"feat_class":"Civil","feature_id":"36917","fips_class":"H1","fips_county_cd":"105","full_county_name":null,"link_title":null,"url":"http:\/\/www.polk-county.net\/","name":"Polk County","primary_latitude":"27.95","primary_longitude":"-81.7","state_abbreviation":"FL","state_name":"Florida"},{"county_name":null,"description":null,"feat_class":"Civil","feature_id":"36918","fips_class":"H1","fips_county_cd":"107","full_county_name":null,"link_title":null,"url":"http:\/\/www.putnam-fl.com\/","name":"Putnam County","primary_latitude":"29.66","primary_longitude":"-81.74","state_abbreviation":"FL","state_name":"Florida"},{"county_name":null,"description":null,"feat_class":"Civil","feature_id":"36919","fips_class":"H1","fips_county_cd":"109","full_county_name":null,"link_title":null,"url":"http:\/\/www.co.st-johns.fl.us\/","name":"Saint Johns County","primary_latitude":"29.89","primary_longitude":"-81.41","state_abbreviation":"FL","state_name":"Florida"},{"county_name":null,"description":null,"feat_class":"Civil","feature_id":"36920","fips_class":"H1","fips_county_cd":"111","full_county_name":null,"link_title":null,"url":"http:\/\/www.stlucieco.gov\/","name":"Saint Lucie County","primary_latitude":"27.37","primary_longitude":"-80.45","state_abbreviation":"FL","state_name":"Florida"},{"county_name":null,"description":null,"feat_class":"Civil","feature_id":"36921","fips_class":"H1","fips_county_cd":"113","full_county_name":null,"link_title":null,"url":"http:\/\/www.santarosa.fl.gov\/","name":"Santa Rosa County","primary_latitude":"30.7","primary_longitude":"-87.04","state_abbreviation":"FL","state_name":"Florida"},{"county_name":null,"description":null,"feat_class":"Civil","feature_id":"36922","fips_class":"H1","fips_county_cd":"115","full_county_name":null,"link_title":null,"url":"http:\/\/www.co.sarasota.fl.us\/","name":"Sarasota County","primary_latitude":"27.16","primary_longitude":"-82.33","state_abbreviation":"FL","state_name":"Florida"},{"county_name":null,"description":null,"feat_class":"Civil","feature_id":"36923","fips_class":"H1","fips_county_cd":"117","full_county_name":null,"link_title":null,"url":"http:\/\/www.seminolecountyfl.gov\/","name":"Seminole County","primary_latitude":"28.7","primary_longitude":"-81.2","state_abbreviation":"FL","state_name":"Florida"},{"county_name":null,"description":null,"feat_class":"Civil","feature_id":"36924","fips_class":"H1","fips_county_cd":"119","full_county_name":null,"link_title":null,"url":"http:\/\/www.sumtercountyfl.gov\/","name":"Sumter County","primary_latitude":"28.7","primary_longitude":"-82.08","state_abbreviation":"FL","state_name":"Florida"},{"county_name":null,"description":null,"feat_class":"Civil","feature_id":"36926","fips_class":"H1","fips_county_cd":"123","full_county_name":null,"link_title":null,"url":"http:\/\/www.tcfl-libinfo.com\/","name":"Taylor County","primary_latitude":"30.08","primary_longitude":"-83.58","state_abbreviation":"FL","state_name":"Florida"},{"county_name":null,"description":null,"feat_class":"Civil","feature_id":"36928","fips_class":"H1","fips_county_cd":"127","full_county_name":null,"link_title":null,"url":"http:\/\/volusia.org\/","name":"Volusia County","primary_latitude":"29.08","primary_longitude":"-81.2","state_abbreviation":"FL","state_name":"Florida"},{"county_name":null,"description":null,"feat_class":"Civil","feature_id":"36930","fips_class":"H1","fips_county_cd":"131","full_county_name":null,"link_title":null,"url":"http:\/\/www.co.walton.fl.us\/","name":"Walton County","primary_latitude":"30.62","primary_longitude":"-86.16","state_abbreviation":"FL","state_name":"Florida"},{"county_name":null,"description":null,"feat_class":"Civil","feature_id":"36931","fips_class":"H1","fips_county_cd":"133","full_county_name":null,"link_title":null,"url":"http:\/\/www.washingtonfl.com\/","name":"Washington County","primary_latitude":"30.6","primary_longitude":"-85.66","state_abbreviation":"FL","state_name":"Florida"}]