[{"county_name":null,"description":null,"feat_class":"Civil","feature_id":"36932","fips_class":"H1","fips_county_cd":"1","full_county_name":null,"link_title":null,"url":"http:\/\/www.baxley.org\/","name":"Appling County","primary_latitude":"31.76","primary_longitude":"-82.29","state_abbreviation":"GA","state_name":"Georgia"},{"county_name":null,"description":null,"feat_class":"Civil","feature_id":"36936","fips_class":"H1","fips_county_cd":"9","full_county_name":null,"link_title":null,"url":"http:\/\/www.baldwincountyga.com\/","name":"Baldwin County","primary_latitude":"33.06","primary_longitude":"-83.14","state_abbreviation":"GA","state_name":"Georgia"},{"county_name":null,"description":null,"feat_class":"Civil","feature_id":"36937","fips_class":"H1","fips_county_cd":"11","full_county_name":null,"link_title":null,"url":"http:\/\/www.bankscountyga.org\/","name":"Banks County","primary_latitude":"34.35","primary_longitude":"-83.5","state_abbreviation":"GA","state_name":"Georgia"},{"county_name":null,"description":null,"feat_class":"Civil","feature_id":"36938","fips_class":"H1","fips_county_cd":"13","full_county_name":null,"link_title":null,"url":"http:\/\/www.barrowga.org\/","name":"Barrow County","primary_latitude":"33.98","primary_longitude":"-83.71","state_abbreviation":"GA","state_name":"Georgia"},{"county_name":null,"description":null,"feat_class":"Civil","feature_id":"36939","fips_class":"H1","fips_county_cd":"15","full_county_name":null,"link_title":null,"url":"http:\/\/www.bartowga.org\/","name":"Bartow County","primary_latitude":"34.25","primary_longitude":"-84.84","state_abbreviation":"GA","state_name":"Georgia"},{"county_name":null,"description":null,"feat_class":"Civil","feature_id":"36940","fips_class":"H1","fips_county_cd":"17","full_county_name":null,"link_title":null,"url":"http:\/\/www.benhillcounty.com\/","name":"Ben Hill County","primary_latitude":"31.75","primary_longitude":"-83.23","state_abbreviation":"GA","state_name":"Georgia"},{"county_name":null,"description":null,"feat_class":"Civil","feature_id":"36942","fips_class":"H1","fips_county_cd":"21","full_county_name":null,"link_title":null,"url":"http:\/\/www.co.bibb.ga.us\/","name":"Bibb County","primary_latitude":"32.8","primary_longitude":"-83.66","state_abbreviation":"GA","state_name":"Georgia"},{"county_name":null,"description":null,"feat_class":"Civil","feature_id":"36943","fips_class":"H1","fips_county_cd":"23","full_county_name":null,"link_title":null,"url":"http:\/\/www.bleckley.org\/","name":"Bleckley County","primary_latitude":"32.43","primary_longitude":"-83.31","state_abbreviation":"GA","state_name":"Georgia"},{"county_name":null,"description":null,"feat_class":"Civil","feature_id":"36944","fips_class":"H1","fips_county_cd":"25","full_county_name":null,"link_title":null,"url":"http:\/\/brantleycountyga.blogspot.com\/","name":"Brantley County","primary_latitude":"31.2","primary_longitude":"-81.98","state_abbreviation":"GA","state_name":"Georgia"},{"county_name":null,"description":null,"feat_class":"Civil","feature_id":"36945","fips_class":"H1","fips_county_cd":"27","full_county_name":null,"link_title":null,"url":"http:\/\/brookscounty.georgia.gov\/03\/home\/0,2230,8587578,00.html","name":"Brooks County","primary_latitude":"30.85","primary_longitude":"-83.56","state_abbreviation":"GA","state_name":"Georgia"},{"county_name":null,"description":null,"feat_class":"Civil","feature_id":"36946","fips_class":"H1","fips_county_cd":"29","full_county_name":null,"link_title":null,"url":"http:\/\/www.bryancountyga.org\/","name":"Bryan County","primary_latitude":"32.01","primary_longitude":"-81.44","state_abbreviation":"GA","state_name":"Georgia"},{"county_name":null,"description":null,"feat_class":"Civil","feature_id":"36947","fips_class":"H1","fips_county_cd":"31","full_county_name":null,"link_title":null,"url":"http:\/\/www.bullochcounty.net\/","name":"Bulloch County","primary_latitude":"32.41","primary_longitude":"-81.75","state_abbreviation":"GA","state_name":"Georgia"},{"county_name":null,"description":null,"feat_class":"Civil","feature_id":"36948","fips_class":"H1","fips_county_cd":"33","full_county_name":null,"link_title":null,"url":"http:\/\/www.burkechamber.org\/","name":"Burke County","primary_latitude":"33.06","primary_longitude":"-82","state_abbreviation":"GA","state_name":"Georgia"},{"county_name":null,"description":null,"feat_class":"Civil","feature_id":"36949","fips_class":"H1","fips_county_cd":"35","full_county_name":null,"link_title":null,"url":"http:\/\/www.buttscounty.org\/","name":"Butts County","primary_latitude":"33.3","primary_longitude":"-83.96","state_abbreviation":"GA","state_name":"Georgia"},{"county_name":null,"description":null,"feat_class":"Civil","feature_id":"36951","fips_class":"H1","fips_county_cd":"39","full_county_name":null,"link_title":null,"url":"http:\/\/www.co.camden.ga.us\/","name":"Camden County","primary_latitude":"30.95","primary_longitude":"-81.66","state_abbreviation":"GA","state_name":"Georgia"},{"county_name":null,"description":null,"feat_class":"Civil","feature_id":"36953","fips_class":"H1","fips_county_cd":"45","full_county_name":null,"link_title":null,"url":"http:\/\/www.carrollcountyga.com\/","name":"Carroll County","primary_latitude":"33.58","primary_longitude":"-85.04","state_abbreviation":"GA","state_name":"Georgia"},{"county_name":null,"description":null,"feat_class":"Civil","feature_id":"36954","fips_class":"H1","fips_county_cd":"47","full_county_name":null,"link_title":null,"url":"http:\/\/www.catoosa.com\/","name":"Catoosa County","primary_latitude":"34.9","primary_longitude":"-85.14","state_abbreviation":"GA","state_name":"Georgia"},{"county_name":null,"description":null,"feat_class":"Civil","feature_id":"36956","fips_class":"H1","fips_county_cd":"51","full_county_name":null,"link_title":null,"url":"http:\/\/www.chathamcounty.org\/","name":"Chatham County","primary_latitude":"32","primary_longitude":"-81.08","state_abbreviation":"GA","state_name":"Georgia"},{"county_name":null,"description":null,"feat_class":"Civil","feature_id":"36959","fips_class":"H1","fips_county_cd":"57","full_county_name":null,"link_title":null,"url":"http:\/\/www.cherokeega.com\/","name":"Cherokee County","primary_latitude":"34.26","primary_longitude":"-84.44","state_abbreviation":"GA","state_name":"Georgia"},{"county_name":null,"description":null,"feat_class":"Civil","feature_id":"36960","fips_class":"H1","fips_county_cd":"59","full_county_name":null,"link_title":null,"url":"http:\/\/www.athensclarkecounty.com\/","name":"Clarke County","primary_latitude":"33.95","primary_longitude":"-83.38","state_abbreviation":"GA","state_name":"Georgia"},{"county_name":null,"description":null,"feat_class":"Civil","feature_id":"36962","fips_class":"H1","fips_county_cd":"63","full_county_name":null,"link_title":null,"url":"http:\/\/www.co.clayton.ga.us\/","name":"Clayton County","primary_latitude":"33.53","primary_longitude":"-84.36","state_abbreviation":"GA","state_name":"Georgia"},{"county_name":null,"description":null,"feat_class":"Civil","feature_id":"36964","fips_class":"H1","fips_county_cd":"67","full_county_name":null,"link_title":null,"url":"http:\/\/www.cobbcounty.org\/","name":"Cobb County","primary_latitude":"33.93","primary_longitude":"-84.56","state_abbreviation":"GA","state_name":"Georgia"},{"county_name":null,"description":null,"feat_class":"Civil","feature_id":"36967","fips_class":"H1","fips_county_cd":"73","full_county_name":null,"link_title":null,"url":"http:\/\/www.columbiacountyga.gov\/","name":"Columbia County","primary_latitude":"33.55","primary_longitude":"-82.25","state_abbreviation":"GA","state_name":"Georgia"},{"county_name":null,"description":null,"feat_class":"Civil","feature_id":"36969","fips_class":"H1","fips_county_cd":"77","full_county_name":null,"link_title":null,"url":"http:\/\/www.coweta.ga.us\/","name":"Coweta County","primary_latitude":"33.38","primary_longitude":"-84.76","state_abbreviation":"GA","state_name":"Georgia"},{"county_name":null,"description":null,"feat_class":"Civil","feature_id":"36973","fips_class":"H1","fips_county_cd":"85","full_county_name":null,"link_title":null,"url":"http:\/\/www.dawsoncounty.org\/","name":"Dawson County","primary_latitude":"34.43","primary_longitude":"-84.16","state_abbreviation":"GA","state_name":"Georgia"},{"county_name":null,"description":null,"feat_class":"Civil","feature_id":"36975","fips_class":"H1","fips_county_cd":"89","full_county_name":null,"link_title":null,"url":"http:\/\/www.co.dekalb.ga.us\/","name":"DeKalb County","primary_latitude":"33.75","primary_longitude":"-84.23","state_abbreviation":"GA","state_name":"Georgia"},{"county_name":null,"description":null,"feat_class":"Civil","feature_id":"36978","fips_class":"H1","fips_county_cd":"95","full_county_name":null,"link_title":null,"url":"http:\/\/www.dougherty.ga.us\/","name":"Dougherty County","primary_latitude":"31.53","primary_longitude":"-84.19","state_abbreviation":"GA","state_name":"Georgia"},{"county_name":null,"description":null,"feat_class":"Civil","feature_id":"36979","fips_class":"H1","fips_county_cd":"97","full_county_name":null,"link_title":null,"url":"http:\/\/www.co.douglas.ga.us\/","name":"Douglas County","primary_latitude":"33.7","primary_longitude":"-84.74","state_abbreviation":"GA","state_name":"Georgia"},{"county_name":null,"description":null,"feat_class":"Civil","feature_id":"36980","fips_class":"H1","fips_county_cd":"99","full_county_name":null,"link_title":null,"url":"http:\/\/www.early.k12.ga.us\/earlycounty\/","name":"Early County","primary_latitude":"31.33","primary_longitude":"-84.93","state_abbreviation":"GA","state_name":"Georgia"},{"county_name":null,"description":null,"feat_class":"Civil","feature_id":"36982","fips_class":"H1","fips_county_cd":"103","full_county_name":null,"link_title":null,"url":"http:\/\/www.effinghamcounty.org\/","name":"Effingham County","primary_latitude":"32.36","primary_longitude":"-81.33","state_abbreviation":"GA","state_name":"Georgia"},{"county_name":null,"description":null,"feat_class":"Civil","feature_id":"36987","fips_class":"H1","fips_county_cd":"113","full_county_name":null,"link_title":null,"url":"http:\/\/www.fayettecountyga.gov\/","name":"Fayette County","primary_latitude":"33.4","primary_longitude":"-84.48","state_abbreviation":"GA","state_name":"Georgia"},{"county_name":null,"description":null,"feat_class":"Civil","feature_id":"36988","fips_class":"H1","fips_county_cd":"115","full_county_name":null,"link_title":null,"url":"http:\/\/www.romefloyd.com\/","name":"Floyd County","primary_latitude":"34.26","primary_longitude":"-85.14","state_abbreviation":"GA","state_name":"Georgia"},{"county_name":null,"description":null,"feat_class":"Civil","feature_id":"36989","fips_class":"H1","fips_county_cd":"117","full_county_name":null,"link_title":null,"url":"http:\/\/www.forsythco.com\/","name":"Forsyth County","primary_latitude":"34.21","primary_longitude":"-84.11","state_abbreviation":"GA","state_name":"Georgia"},{"county_name":null,"description":null,"feat_class":"Civil","feature_id":"36991","fips_class":"H1","fips_county_cd":"121","full_county_name":null,"link_title":null,"url":"http:\/\/www.co.fulton.ga.us\/","name":"Fulton County","primary_latitude":"33.76","primary_longitude":"-84.44","state_abbreviation":"GA","state_name":"Georgia"},{"county_name":null,"description":null,"feat_class":"Civil","feature_id":"36994","fips_class":"H1","fips_county_cd":"127","full_county_name":null,"link_title":null,"url":"http:\/\/www.glynncounty.org\/","name":"Glynn County","primary_latitude":"31.23","primary_longitude":"-81.53","state_abbreviation":"GA","state_name":"Georgia"},{"county_name":null,"description":null,"feat_class":"Civil","feature_id":"36995","fips_class":"H1","fips_county_cd":"129","full_county_name":null,"link_title":null,"url":"http:\/\/www.gordoncounty.org\/","name":"Gordon County","primary_latitude":"34.5","primary_longitude":"-84.86","state_abbreviation":"GA","state_name":"Georgia"},{"county_name":null,"description":null,"feat_class":"Civil","feature_id":"36998","fips_class":"H1","fips_county_cd":"135","full_county_name":null,"link_title":null,"url":"http:\/\/www.gwinnettcounty.com\/","name":"Gwinnett County","primary_latitude":"33.95","primary_longitude":"-84.04","state_abbreviation":"GA","state_name":"Georgia"},{"county_name":null,"description":null,"feat_class":"Civil","feature_id":"36999","fips_class":"H1","fips_county_cd":"137","full_county_name":null,"link_title":null,"url":"http:\/\/www.co.habersham.ga.us\/","name":"Habersham County","primary_latitude":"34.61","primary_longitude":"-83.49","state_abbreviation":"GA","state_name":"Georgia"},{"county_name":null,"description":null,"feat_class":"Civil","feature_id":"37000","fips_class":"H1","fips_county_cd":"139","full_county_name":null,"link_title":null,"url":"http:\/\/www.hallcounty.org\/","name":"Hall County","primary_latitude":"34.31","primary_longitude":"-83.78","state_abbreviation":"GA","state_name":"Georgia"},{"county_name":null,"description":null,"feat_class":"Civil","feature_id":"37002","fips_class":"H1","fips_county_cd":"143","full_county_name":null,"link_title":null,"url":"http:\/\/www.haralsoncountyga.org\/","name":"Haralson County","primary_latitude":"33.78","primary_longitude":"-85.19","state_abbreviation":"GA","state_name":"Georgia"},{"county_name":null,"description":null,"feat_class":"Civil","feature_id":"37004","fips_class":"H1","fips_county_cd":"147","full_county_name":null,"link_title":null,"url":"http:\/\/www.hartcountyga.org\/","name":"Hart County","primary_latitude":"34.35","primary_longitude":"-82.96","state_abbreviation":"GA","state_name":"Georgia"},{"county_name":null,"description":null,"feat_class":"Civil","feature_id":"37006","fips_class":"H1","fips_county_cd":"151","full_county_name":null,"link_title":null,"url":"http:\/\/www.co.henry.ga.us\/","name":"Henry County","primary_latitude":"33.45","primary_longitude":"-84.14","state_abbreviation":"GA","state_name":"Georgia"},{"county_name":null,"description":null,"feat_class":"Civil","feature_id":"37007","fips_class":"H1","fips_county_cd":"153","full_county_name":null,"link_title":null,"url":"http:\/\/www.houstoncountyga.com\/","name":"Houston County","primary_latitude":"32.43","primary_longitude":"-83.64","state_abbreviation":"GA","state_name":"Georgia"},{"county_name":null,"description":null,"feat_class":"Civil","feature_id":"37009","fips_class":"H1","fips_county_cd":"157","full_county_name":null,"link_title":null,"url":"http:\/\/www.jacksoncountygov.com\/","name":"Jackson County","primary_latitude":"34.13","primary_longitude":"-83.56","state_abbreviation":"GA","state_name":"Georgia"},{"county_name":null,"description":null,"feat_class":"Civil","feature_id":"37015","fips_class":"H1","fips_county_cd":"169","full_county_name":null,"link_title":null,"url":"http:\/\/www.jonescounty.org\/","name":"Jones County","primary_latitude":"33.01","primary_longitude":"-83.53","state_abbreviation":"GA","state_name":"Georgia"},{"county_name":null,"description":null,"feat_class":"Civil","feature_id":"37018","fips_class":"H1","fips_county_cd":"175","full_county_name":null,"link_title":null,"url":"http:\/\/www.laurenscoga.org\/","name":"Laurens County","primary_latitude":"32.45","primary_longitude":"-82.91","state_abbreviation":"GA","state_name":"Georgia"},{"county_name":null,"description":null,"feat_class":"Civil","feature_id":"37019","fips_class":"H1","fips_county_cd":"177","full_county_name":null,"link_title":null,"url":"http:\/\/www.lee.ga.us\/","name":"Lee County","primary_latitude":"31.76","primary_longitude":"-84.14","state_abbreviation":"GA","state_name":"Georgia"},{"county_name":null,"description":null,"feat_class":"Civil","feature_id":"37020","fips_class":"H1","fips_county_cd":"179","full_county_name":null,"link_title":null,"url":"http:\/\/www.libertycountyga.com\/","name":"Liberty County","primary_latitude":"31.83","primary_longitude":"-81.5","state_abbreviation":"GA","state_name":"Georgia"},{"county_name":null,"description":null,"feat_class":"Civil","feature_id":"37023","fips_class":"H1","fips_county_cd":"185","full_county_name":null,"link_title":null,"url":"http:\/\/www.lowndescounty.com\/","name":"Lowndes County","primary_latitude":"30.83","primary_longitude":"-83.24","state_abbreviation":"GA","state_name":"Georgia"},{"county_name":null,"description":null,"feat_class":"Civil","feature_id":"37024","fips_class":"H1","fips_county_cd":"187","full_county_name":null,"link_title":null,"url":"http:\/\/www.lumpkincounty.gov\/","name":"Lumpkin County","primary_latitude":"34.56","primary_longitude":"-84.01","state_abbreviation":"GA","state_name":"Georgia"},{"county_name":null,"description":null,"feat_class":"Civil","feature_id":"37026","fips_class":"H1","fips_county_cd":"195","full_county_name":null,"link_title":null,"url":"http:\/\/www.madisoncountyga.us\/","name":"Madison County","primary_latitude":"34.13","primary_longitude":"-83.21","state_abbreviation":"GA","state_name":"Georgia"},{"county_name":null,"description":null,"feat_class":"Civil","feature_id":"37032","fips_class":"H1","fips_county_cd":"205","full_county_name":null,"link_title":null,"url":"http:\/\/www.mitchellcountyga.net\/","name":"Mitchell County","primary_latitude":"31.21","primary_longitude":"-84.19","state_abbreviation":"GA","state_name":"Georgia"},{"county_name":null,"description":null,"feat_class":"Civil","feature_id":"37033","fips_class":"H1","fips_county_cd":"207","full_county_name":null,"link_title":null,"url":"http:\/\/www.monroecountygeorgia.com\/","name":"Monroe County","primary_latitude":"33","primary_longitude":"-83.88","state_abbreviation":"GA","state_name":"Georgia"},{"county_name":null,"description":null,"feat_class":"Civil","feature_id":"37035","fips_class":"H1","fips_county_cd":"211","full_county_name":null,"link_title":null,"url":"http:\/\/www.morganga.org\/","name":"Morgan County","primary_latitude":"33.58","primary_longitude":"-83.38","state_abbreviation":"GA","state_name":"Georgia"},{"county_name":null,"description":null,"feat_class":"Civil","feature_id":"37037","fips_class":"H6","fips_county_cd":"215","full_county_name":null,"link_title":null,"url":"http:\/\/www.columbusga.org\/","name":"Muscogee County","primary_latitude":"32.5006966","primary_longitude":"-84.8665971","state_abbreviation":"GA","state_name":"Georgia"},{"county_name":null,"description":null,"feat_class":"Civil","feature_id":"37038","fips_class":"H1","fips_county_cd":"217","full_county_name":null,"link_title":null,"url":"http:\/\/www.co.newton.ga.us\/","name":"Newton County","primary_latitude":"33.55","primary_longitude":"-83.84","state_abbreviation":"GA","state_name":"Georgia"},{"county_name":null,"description":null,"feat_class":"Civil","feature_id":"37039","fips_class":"H1","fips_county_cd":"219","full_county_name":null,"link_title":null,"url":"http:\/\/www.oconeecounty.com\/","name":"Oconee County","primary_latitude":"33.83","primary_longitude":"-83.43","state_abbreviation":"GA","state_name":"Georgia"},{"county_name":null,"description":null,"feat_class":"Civil","feature_id":"37040","fips_class":"H1","fips_county_cd":"221","full_county_name":null,"link_title":null,"url":"http:\/\/onlineoglethorpe.com\/","name":"Oglethorpe County","primary_latitude":"33.86","primary_longitude":"-83.08","state_abbreviation":"GA","state_name":"Georgia"},{"county_name":null,"description":null,"feat_class":"Civil","feature_id":"37041","fips_class":"H1","fips_county_cd":"223","full_county_name":null,"link_title":null,"url":"http:\/\/www.paulding.gov\/","name":"Paulding County","primary_latitude":"33.93","primary_longitude":"-84.86","state_abbreviation":"GA","state_name":"Georgia"},{"county_name":null,"description":null,"feat_class":"Civil","feature_id":"37042","fips_class":"H1","fips_county_cd":"225","full_county_name":null,"link_title":null,"url":"http:\/\/www.peachcounty.net\/","name":"Peach County","primary_latitude":"32.56","primary_longitude":"-83.83","state_abbreviation":"GA","state_name":"Georgia"},{"county_name":null,"description":null,"feat_class":"Civil","feature_id":"37046","fips_class":"H1","fips_county_cd":"233","full_county_name":null,"link_title":null,"url":"http:\/\/www.polkcountygeorgia.us\/","name":"Polk County","primary_latitude":"34","primary_longitude":"-85.18","state_abbreviation":"GA","state_name":"Georgia"},{"county_name":null,"description":null,"feat_class":"Civil","feature_id":"37048","fips_class":"H1","fips_county_cd":"237","full_county_name":null,"link_title":null,"url":"http:\/\/www.putnamcountyga.us\/","name":"Putnam County","primary_latitude":"33.33","primary_longitude":"-83.34","state_abbreviation":"GA","state_name":"Georgia"},{"county_name":null,"description":null,"feat_class":"Civil","feature_id":"37052","fips_class":"H1","fips_county_cd":"245","full_county_name":null,"link_title":null,"url":"http:\/\/www.augustaga.gov\/","name":"Richmond County","primary_latitude":"33.36","primary_longitude":"-82.09","state_abbreviation":"GA","state_name":"Georgia"},{"county_name":null,"description":null,"feat_class":"Civil","feature_id":"37053","fips_class":"H1","fips_county_cd":"247","full_county_name":null,"link_title":null,"url":"http:\/\/www.rockdalecounty.org\/","name":"Rockdale County","primary_latitude":"33.65","primary_longitude":"-84.01","state_abbreviation":"GA","state_name":"Georgia"},{"county_name":null,"description":null,"feat_class":"Civil","feature_id":"37057","fips_class":"H1","fips_county_cd":"255","full_county_name":null,"link_title":null,"url":"http:\/\/www.spaldingcounty.com\/","name":"Spalding County","primary_latitude":"33.26","primary_longitude":"-84.28","state_abbreviation":"GA","state_name":"Georgia"},{"county_name":null,"description":null,"feat_class":"Civil","feature_id":"37060","fips_class":"H1","fips_county_cd":"261","full_county_name":null,"link_title":null,"url":"http:\/\/www.sumtercountyga.us\/","name":"Sumter County","primary_latitude":"32.05","primary_longitude":"-84.18","state_abbreviation":"GA","state_name":"Georgia"},{"county_name":null,"description":null,"feat_class":"Civil","feature_id":"37063","fips_class":"H1","fips_county_cd":"267","full_county_name":null,"link_title":null,"url":"http:\/\/www.tattnall.com\/","name":"Tattnall County","primary_latitude":"32.05","primary_longitude":"-82.04","state_abbreviation":"GA","state_name":"Georgia"},{"county_name":null,"description":null,"feat_class":"Civil","feature_id":"37067","fips_class":"H1","fips_county_cd":"275","full_county_name":null,"link_title":null,"url":"http:\/\/www.thomascountyboc.org\/","name":"Thomas County","primary_latitude":"30.95","primary_longitude":"-83.86","state_abbreviation":"GA","state_name":"Georgia"},{"county_name":null,"description":null,"feat_class":"Civil","feature_id":"37068","fips_class":"H1","fips_county_cd":"277","full_county_name":null,"link_title":null,"url":"http:\/\/www.tiftcounty.org\/","name":"Tift County","primary_latitude":"31.45","primary_longitude":"-83.5","state_abbreviation":"GA","state_name":"Georgia"},{"county_name":null,"description":null,"feat_class":"Civil","feature_id":"37072","fips_class":"H1","fips_county_cd":"285","full_county_name":null,"link_title":null,"url":"http:\/\/www.troupcountyga.org\/","name":"Troup County","primary_latitude":"33.03","primary_longitude":"-85.03","state_abbreviation":"GA","state_name":"Georgia"},{"county_name":null,"description":null,"feat_class":"Civil","feature_id":"37074","fips_class":"H1","fips_county_cd":"289","full_county_name":null,"link_title":null,"url":"http:\/\/www.twiggscounty.us\/","name":"Twiggs County","primary_latitude":"32.68","primary_longitude":"-83.41","state_abbreviation":"GA","state_name":"Georgia"},{"county_name":null,"description":null,"feat_class":"Civil","feature_id":"37075","fips_class":"H1","fips_county_cd":"291","full_county_name":null,"link_title":null,"url":"http:\/\/www.unioncountyga.gov\/","name":"Union County","primary_latitude":"34.83","primary_longitude":"-83.96","state_abbreviation":"GA","state_name":"Georgia"},{"county_name":null,"description":null,"feat_class":"Civil","feature_id":"37077","fips_class":"H1","fips_county_cd":"295","full_county_name":null,"link_title":null,"url":"http:\/\/www.walkerga.us\/","name":"Walker County","primary_latitude":"34.75","primary_longitude":"-85.29","state_abbreviation":"GA","state_name":"Georgia"},{"county_name":null,"description":null,"feat_class":"Civil","feature_id":"37078","fips_class":"H1","fips_county_cd":"297","full_county_name":null,"link_title":null,"url":"http:\/\/www.waltoncountyga.org\/","name":"Walton County","primary_latitude":"33.76","primary_longitude":"-83.73","state_abbreviation":"GA","state_name":"Georgia"},{"county_name":null,"description":null,"feat_class":"Civil","feature_id":"37079","fips_class":"H1","fips_county_cd":"299","full_county_name":null,"link_title":null,"url":"http:\/\/www.warecounty.com\/","name":"Ware County","primary_latitude":"31.08","primary_longitude":"-82.49","state_abbreviation":"GA","state_name":"Georgia"},{"county_name":null,"description":null,"feat_class":"Civil","feature_id":"37082","fips_class":"H1","fips_county_cd":"305","full_county_name":null,"link_title":null,"url":"http:\/\/www.co.wayne.ga.us\/","name":"Wayne County","primary_latitude":"31.56","primary_longitude":"-81.89","state_abbreviation":"GA","state_name":"Georgia"},{"county_name":null,"description":null,"feat_class":"Civil","feature_id":"37085","fips_class":"H1","fips_county_cd":"311","full_county_name":null,"link_title":null,"url":"http:\/\/www.whitecounty.net\/","name":"White County","primary_latitude":"34.65","primary_longitude":"-83.74","state_abbreviation":"GA","state_name":"Georgia"},{"county_name":null,"description":null,"feat_class":"Civil","feature_id":"37086","fips_class":"H1","fips_county_cd":"313","full_county_name":null,"link_title":null,"url":"http:\/\/www.whitfieldcountyga.com\/","name":"Whitfield County","primary_latitude":"34.83","primary_longitude":"-84.96","state_abbreviation":"GA","state_name":"Georgia"}]