[{"county_name":null,"description":null,"feat_class":"Civil","feature_id":"37091","fips_class":"H1","fips_county_cd":"1","full_county_name":null,"link_title":null,"url":"http:\/\/www.hawaii-county.com\/","name":"Hawaii County","primary_latitude":"19.5","primary_longitude":"-155.5","state_abbreviation":"HI","state_name":"Hawaii"},{"county_name":null,"description":null,"feat_class":"Civil","feature_id":"37092","fips_class":"H6","fips_county_cd":"3","full_county_name":null,"link_title":null,"url":"http:\/\/www.honolulu.gov\/","name":"Honolulu County","primary_latitude":"21.4666667","primary_longitude":"-157.9666667","state_abbreviation":"HI","state_name":"Hawaii"},{"county_name":null,"description":null,"feat_class":"Civil","feature_id":"37094","fips_class":"H1","fips_county_cd":"7","full_county_name":null,"link_title":null,"url":"http:\/\/www.kauai.gov\/","name":"Kauai County","primary_latitude":"22.05","primary_longitude":"-159.5","state_abbreviation":"HI","state_name":"Hawaii"},{"county_name":null,"description":null,"feat_class":"Civil","feature_id":"37095","fips_class":"H1","fips_county_cd":"9","full_county_name":null,"link_title":null,"url":"http:\/\/www.co.maui.hi.us\/","name":"Maui County","primary_latitude":"20.86","primary_longitude":"-156.5","state_abbreviation":"HI","state_name":"Hawaii"}]