[{"county_name":null,"description":null,"feat_class":"Civil","feature_id":"37120","fips_class":"H1","fips_county_cd":"49","full_county_name":null,"link_title":null,"url":"http:\/\/www.co.dallas.ia.us\/","name":"Dallas County","primary_latitude":"41.68","primary_longitude":"-94.05","state_abbreviation":"IA","state_name":"Iowa"},{"county_name":null,"description":null,"feat_class":"Civil","feature_id":"37124","fips_class":"H1","fips_county_cd":"57","full_county_name":null,"link_title":null,"url":"http:\/\/www.co.des-moines.ia.us\/","name":"Des Moines County","primary_latitude":"40.91","primary_longitude":"-91.18","state_abbreviation":"IA","state_name":"Iowa"},{"county_name":null,"description":null,"feat_class":"Civil","feature_id":"37125","fips_class":"H1","fips_county_cd":"59","full_county_name":null,"link_title":null,"url":"http:\/\/www.co.dickinson.ia.us\/","name":"Dickinson County","primary_latitude":"43.38","primary_longitude":"-95.15","state_abbreviation":"IA","state_name":"Iowa"},{"county_name":null,"description":null,"feat_class":"Civil","feature_id":"37126","fips_class":"H1","fips_county_cd":"61","full_county_name":null,"link_title":null,"url":"http:\/\/www.dubuquecounty.org\/","name":"Dubuque County","primary_latitude":"42.48","primary_longitude":"-90.86","state_abbreviation":"IA","state_name":"Iowa"},{"county_name":null,"description":null,"feat_class":"Civil","feature_id":"37127","fips_class":"H1","fips_county_cd":"63","full_county_name":null,"link_title":null,"url":"http:\/\/www.emmetcountyia.com\/","name":"Emmet County","primary_latitude":"43.37","primary_longitude":"-94.66","state_abbreviation":"IA","state_name":"Iowa"},{"county_name":null,"description":null,"feat_class":"Civil","feature_id":"37129","fips_class":"H1","fips_county_cd":"67","full_county_name":null,"link_title":null,"url":"http:\/\/www.floydcoia.org\/","name":"Floyd County","primary_latitude":"43.06","primary_longitude":"-92.78","state_abbreviation":"IA","state_name":"Iowa"},{"county_name":null,"description":null,"feat_class":"Civil","feature_id":"37131","fips_class":"H1","fips_county_cd":"71","full_county_name":null,"link_title":null,"url":"http:\/\/www.co.fremont.ia.us\/","name":"Fremont County","primary_latitude":"40.75","primary_longitude":"-95.6","state_abbreviation":"IA","state_name":"Iowa"},{"county_name":null,"description":null,"feat_class":"Civil","feature_id":"37133","fips_class":"H1","fips_county_cd":"75","full_county_name":null,"link_title":null,"url":"http:\/\/www.grundycounty.org\/","name":"Grundy County","primary_latitude":"42.39","primary_longitude":"-92.8","state_abbreviation":"IA","state_name":"Iowa"},{"county_name":null,"description":null,"feat_class":"Civil","feature_id":"37135","fips_class":"H1","fips_county_cd":"79","full_county_name":null,"link_title":null,"url":"http:\/\/www.hamiltoncounty.org\/","name":"Hamilton County","primary_latitude":"42.38","primary_longitude":"-93.71","state_abbreviation":"IA","state_name":"Iowa"},{"county_name":null,"description":null,"feat_class":"Civil","feature_id":"37136","fips_class":"H1","fips_county_cd":"81","full_county_name":null,"link_title":null,"url":"http:\/\/www.hancockcountyia.org\/","name":"Hancock County","primary_latitude":"43.08","primary_longitude":"-93.71","state_abbreviation":"IA","state_name":"Iowa"},{"county_name":null,"description":null,"feat_class":"Civil","feature_id":"37138","fips_class":"H1","fips_county_cd":"85","full_county_name":null,"link_title":null,"url":"http:\/\/www.harrisoncountyia.org\/","name":"Harrison County","primary_latitude":"41.68","primary_longitude":"-95.78","state_abbreviation":"IA","state_name":"Iowa"},{"county_name":null,"description":null,"feat_class":"Civil","feature_id":"37139","fips_class":"H1","fips_county_cd":"87","full_county_name":null,"link_title":null,"url":"http:\/\/www.henrycountyiowa.us\/","name":"Henry County","primary_latitude":"40.98","primary_longitude":"-91.55","state_abbreviation":"IA","state_name":"Iowa"},{"county_name":null,"description":null,"feat_class":"Civil","feature_id":"37145","fips_class":"H1","fips_county_cd":"99","full_county_name":null,"link_title":null,"url":"http:\/\/www.co.jasper.ia.us\/","name":"Jasper County","primary_latitude":"41.68","primary_longitude":"-93.05","state_abbreviation":"IA","state_name":"Iowa"},{"county_name":null,"description":null,"feat_class":"Civil","feature_id":"37147","fips_class":"H1","fips_county_cd":"103","full_county_name":null,"link_title":null,"url":"http:\/\/www.johnson-county.com\/","name":"Johnson County","primary_latitude":"41.66","primary_longitude":"-91.53","state_abbreviation":"IA","state_name":"Iowa"},{"county_name":null,"description":null,"feat_class":"Civil","feature_id":"37148","fips_class":"H1","fips_county_cd":"105","full_county_name":null,"link_title":null,"url":"http:\/\/www.jonescountyiowa.org\/","name":"Jones County","primary_latitude":"42.11","primary_longitude":"-91.13","state_abbreviation":"IA","state_name":"Iowa"},{"county_name":null,"description":null,"feat_class":"Civil","feature_id":"37149","fips_class":"H1","fips_county_cd":"107","full_county_name":null,"link_title":null,"url":"http:\/\/www.keokukcountyia.com\/","name":"Keokuk County","primary_latitude":"41.33","primary_longitude":"-92.18","state_abbreviation":"IA","state_name":"Iowa"},{"county_name":null,"description":null,"feat_class":"Civil","feature_id":"37150","fips_class":"H1","fips_county_cd":"109","full_county_name":null,"link_title":null,"url":"http:\/\/www.co.kossuth.ia.us\/","name":"Kossuth County","primary_latitude":"43.19","primary_longitude":"-94.21","state_abbreviation":"IA","state_name":"Iowa"},{"county_name":null,"description":null,"feat_class":"Civil","feature_id":"37151","fips_class":"H1","fips_county_cd":"111","full_county_name":null,"link_title":null,"url":"http:\/\/www.leecounty.org\/","name":"Lee County","primary_latitude":"40.65","primary_longitude":"-91.48","state_abbreviation":"IA","state_name":"Iowa"},{"county_name":null,"description":null,"feat_class":"Civil","feature_id":"37152","fips_class":"H1","fips_county_cd":"113","full_county_name":null,"link_title":null,"url":"http:\/\/www.linncounty.org\/","name":"Linn County","primary_latitude":"42.06","primary_longitude":"-91.6","state_abbreviation":"IA","state_name":"Iowa"},{"county_name":null,"description":null,"feat_class":"Civil","feature_id":"37153","fips_class":"H1","fips_county_cd":"115","full_county_name":null,"link_title":null,"url":"http:\/\/www.louisacountyiowa.org\/","name":"Louisa County","primary_latitude":"41.23","primary_longitude":"-91.26","state_abbreviation":"IA","state_name":"Iowa"},{"county_name":null,"description":null,"feat_class":"Civil","feature_id":"37155","fips_class":"H1","fips_county_cd":"119","full_county_name":null,"link_title":null,"url":"http:\/\/www.lyoncountyiowa.com\/","name":"Lyon County","primary_latitude":"43.38","primary_longitude":"-96.25","state_abbreviation":"IA","state_name":"Iowa"},{"county_name":null,"description":null,"feat_class":"Civil","feature_id":"37156","fips_class":"H1","fips_county_cd":"121","full_county_name":null,"link_title":null,"url":"http:\/\/www.madisoncoia.us\/","name":"Madison County","primary_latitude":"41.33","primary_longitude":"-94.01","state_abbreviation":"IA","state_name":"Iowa"},{"county_name":null,"description":null,"feat_class":"Civil","feature_id":"37157","fips_class":"H1","fips_county_cd":"123","full_county_name":null,"link_title":null,"url":"http:\/\/www.mahaskacounty.org\/","name":"Mahaska County","primary_latitude":"41.33","primary_longitude":"-92.65","state_abbreviation":"IA","state_name":"Iowa"},{"county_name":null,"description":null,"feat_class":"Civil","feature_id":"37159","fips_class":"H1","fips_county_cd":"127","full_county_name":null,"link_title":null,"url":"http:\/\/www.co.marshall.ia.us\/","name":"Marshall County","primary_latitude":"42.03","primary_longitude":"-93","state_abbreviation":"IA","state_name":"Iowa"},{"county_name":null,"description":null,"feat_class":"Civil","feature_id":"37160","fips_class":"H1","fips_county_cd":"129","full_county_name":null,"link_title":null,"url":"http:\/\/www.millscoia.us\/","name":"Mills County","primary_latitude":"41.03","primary_longitude":"-95.61","state_abbreviation":"IA","state_name":"Iowa"},{"county_name":null,"description":null,"feat_class":"Civil","feature_id":"37165","fips_class":"H1","fips_county_cd":"139","full_county_name":null,"link_title":null,"url":"http:\/\/www.co.muscatine.ia.us\/","name":"Muscatine County","primary_latitude":"41.46","primary_longitude":"-91.13","state_abbreviation":"IA","state_name":"Iowa"},{"county_name":null,"description":null,"feat_class":"Civil","feature_id":"37170","fips_class":"H1","fips_county_cd":"149","full_county_name":null,"link_title":null,"url":"http:\/\/www.co.plymouth.ia.us\/","name":"Plymouth County","primary_latitude":"42.73","primary_longitude":"-96.23","state_abbreviation":"IA","state_name":"Iowa"},{"county_name":null,"description":null,"feat_class":"Civil","feature_id":"37172","fips_class":"H1","fips_county_cd":"153","full_county_name":null,"link_title":null,"url":"http:\/\/www.polkcountyiowa.gov\/","name":"Polk County","primary_latitude":"41.68","primary_longitude":"-93.58","state_abbreviation":"IA","state_name":"Iowa"},{"county_name":null,"description":null,"feat_class":"Civil","feature_id":"37173","fips_class":"H1","fips_county_cd":"155","full_county_name":null,"link_title":null,"url":"http:\/\/www.pottcounty.com\/","name":"Pottawattamie County","primary_latitude":"41.33","primary_longitude":"-95.53","state_abbreviation":"IA","state_name":"Iowa"},{"county_name":null,"description":null,"feat_class":"Civil","feature_id":"37175","fips_class":"H1","fips_county_cd":"159","full_county_name":null,"link_title":null,"url":"http:\/\/www.ringgoldcounty.us\/","name":"Ringgold County","primary_latitude":"40.75","primary_longitude":"-94.25","state_abbreviation":"IA","state_name":"Iowa"},{"county_name":null,"description":null,"feat_class":"Civil","feature_id":"37176","fips_class":"H1","fips_county_cd":"161","full_county_name":null,"link_title":null,"url":"http:\/\/www.saccounty.org\/","name":"Sac County","primary_latitude":"42.38","primary_longitude":"-95.11","state_abbreviation":"IA","state_name":"Iowa"},{"county_name":null,"description":null,"feat_class":"Civil","feature_id":"37177","fips_class":"H1","fips_county_cd":"163","full_county_name":null,"link_title":null,"url":"http:\/\/www.scottcountyiowa.com\/","name":"Scott County","primary_latitude":"41.63","primary_longitude":"-90.63","state_abbreviation":"IA","state_name":"Iowa"},{"county_name":null,"description":null,"feat_class":"Civil","feature_id":"37178","fips_class":"H1","fips_county_cd":"165","full_county_name":null,"link_title":null,"url":"http:\/\/www.shco.org\/","name":"Shelby County","primary_latitude":"41.68","primary_longitude":"-95.33","state_abbreviation":"IA","state_name":"Iowa"},{"county_name":null,"description":null,"feat_class":"Civil","feature_id":"37179","fips_class":"H1","fips_county_cd":"167","full_county_name":null,"link_title":null,"url":"http:\/\/www.siouxcounty.org\/","name":"Sioux County","primary_latitude":"42.73","primary_longitude":"-96.23","state_abbreviation":"IA","state_name":"Iowa"},{"county_name":null,"description":null,"feat_class":"Civil","feature_id":"37180","fips_class":"H1","fips_county_cd":"169","full_county_name":null,"link_title":null,"url":"http:\/\/www.storycounty.com\/","name":"Story County","primary_latitude":"42.03","primary_longitude":"-93.46","state_abbreviation":"IA","state_name":"Iowa"},{"county_name":null,"description":null,"feat_class":"Civil","feature_id":"37181","fips_class":"H1","fips_county_cd":"171","full_county_name":null,"link_title":null,"url":"http:\/\/www.tamacounty.org\/","name":"Tama County","primary_latitude":"42.06","primary_longitude":"-92.53","state_abbreviation":"IA","state_name":"Iowa"},{"county_name":null,"description":null,"feat_class":"Civil","feature_id":"37185","fips_class":"H1","fips_county_cd":"179","full_county_name":null,"link_title":null,"url":"http:\/\/www.wapellocounty.org\/","name":"Wapello County","primary_latitude":"41.03","primary_longitude":"-92.41","state_abbreviation":"IA","state_name":"Iowa"},{"county_name":null,"description":null,"feat_class":"Civil","feature_id":"37186","fips_class":"H1","fips_county_cd":"181","full_county_name":null,"link_title":null,"url":"http:\/\/www.co.warren.ia.us\/","name":"Warren County","primary_latitude":"41.33","primary_longitude":"-93.55","state_abbreviation":"IA","state_name":"Iowa"},{"county_name":null,"description":null,"feat_class":"Civil","feature_id":"37187","fips_class":"H1","fips_county_cd":"183","full_county_name":null,"link_title":null,"url":"http:\/\/co.washington.ia.us\/","name":"Washington County","primary_latitude":"41.33","primary_longitude":"-91.71","state_abbreviation":"IA","state_name":"Iowa"},{"county_name":null,"description":null,"feat_class":"Civil","feature_id":"37189","fips_class":"H1","fips_county_cd":"187","full_county_name":null,"link_title":null,"url":"http:\/\/webstercountyia.org\/","name":"Webster County","primary_latitude":"42.43","primary_longitude":"-94.16","state_abbreviation":"IA","state_name":"Iowa"},{"county_name":null,"description":null,"feat_class":"Civil","feature_id":"37192","fips_class":"H1","fips_county_cd":"193","full_county_name":null,"link_title":null,"url":"http:\/\/www.woodburyiowa.com\/","name":"Woodbury County","primary_latitude":"42.38","primary_longitude":"-96.03","state_abbreviation":"IA","state_name":"Iowa"},{"county_name":null,"description":null,"feat_class":"Civil","feature_id":"37193","fips_class":"H1","fips_county_cd":"195","full_county_name":null,"link_title":null,"url":"http:\/\/www.worthcounty.org\/","name":"Worth County","primary_latitude":"43.38","primary_longitude":"-93.26","state_abbreviation":"IA","state_name":"Iowa"},{"county_name":null,"description":null,"feat_class":"Civil","feature_id":"37194","fips_class":"H1","fips_county_cd":"197","full_county_name":null,"link_title":null,"url":"http:\/\/www.wrightcounty.org\/","name":"Wright County","primary_latitude":"42.73","primary_longitude":"-93.71","state_abbreviation":"IA","state_name":"Iowa"},{"county_name":null,"description":null,"feat_class":"Civil","feature_id":"37097","fips_class":"H1","fips_county_cd":"3","full_county_name":null,"link_title":null,"url":"http:\/\/www.adamscountyia.com\/","name":"Adams County","primary_latitude":"41.03","primary_longitude":"-94.7","state_abbreviation":"IA","state_name":"Iowa"},{"county_name":null,"description":null,"feat_class":"Civil","feature_id":"37098","fips_class":"H1","fips_county_cd":"5","full_county_name":null,"link_title":null,"url":"http:\/\/www.co.allamakee.ia.us\/","name":"Allamakee County","primary_latitude":"43.28","primary_longitude":"-91.36","state_abbreviation":"IA","state_name":"Iowa"},{"county_name":null,"description":null,"feat_class":"Civil","feature_id":"37102","fips_class":"H1","fips_county_cd":"13","full_county_name":null,"link_title":null,"url":"http:\/\/www.co.black-hawk.ia.us\/","name":"Black Hawk County","primary_latitude":"42.46","primary_longitude":"-92.31","state_abbreviation":"IA","state_name":"Iowa"},{"county_name":null,"description":null,"feat_class":"Civil","feature_id":"37103","fips_class":"H1","fips_county_cd":"15","full_county_name":null,"link_title":null,"url":"http:\/\/www.co.boone.ia.us\/","name":"Boone County","primary_latitude":"42.03","primary_longitude":"-93.93","state_abbreviation":"IA","state_name":"Iowa"},{"county_name":null,"description":null,"feat_class":"Civil","feature_id":"37104","fips_class":"H1","fips_county_cd":"17","full_county_name":null,"link_title":null,"url":"http:\/\/www.co.bremer.ia.us\/","name":"Bremer County","primary_latitude":"42.76","primary_longitude":"-92.31","state_abbreviation":"IA","state_name":"Iowa"},{"county_name":null,"description":null,"feat_class":"Civil","feature_id":"37105","fips_class":"H1","fips_county_cd":"19","full_county_name":null,"link_title":null,"url":"http:\/\/www.buchanancounty.com\/","name":"Buchanan County","primary_latitude":"42.46","primary_longitude":"-91.85","state_abbreviation":"IA","state_name":"Iowa"},{"county_name":null,"description":null,"feat_class":"Civil","feature_id":"37106","fips_class":"H1","fips_county_cd":"21","full_county_name":null,"link_title":null,"url":"http:\/\/www.co.buena-vista.ia.us\/","name":"Buena Vista County","primary_latitude":"42.73","primary_longitude":"-95.15","state_abbreviation":"IA","state_name":"Iowa"},{"county_name":null,"description":null,"feat_class":"Civil","feature_id":"37107","fips_class":"H1","fips_county_cd":"23","full_county_name":null,"link_title":null,"url":"http:\/\/www.butlercoiowa.org\/","name":"Butler County","primary_latitude":"42.73","primary_longitude":"-92.78","state_abbreviation":"IA","state_name":"Iowa"},{"county_name":null,"description":null,"feat_class":"Civil","feature_id":"37109","fips_class":"H1","fips_county_cd":"27","full_county_name":null,"link_title":null,"url":"http:\/\/www.co.carroll.ia.us\/","name":"Carroll County","primary_latitude":"42.03","primary_longitude":"-94.88","state_abbreviation":"IA","state_name":"Iowa"},{"county_name":null,"description":null,"feat_class":"Civil","feature_id":"37112","fips_class":"H1","fips_county_cd":"33","full_county_name":null,"link_title":null,"url":"http:\/\/www.co.cerro-gordo.ia.us\/","name":"Cerro Gordo County","primary_latitude":"43.08","primary_longitude":"-93.26","state_abbreviation":"IA","state_name":"Iowa"},{"county_name":null,"description":null,"feat_class":"Civil","feature_id":"37114","fips_class":"H1","fips_county_cd":"37","full_county_name":null,"link_title":null,"url":"http:\/\/www.chickasawcoia.org\/","name":"Chickasaw County","primary_latitude":"43.06","primary_longitude":"-92.31","state_abbreviation":"IA","state_name":"Iowa"},{"county_name":null,"description":null,"feat_class":"Civil","feature_id":"37115","fips_class":"H1","fips_county_cd":"39","full_county_name":null,"link_title":null,"url":"http:\/\/www.clarkecountyia.org\/","name":"Clarke County","primary_latitude":"41.03","primary_longitude":"-93.78","state_abbreviation":"IA","state_name":"Iowa"},{"county_name":null,"description":null,"feat_class":"Civil","feature_id":"37116","fips_class":"H1","fips_county_cd":"41","full_county_name":null,"link_title":null,"url":"http:\/\/www.co.clay.ia.us\/","name":"Clay County","primary_latitude":"43.08","primary_longitude":"-95.15","state_abbreviation":"IA","state_name":"Iowa"},{"county_name":null,"description":null,"feat_class":"Civil","feature_id":"37117","fips_class":"H1","fips_county_cd":"43","full_county_name":null,"link_title":null,"url":"http:\/\/www.claytoncountyiowa.net\/","name":"Clayton County","primary_latitude":"42.83","primary_longitude":"-91.36","state_abbreviation":"IA","state_name":"Iowa"},{"county_name":null,"description":null,"feat_class":"Civil","feature_id":"37118","fips_class":"H1","fips_county_cd":"45","full_county_name":null,"link_title":null,"url":"http:\/\/www.clintoncounty-ia.gov\/","name":"Clinton County","primary_latitude":"41.88","primary_longitude":"-90.55","state_abbreviation":"IA","state_name":"Iowa"},{"county_name":null,"description":null,"feat_class":"Civil","feature_id":"37119","fips_class":"H1","fips_county_cd":"47","full_county_name":null,"link_title":null,"url":"http:\/\/www.crawfordcounty.org\/","name":"Crawford County","primary_latitude":"42.03","primary_longitude":"-95.38","state_abbreviation":"IA","state_name":"Iowa"}]