[{"county_name":null,"description":null,"feat_class":"Civil","feature_id":"37195","fips_class":"H1","fips_county_cd":"1","full_county_name":null,"link_title":null,"url":"http:\/\/www.adaweb.net\/","name":"Ada County","primary_latitude":"43.41","primary_longitude":"-116.12","state_abbreviation":"ID","state_name":"Idaho"},{"county_name":null,"description":null,"feat_class":"Civil","feature_id":"37196","fips_class":"H1","fips_county_cd":"3","full_county_name":null,"link_title":null,"url":"http:\/\/www.co.adams.id.us\/","name":"Adams County","primary_latitude":"45.25","primary_longitude":"-116.62","state_abbreviation":"ID","state_name":"Idaho"},{"county_name":null,"description":null,"feat_class":"Civil","feature_id":"37197","fips_class":"H1","fips_county_cd":"5","full_county_name":null,"link_title":null,"url":"http:\/\/www.co.bannock.id.us\/","name":"Bannock County","primary_latitude":"42.65","primary_longitude":"-112.21","state_abbreviation":"ID","state_name":"Idaho"},{"county_name":null,"description":null,"feat_class":"Civil","feature_id":"37198","fips_class":"H1","fips_county_cd":"7","full_county_name":null,"link_title":null,"url":"http:\/\/www.bearlakecounty.info\/","name":"Bear Lake County","primary_latitude":"42.31","primary_longitude":"-111.31","state_abbreviation":"ID","state_name":"Idaho"},{"county_name":null,"description":null,"feat_class":"Civil","feature_id":"37201","fips_class":"H1","fips_county_cd":"13","full_county_name":null,"link_title":null,"url":"http:\/\/www.co.blaine.id.us\/","name":"Blaine County","primary_latitude":"43.91","primary_longitude":"-114.87","state_abbreviation":"ID","state_name":"Idaho"},{"county_name":null,"description":null,"feat_class":"Civil","feature_id":"37202","fips_class":"H1","fips_county_cd":"15","full_county_name":null,"link_title":null,"url":"http:\/\/www.boisecounty.us\/","name":"Boise County","primary_latitude":"44.29","primary_longitude":"-115.37","state_abbreviation":"ID","state_name":"Idaho"},{"county_name":null,"description":null,"feat_class":"Civil","feature_id":"37203","fips_class":"H1","fips_county_cd":"17","full_county_name":null,"link_title":null,"url":"http:\/\/www.co.bonner.id.us\/","name":"Bonner County","primary_latitude":"48.83","primary_longitude":"-117","state_abbreviation":"ID","state_name":"Idaho"},{"county_name":null,"description":null,"feat_class":"Civil","feature_id":"37204","fips_class":"H1","fips_county_cd":"19","full_county_name":null,"link_title":null,"url":"http:\/\/www.co.bonneville.id.us\/","name":"Bonneville County","primary_latitude":"43.41","primary_longitude":"-111.5","state_abbreviation":"ID","state_name":"Idaho"},{"county_name":null,"description":null,"feat_class":"Civil","feature_id":"37208","fips_class":"H1","fips_county_cd":"27","full_county_name":null,"link_title":null,"url":"http:\/\/www.canyonco.org","name":"Canyon County","primary_latitude":"43.87","primary_longitude":"-116.95","state_abbreviation":"ID","state_name":"Idaho"},{"county_name":null,"description":null,"feat_class":"Civil","feature_id":"37210","fips_class":"H1","fips_county_cd":"31","full_county_name":null,"link_title":null,"url":"http:\/\/www.cassiacounty.org\/","name":"Cassia County","primary_latitude":"42.31","primary_longitude":"-113.56","state_abbreviation":"ID","state_name":"Idaho"},{"county_name":null,"description":null,"feat_class":"Civil","feature_id":"37212","fips_class":"H1","fips_county_cd":"35","full_county_name":null,"link_title":null,"url":"http:\/\/www.clearwatercounty.org\/","name":"Clearwater County","primary_latitude":"46.54","primary_longitude":"-115.37","state_abbreviation":"ID","state_name":"Idaho"},{"county_name":null,"description":null,"feat_class":"Civil","feature_id":"37213","fips_class":"H1","fips_county_cd":"37","full_county_name":null,"link_title":null,"url":"http:\/\/www.co.custer.id.us\/","name":"Custer County","primary_latitude":"44.87","primary_longitude":"-114.22","state_abbreviation":"ID","state_name":"Idaho"},{"county_name":null,"description":null,"feat_class":"Civil","feature_id":"37214","fips_class":"H1","fips_county_cd":"39","full_county_name":null,"link_title":null,"url":"http:\/\/www.elmorecounty.org\/","name":"Elmore County","primary_latitude":"43.31","primary_longitude":"-115.43","state_abbreviation":"ID","state_name":"Idaho"},{"county_name":null,"description":null,"feat_class":"Civil","feature_id":"37216","fips_class":"H1","fips_county_cd":"43","full_county_name":null,"link_title":null,"url":"http:\/\/www.co.fremont.id.us\/","name":"Fremont County","primary_latitude":"44.75","primary_longitude":"-111.37","state_abbreviation":"ID","state_name":"Idaho"},{"county_name":null,"description":null,"feat_class":"Civil","feature_id":"37217","fips_class":"H1","fips_county_cd":"45","full_county_name":null,"link_title":null,"url":"http:\/\/www.co.gem.id.us\/","name":"Gem County","primary_latitude":"44.5","primary_longitude":"-116.2","state_abbreviation":"ID","state_name":"Idaho"},{"county_name":null,"description":null,"feat_class":"Civil","feature_id":"37219","fips_class":"H1","fips_county_cd":"49","full_county_name":null,"link_title":null,"url":"http:\/\/www.idahocounty.org\/","name":"Idaho County","primary_latitude":"45.95","primary_longitude":"-114.62","state_abbreviation":"ID","state_name":"Idaho"},{"county_name":null,"description":null,"feat_class":"Civil","feature_id":"37220","fips_class":"H1","fips_county_cd":"51","full_county_name":null,"link_title":null,"url":"http:\/\/www.co.jefferson.id.us\/","name":"Jefferson County","primary_latitude":"44.04","primary_longitude":"-112.62","state_abbreviation":"ID","state_name":"Idaho"},{"county_name":null,"description":null,"feat_class":"Civil","feature_id":"37221","fips_class":"H1","fips_county_cd":"53","full_county_name":null,"link_title":null,"url":"http:\/\/www.jeromecounty.org\/","name":"Jerome County","primary_latitude":"42.79","primary_longitude":"-114.5","state_abbreviation":"ID","state_name":"Idaho"},{"county_name":null,"description":null,"feat_class":"Civil","feature_id":"37222","fips_class":"H1","fips_county_cd":"55","full_county_name":null,"link_title":null,"url":"http:\/\/www.co.kootenai.id.us\/","name":"Kootenai County","primary_latitude":"47.7","primary_longitude":"-116.62","state_abbreviation":"ID","state_name":"Idaho"},{"county_name":null,"description":null,"feat_class":"Civil","feature_id":"37223","fips_class":"H1","fips_county_cd":"57","full_county_name":null,"link_title":null,"url":"http:\/\/www.latah.id.us\/","name":"Latah County","primary_latitude":"47.12","primary_longitude":"-117","state_abbreviation":"ID","state_name":"Idaho"},{"county_name":null,"description":null,"feat_class":"Civil","feature_id":"37225","fips_class":"H1","fips_county_cd":"61","full_county_name":null,"link_title":null,"url":"http:\/\/www.lewiscountyid.us\/","name":"Lewis County","primary_latitude":"46.16","primary_longitude":"-116.62","state_abbreviation":"ID","state_name":"Idaho"},{"county_name":null,"description":null,"feat_class":"Civil","feature_id":"37227","fips_class":"H1","fips_county_cd":"65","full_county_name":null,"link_title":null,"url":"http:\/\/www.co.madison.id.us\/","name":"Madison County","primary_latitude":"43.91","primary_longitude":"-111.87","state_abbreviation":"ID","state_name":"Idaho"},{"county_name":null,"description":null,"feat_class":"Civil","feature_id":"37228","fips_class":"H1","fips_county_cd":"67","full_county_name":null,"link_title":null,"url":"http:\/\/www.minidoka.id.us\/","name":"Minidoka County","primary_latitude":"43.16","primary_longitude":"-113.62","state_abbreviation":"ID","state_name":"Idaho"},{"county_name":null,"description":null,"feat_class":"Civil","feature_id":"37229","fips_class":"H1","fips_county_cd":"69","full_county_name":null,"link_title":null,"url":"http:\/\/www.co.nezperce.id.us\/","name":"Nez Perce County","primary_latitude":"46.62","primary_longitude":"-116.62","state_abbreviation":"ID","state_name":"Idaho"},{"county_name":null,"description":null,"feat_class":"Civil","feature_id":"37231","fips_class":"H1","fips_county_cd":"73","full_county_name":null,"link_title":null,"url":"http:\/\/www.owyheecounty.net\/","name":"Owyhee County","primary_latitude":"42.55","primary_longitude":"-116.06","state_abbreviation":"ID","state_name":"Idaho"},{"county_name":null,"description":null,"feat_class":"Civil","feature_id":"37232","fips_class":"H1","fips_county_cd":"75","full_county_name":null,"link_title":null,"url":"http:\/\/www.payettecounty.org\/","name":"Payette County","primary_latitude":"44.12","primary_longitude":"-116.87","state_abbreviation":"ID","state_name":"Idaho"},{"county_name":null,"description":null,"feat_class":"Civil","feature_id":"37233","fips_class":"H1","fips_county_cd":"77","full_county_name":null,"link_title":null,"url":"http:\/\/www.co.power.id.us\/","name":"Power County","primary_latitude":"42.69","primary_longitude":"-112.81","state_abbreviation":"ID","state_name":"Idaho"},{"county_name":null,"description":null,"feat_class":"Civil","feature_id":"37235","fips_class":"H1","fips_county_cd":"81","full_county_name":null,"link_title":null,"url":"http:\/\/tetoncountyidaho.gov\/","name":"Teton County","primary_latitude":"43.91","primary_longitude":"-111.37","state_abbreviation":"ID","state_name":"Idaho"},{"county_name":null,"description":null,"feat_class":"Civil","feature_id":"37236","fips_class":"H1","fips_county_cd":"83","full_county_name":null,"link_title":null,"url":"http:\/\/www.twinfallscounty.org\/","name":"Twin Falls County","primary_latitude":"42.35","primary_longitude":"-114.64","state_abbreviation":"ID","state_name":"Idaho"},{"county_name":null,"description":null,"feat_class":"Civil","feature_id":"37238","fips_class":"H1","fips_county_cd":"87","full_county_name":null,"link_title":null,"url":"http:\/\/www.co.washington.id.us\/","name":"Washington County","primary_latitude":"44.75","primary_longitude":"-117","state_abbreviation":"ID","state_name":"Idaho"}]