[{"county_name":null,"description":null,"feat_class":"Civil","feature_id":"37378","fips_class":"H1","fips_county_cd":"75","full_county_name":null,"link_title":null,"url":"http:\/\/www.co.jay.in.us\/","name":"Jay County","primary_latitude":"40.43","primary_longitude":"-84.97","state_abbreviation":"IN","state_name":"Indiana"},{"county_name":null,"description":null,"feat_class":"Civil","feature_id":"37381","fips_class":"H1","fips_county_cd":"81","full_county_name":null,"link_title":null,"url":"http:\/\/www.co.johnson.in.us\/","name":"Johnson County","primary_latitude":"39.48","primary_longitude":"-86.05","state_abbreviation":"IN","state_name":"Indiana"},{"county_name":null,"description":null,"feat_class":"Civil","feature_id":"37383","fips_class":"H1","fips_county_cd":"85","full_county_name":null,"link_title":null,"url":"http:\/\/www.kcgov.com\/","name":"Kosciusko County","primary_latitude":"41.23","primary_longitude":"-85.85","state_abbreviation":"IN","state_name":"Indiana"},{"county_name":null,"description":null,"feat_class":"Civil","feature_id":"37384","fips_class":"H1","fips_county_cd":"87","full_county_name":null,"link_title":null,"url":"http:\/\/www.lagrangecounty.org\/","name":"LaGrange County","primary_latitude":"41.64","primary_longitude":"-85.41","state_abbreviation":"IN","state_name":"Indiana"},{"county_name":null,"description":null,"feat_class":"Civil","feature_id":"37385","fips_class":"H1","fips_county_cd":"89","full_county_name":null,"link_title":null,"url":"http:\/\/www.lakecountyin.org\/","name":"Lake County","primary_latitude":"41.41","primary_longitude":"-87.36","state_abbreviation":"IN","state_name":"Indiana"},{"county_name":null,"description":null,"feat_class":"Civil","feature_id":"37388","fips_class":"H1","fips_county_cd":"95","full_county_name":null,"link_title":null,"url":"http:\/\/www.madisoncountyindiana.org\/","name":"Madison County","primary_latitude":"40.19","primary_longitude":"-85.68","state_abbreviation":"IN","state_name":"Indiana"},{"county_name":null,"description":null,"feat_class":"Civil","feature_id":"37390","fips_class":"H1","fips_county_cd":"99","full_county_name":null,"link_title":null,"url":"http:\/\/www.co.marshall.in.us\/","name":"Marshall County","primary_latitude":"41.34","primary_longitude":"-86.3","state_abbreviation":"IN","state_name":"Indiana"},{"county_name":null,"description":null,"feat_class":"Civil","feature_id":"37393","fips_class":"H1","fips_county_cd":"105","full_county_name":null,"link_title":null,"url":"http:\/\/www.co.monroe.in.us\/","name":"Monroe County","primary_latitude":"39.16","primary_longitude":"-86.52","state_abbreviation":"IN","state_name":"Indiana"},{"county_name":null,"description":null,"feat_class":"Civil","feature_id":"37395","fips_class":"H1","fips_county_cd":"109","full_county_name":null,"link_title":null,"url":"http:\/\/www.morgancounty-il.com\/","name":"Morgan County","primary_latitude":"39.42","primary_longitude":"-86.42","state_abbreviation":"IN","state_name":"Indiana"},{"county_name":null,"description":null,"feat_class":"Civil","feature_id":"37396","fips_class":"H1","fips_county_cd":"111","full_county_name":null,"link_title":null,"url":"http:\/\/www.newtoncountyin.com\/","name":"Newton County","primary_latitude":"41.01","primary_longitude":"-87.44","state_abbreviation":"IN","state_name":"Indiana"},{"county_name":null,"description":null,"feat_class":"Civil","feature_id":"37397","fips_class":"H1","fips_county_cd":"113","full_county_name":null,"link_title":null,"url":"http:\/\/www.nobleco.org\/","name":"Noble County","primary_latitude":"41.39","primary_longitude":"-85.42","state_abbreviation":"IN","state_name":"Indiana"},{"county_name":null,"description":null,"feat_class":"Civil","feature_id":"37399","fips_class":"H1","fips_county_cd":"117","full_county_name":null,"link_title":null,"url":"http:\/\/epics.co.orange.in.us\/","name":"Orange County","primary_latitude":"38.55","primary_longitude":"-86.46","state_abbreviation":"IN","state_name":"Indiana"},{"county_name":null,"description":null,"feat_class":"Civil","feature_id":"37402","fips_class":"H1","fips_county_cd":"123","full_county_name":null,"link_title":null,"url":"http:\/\/www.perrycountyin.org\/","name":"Perry County","primary_latitude":"38.1","primary_longitude":"-86.58","state_abbreviation":"IN","state_name":"Indiana"},{"county_name":null,"description":null,"feat_class":"Civil","feature_id":"37404","fips_class":"H1","fips_county_cd":"127","full_county_name":null,"link_title":null,"url":"http:\/\/www.porterco.org\/","name":"Porter County","primary_latitude":"41.47","primary_longitude":"-87.06","state_abbreviation":"IN","state_name":"Indiana"},{"county_name":null,"description":null,"feat_class":"Civil","feature_id":"37407","fips_class":"H1","fips_county_cd":"133","full_county_name":null,"link_title":null,"url":"http:\/\/co.putnam.in.us\/","name":"Putnam County","primary_latitude":"39.64","primary_longitude":"-86.86","state_abbreviation":"IN","state_name":"Indiana"},{"county_name":null,"description":null,"feat_class":"Civil","feature_id":"37409","fips_class":"H1","fips_county_cd":"137","full_county_name":null,"link_title":null,"url":"http:\/\/www.ripleycounty.com\/","name":"Ripley County","primary_latitude":"39.07","primary_longitude":"-85.25","state_abbreviation":"IN","state_name":"Indiana"},{"county_name":null,"description":null,"feat_class":"Civil","feature_id":"37410","fips_class":"H1","fips_county_cd":"139","full_county_name":null,"link_title":null,"url":"http:\/\/www.rushcounty.in.gov\/","name":"Rush County","primary_latitude":"39.6","primary_longitude":"-85.44","state_abbreviation":"IN","state_name":"Indiana"},{"county_name":null,"description":null,"feat_class":"Civil","feature_id":"37411","fips_class":"H1","fips_county_cd":"141","full_county_name":null,"link_title":null,"url":"http:\/\/www.stjosephcountyindiana.com\/","name":"Saint Joseph County","primary_latitude":"41.67","primary_longitude":"-86.23","state_abbreviation":"IN","state_name":"Indiana"},{"county_name":null,"description":null,"feat_class":"Civil","feature_id":"37415","fips_class":"H1","fips_county_cd":"149","full_county_name":null,"link_title":null,"url":"http:\/\/www.in-map.net\/counties\/STARKE\/government\/","name":"Starke County","primary_latitude":"41.29","primary_longitude":"-86.62","state_abbreviation":"IN","state_name":"Indiana"},{"county_name":null,"description":null,"feat_class":"Civil","feature_id":"37416","fips_class":"H1","fips_county_cd":"151","full_county_name":null,"link_title":null,"url":"http:\/\/www.co.steuben.in.us\/","name":"Steuben County","primary_latitude":"41.63","primary_longitude":"-84.99","state_abbreviation":"IN","state_name":"Indiana"},{"county_name":null,"description":null,"feat_class":"Civil","feature_id":"37419","fips_class":"H1","fips_county_cd":"157","full_county_name":null,"link_title":null,"url":"http:\/\/www.co.tippecanoe.in.us\/","name":"Tippecanoe County","primary_latitude":"40.41","primary_longitude":"-86.89","state_abbreviation":"IN","state_name":"Indiana"},{"county_name":null,"description":null,"feat_class":"Civil","feature_id":"37422","fips_class":"H1","fips_county_cd":"163","full_county_name":null,"link_title":null,"url":"http:\/\/www.vanderburghgov.org\/","name":"Vanderburgh County","primary_latitude":"38.08","primary_longitude":"-87.55","state_abbreviation":"IN","state_name":"Indiana"},{"county_name":null,"description":null,"feat_class":"Civil","feature_id":"37424","fips_class":"H1","fips_county_cd":"167","full_county_name":null,"link_title":null,"url":"http:\/\/www.vigocounty.in.gov\/","name":"Vigo County","primary_latitude":"39.46","primary_longitude":"-87.41","state_abbreviation":"IN","state_name":"Indiana"},{"county_name":null,"description":null,"feat_class":"Civil","feature_id":"37427","fips_class":"H1","fips_county_cd":"173","full_county_name":null,"link_title":null,"url":"http:\/\/www.warrickcounty.gov\/","name":"Warrick County","primary_latitude":"38.04","primary_longitude":"-87.27","state_abbreviation":"IN","state_name":"Indiana"},{"county_name":null,"description":null,"feat_class":"Civil","feature_id":"37428","fips_class":"H1","fips_county_cd":"175","full_county_name":null,"link_title":null,"url":"http:\/\/www.washingtoncountyindiana.com\/","name":"Washington County","primary_latitude":"38.6","primary_longitude":"-86.09","state_abbreviation":"IN","state_name":"Indiana"},{"county_name":null,"description":null,"feat_class":"Civil","feature_id":"37429","fips_class":"H1","fips_county_cd":"177","full_county_name":null,"link_title":null,"url":"http:\/\/www.co.wayne.in.us\/","name":"Wayne County","primary_latitude":"39.81","primary_longitude":"-84.99","state_abbreviation":"IN","state_name":"Indiana"},{"county_name":null,"description":null,"feat_class":"Civil","feature_id":"37430","fips_class":"H1","fips_county_cd":"179","full_county_name":null,"link_title":null,"url":"http:\/\/www.wellscounty.org\/","name":"Wells County","primary_latitude":"40.73","primary_longitude":"-85.17","state_abbreviation":"IN","state_name":"Indiana"},{"county_name":"Miami","description":null,"feat_class":"Civil","feature_id":"138132","fips_class":"H1","fips_county_cd":"103","full_county_name":"Miami County","link_title":null,"url":"http:\/\/www.miamicountyin.gov\/","name":"Miami County","primary_latitude":null,"primary_longitude":null,"state_abbreviation":"IN","state_name":"Indiana"},{"county_name":null,"description":null,"feat_class":"Civil","feature_id":"37341","fips_class":"H1","fips_county_cd":"1","full_county_name":null,"link_title":null,"url":"http:\/\/www.co.adams.in.us\/","name":"Adams County","primary_latitude":"40.74","primary_longitude":"-84.93","state_abbreviation":"IN","state_name":"Indiana"},{"county_name":null,"description":null,"feat_class":"Civil","feature_id":"37342","fips_class":"H1","fips_county_cd":"3","full_county_name":null,"link_title":null,"url":"http:\/\/www.allencounty.us\/","name":"Allen County","primary_latitude":"41.07","primary_longitude":"-85.01","state_abbreviation":"IN","state_name":"Indiana"},{"county_name":null,"description":null,"feat_class":"Civil","feature_id":"37343","fips_class":"H1","fips_county_cd":"5","full_county_name":null,"link_title":null,"url":"http:\/\/bartholomewco.com\/","name":"Bartholomew County","primary_latitude":"39.2","primary_longitude":"-85.92","state_abbreviation":"IN","state_name":"Indiana"},{"county_name":null,"description":null,"feat_class":"Civil","feature_id":"37345","fips_class":"H1","fips_county_cd":"9","full_county_name":null,"link_title":null,"url":"http:\/\/www.blackfordcounty.com\/","name":"Blackford County","primary_latitude":"40.45","primary_longitude":"-85.36","state_abbreviation":"IN","state_name":"Indiana"},{"county_name":null,"description":null,"feat_class":"Civil","feature_id":"37346","fips_class":"H1","fips_county_cd":"11","full_county_name":null,"link_title":null,"url":"http:\/\/www.bccn.boone.in.us\/","name":"Boone County","primary_latitude":"40.04","primary_longitude":"-86.46","state_abbreviation":"IN","state_name":"Indiana"},{"county_name":null,"description":null,"feat_class":"Civil","feature_id":"37350","fips_class":"H1","fips_county_cd":"19","full_county_name":null,"link_title":null,"url":"http:\/\/www.co.clark.in.us\/","name":"Clark County","primary_latitude":"38.48","primary_longitude":"-85.76","state_abbreviation":"IN","state_name":"Indiana"},{"county_name":null,"description":null,"feat_class":"Civil","feature_id":"37355","fips_class":"H1","fips_county_cd":"29","full_county_name":null,"link_title":null,"url":"http:\/\/www.dearborncounty.org\/","name":"Dearborn County","primary_latitude":"39.16","primary_longitude":"-84.91","state_abbreviation":"IN","state_name":"Indiana"},{"county_name":null,"description":null,"feat_class":"Civil","feature_id":"37356","fips_class":"H1","fips_county_cd":"31","full_county_name":null,"link_title":null,"url":"http:\/\/www.decaturcounty.in.gov\/","name":"Decatur County","primary_latitude":"39.33","primary_longitude":"-85.48","state_abbreviation":"IN","state_name":"Indiana"},{"county_name":null,"description":null,"feat_class":"Civil","feature_id":"37357","fips_class":"H1","fips_county_cd":"33","full_county_name":null,"link_title":null,"url":"http:\/\/www.co.dekalb.in.us\/","name":"DeKalb County","primary_latitude":"41.36","primary_longitude":"-85.05","state_abbreviation":"IN","state_name":"Indiana"},{"county_name":null,"description":null,"feat_class":"Civil","feature_id":"37358","fips_class":"H1","fips_county_cd":"35","full_county_name":null,"link_title":null,"url":"http:\/\/www.co.delaware.in.us\/","name":"Delaware County","primary_latitude":"40.19","primary_longitude":"-85.38","state_abbreviation":"IN","state_name":"Indiana"},{"county_name":null,"description":null,"feat_class":"Civil","feature_id":"37360","fips_class":"H1","fips_county_cd":"39","full_county_name":null,"link_title":null,"url":"http:\/\/www.elkhartcountyindiana.com\/","name":"Elkhart County","primary_latitude":"41.58","primary_longitude":"-85.83","state_abbreviation":"IN","state_name":"Indiana"},{"county_name":null,"description":null,"feat_class":"Civil","feature_id":"37361","fips_class":"H1","fips_county_cd":"41","full_county_name":null,"link_title":null,"url":"http:\/\/www.co.fayette.in.us\/","name":"Fayette County","primary_latitude":"39.75","primary_longitude":"-85.25","state_abbreviation":"IN","state_name":"Indiana"},{"county_name":null,"description":null,"feat_class":"Civil","feature_id":"37362","fips_class":"H1","fips_county_cd":"43","full_county_name":null,"link_title":null,"url":"http:\/\/www.floydcounty.in.gov\/","name":"Floyd County","primary_latitude":"38.32","primary_longitude":"-85.87","state_abbreviation":"IN","state_name":"Indiana"},{"county_name":null,"description":null,"feat_class":"Civil","feature_id":"37363","fips_class":"H1","fips_county_cd":"45","full_county_name":null,"link_title":null,"url":"http:\/\/www.co.fountain.in.us\/","name":"Fountain County","primary_latitude":"40.11","primary_longitude":"-87.26","state_abbreviation":"IN","state_name":"Indiana"},{"county_name":null,"description":null,"feat_class":"Civil","feature_id":"37365","fips_class":"H1","fips_county_cd":"49","full_county_name":null,"link_title":null,"url":"http:\/\/www.co.fulton.in.us\/","name":"Fulton County","primary_latitude":"41.06","primary_longitude":"-86.21","state_abbreviation":"IN","state_name":"Indiana"},{"county_name":null,"description":null,"feat_class":"Civil","feature_id":"37367","fips_class":"H1","fips_county_cd":"53","full_county_name":null,"link_title":null,"url":"http:\/\/www.grantcounty.net\/","name":"Grant County","primary_latitude":"40.55","primary_longitude":"-85.65","state_abbreviation":"IN","state_name":"Indiana"},{"county_name":null,"description":null,"feat_class":"Civil","feature_id":"37369","fips_class":"H1","fips_county_cd":"57","full_county_name":null,"link_title":null,"url":"http:\/\/www.co.hamilton.in.us\/","name":"Hamilton County","primary_latitude":"40.04","primary_longitude":"-86","state_abbreviation":"IN","state_name":"Indiana"},{"county_name":null,"description":null,"feat_class":"Civil","feature_id":"37370","fips_class":"H1","fips_county_cd":"59","full_county_name":null,"link_title":null,"url":"http:\/\/www.hancockcoingov.org\/","name":"Hancock County","primary_latitude":"39.78","primary_longitude":"-85.76","state_abbreviation":"IN","state_name":"Indiana"},{"county_name":null,"description":null,"feat_class":"Civil","feature_id":"37372","fips_class":"H1","fips_county_cd":"63","full_county_name":null,"link_title":null,"url":"http:\/\/www.co.hendricks.in.us\/","name":"Hendricks County","primary_latitude":"39.76","primary_longitude":"-86.52","state_abbreviation":"IN","state_name":"Indiana"},{"county_name":null,"description":null,"feat_class":"Civil","feature_id":"37373","fips_class":"H1","fips_county_cd":"65","full_county_name":null,"link_title":null,"url":"http:\/\/www.henryco.net\/","name":"Henry County","primary_latitude":"39.92","primary_longitude":"-85.37","state_abbreviation":"IN","state_name":"Indiana"},{"county_name":null,"description":null,"feat_class":"Civil","feature_id":"37374","fips_class":"H1","fips_county_cd":"67","full_county_name":null,"link_title":null,"url":"http:\/\/www.co.howard.in.us\/","name":"Howard County","primary_latitude":"40.48","primary_longitude":"-86.13","state_abbreviation":"IN","state_name":"Indiana"},{"county_name":null,"description":null,"feat_class":"Civil","feature_id":"37375","fips_class":"H1","fips_county_cd":"69","full_county_name":null,"link_title":null,"url":"http:\/\/www.huntington.in.us\/","name":"Huntington County","primary_latitude":"40.88","primary_longitude":"-85.49","state_abbreviation":"IN","state_name":"Indiana"}]