[{"county_name":null,"description":null,"feat_class":"Civil","feature_id":"37433","fips_class":"H1","fips_county_cd":"1","full_county_name":null,"link_title":null,"url":"http:\/\/www.allencounty.org\/","name":"Allen County","primary_latitude":"37.88","primary_longitude":"-95.28","state_abbreviation":"KS","state_name":"Kansas"},{"county_name":null,"description":null,"feat_class":"Civil","feature_id":"37435","fips_class":"H1","fips_county_cd":"5","full_county_name":null,"link_title":null,"url":"http:\/\/www.atchisoncountyks.org\/","name":"Atchison County","primary_latitude":"39.53","primary_longitude":"-95.3","state_abbreviation":"KS","state_name":"Kansas"},{"county_name":null,"description":null,"feat_class":"Civil","feature_id":"37437","fips_class":"H1","fips_county_cd":"9","full_county_name":null,"link_title":null,"url":"http:\/\/www.bartoncounty.org\/","name":"Barton County","primary_latitude":"38.46","primary_longitude":"-98.76","state_abbreviation":"KS","state_name":"Kansas"},{"county_name":null,"description":null,"feat_class":"Civil","feature_id":"37438","fips_class":"H1","fips_county_cd":"11","full_county_name":null,"link_title":null,"url":"http:\/\/www.bourboncountyks.org\/","name":"Bourbon County","primary_latitude":"37.85","primary_longitude":"-94.85","state_abbreviation":"KS","state_name":"Kansas"},{"county_name":null,"description":null,"feat_class":"Civil","feature_id":"37439","fips_class":"H1","fips_county_cd":"13","full_county_name":null,"link_title":null,"url":"http:\/\/ks-brown.manatron.com\/","name":"Brown County","primary_latitude":"39.8","primary_longitude":"-95.58","state_abbreviation":"KS","state_name":"Kansas"},{"county_name":null,"description":null,"feat_class":"Civil","feature_id":"37440","fips_class":"H1","fips_county_cd":"15","full_county_name":null,"link_title":null,"url":"http:\/\/www.bucoks.com\/","name":"Butler County","primary_latitude":"37.78","primary_longitude":"-96.83","state_abbreviation":"KS","state_name":"Kansas"},{"county_name":null,"description":null,"feat_class":"Civil","feature_id":"37444","fips_class":"H1","fips_county_cd":"23","full_county_name":null,"link_title":null,"url":"http:\/\/www.cheyennecounty.org\/","name":"Cheyenne County","primary_latitude":"39.79","primary_longitude":"-101.8","state_abbreviation":"KS","state_name":"Kansas"},{"county_name":null,"description":null,"feat_class":"Civil","feature_id":"37446","fips_class":"H1","fips_county_cd":"27","full_county_name":null,"link_title":null,"url":"http:\/\/www.claycountykansas.org\/","name":"Clay County","primary_latitude":"39.34","primary_longitude":"-97.16","state_abbreviation":"KS","state_name":"Kansas"},{"county_name":null,"description":null,"feat_class":"Civil","feature_id":"37447","fips_class":"H1","fips_county_cd":"29","full_county_name":null,"link_title":null,"url":"http:\/\/www.cloudcountyks.org\/","name":"Cloud County","primary_latitude":"39.48","primary_longitude":"-97.65","state_abbreviation":"KS","state_name":"Kansas"},{"county_name":null,"description":null,"feat_class":"Civil","feature_id":"37448","fips_class":"H1","fips_county_cd":"31","full_county_name":null,"link_title":null,"url":"http:\/\/www.coffeycountyks.org\/","name":"Coffey County","primary_latitude":"38.23","primary_longitude":"-95.73","state_abbreviation":"KS","state_name":"Kansas"},{"county_name":null,"description":null,"feat_class":"Civil","feature_id":"37450","fips_class":"H1","fips_county_cd":"35","full_county_name":null,"link_title":null,"url":"http:\/\/www.cowleycounty.org\/","name":"Cowley County","primary_latitude":"37.23","primary_longitude":"-96.83","state_abbreviation":"KS","state_name":"Kansas"},{"county_name":null,"description":null,"feat_class":"Civil","feature_id":"37451","fips_class":"H1","fips_county_cd":"37","full_county_name":null,"link_title":null,"url":"http:\/\/www.crawfordcountykansas.org\/","name":"Crawford County","primary_latitude":"37.51","primary_longitude":"-94.85","state_abbreviation":"KS","state_name":"Kansas"},{"county_name":null,"description":null,"feat_class":"Civil","feature_id":"37453","fips_class":"H1","fips_county_cd":"41","full_county_name":null,"link_title":null,"url":"http:\/\/www.dkcoks.com\/","name":"Dickinson County","primary_latitude":"38.88","primary_longitude":"-97.16","state_abbreviation":"KS","state_name":"Kansas"},{"county_name":null,"description":null,"feat_class":"Civil","feature_id":"37455","fips_class":"H1","fips_county_cd":"45","full_county_name":null,"link_title":null,"url":"http:\/\/www.douglas-county.com\/","name":"Douglas County","primary_latitude":"38.86","primary_longitude":"-95.23","state_abbreviation":"KS","state_name":"Kansas"},{"county_name":null,"description":null,"feat_class":"Civil","feature_id":"37457","fips_class":"H1","fips_county_cd":"49","full_county_name":null,"link_title":null,"url":"http:\/\/ks-elk.manatron.com\/","name":"Elk County","primary_latitude":"37.45","primary_longitude":"-96.23","state_abbreviation":"KS","state_name":"Kansas"},{"county_name":null,"description":null,"feat_class":"Civil","feature_id":"37458","fips_class":"H1","fips_county_cd":"51","full_county_name":null,"link_title":null,"url":"http:\/\/www.ellisco.net\/","name":"Ellis County","primary_latitude":"38.91","primary_longitude":"-99.31","state_abbreviation":"KS","state_name":"Kansas"},{"county_name":null,"description":null,"feat_class":"Civil","feature_id":"37459","fips_class":"H1","fips_county_cd":"53","full_county_name":null,"link_title":null,"url":"http:\/\/www.ellsworthcounty.org\/","name":"Ellsworth County","primary_latitude":"38.7","primary_longitude":"-98.2","state_abbreviation":"KS","state_name":"Kansas"},{"county_name":null,"description":null,"feat_class":"Civil","feature_id":"37460","fips_class":"H1","fips_county_cd":"55","full_county_name":null,"link_title":null,"url":"http:\/\/www.finneycounty.org\/","name":"Finney County","primary_latitude":"38.01","primary_longitude":"-100.66","state_abbreviation":"KS","state_name":"Kansas"},{"county_name":null,"description":null,"feat_class":"Civil","feature_id":"37461","fips_class":"H1","fips_county_cd":"57","full_county_name":null,"link_title":null,"url":"http:\/\/www.fordcounty.net\/","name":"Ford County","primary_latitude":"37.7","primary_longitude":"-99.9","state_abbreviation":"KS","state_name":"Kansas"},{"county_name":null,"description":null,"feat_class":"Civil","feature_id":"37462","fips_class":"H1","fips_county_cd":"59","full_county_name":null,"link_title":null,"url":"http:\/\/www.franklincoks.org\/","name":"Franklin County","primary_latitude":"38.58","primary_longitude":"-95.28","state_abbreviation":"KS","state_name":"Kansas"},{"county_name":null,"description":null,"feat_class":"Civil","feature_id":"37463","fips_class":"H1","fips_county_cd":"61","full_county_name":null,"link_title":null,"url":"http:\/\/www.geary.kansasgov.com\/","name":"Geary County","primary_latitude":"38.99","primary_longitude":"-96.66","state_abbreviation":"KS","state_name":"Kansas"},{"county_name":null,"description":null,"feat_class":"Civil","feature_id":"37466","fips_class":"H1","fips_county_cd":"67","full_county_name":null,"link_title":null,"url":"http:\/\/www.grantcoks.org\/","name":"Grant County","primary_latitude":"37.58","primary_longitude":"-101.33","state_abbreviation":"KS","state_name":"Kansas"},{"county_name":null,"description":null,"feat_class":"Civil","feature_id":"37468","fips_class":"H1","fips_county_cd":"71","full_county_name":null,"link_title":null,"url":"http:\/\/www.greeleycountygovernment.org\/","name":"Greeley County","primary_latitude":"38.46","primary_longitude":"-101.83","state_abbreviation":"KS","state_name":"Kansas"},{"county_name":null,"description":null,"feat_class":"Civil","feature_id":"37469","fips_class":"H1","fips_county_cd":"73","full_county_name":null,"link_title":null,"url":"http:\/\/www.greenwoodcounty.org\/","name":"Greenwood County","primary_latitude":"37.86","primary_longitude":"-96.26","state_abbreviation":"KS","state_name":"Kansas"},{"county_name":null,"description":null,"feat_class":"Civil","feature_id":"37471","fips_class":"H1","fips_county_cd":"77","full_county_name":null,"link_title":null,"url":"http:\/\/www.harpercountyks.gov\/","name":"Harper County","primary_latitude":"37.2","primary_longitude":"-98.08","state_abbreviation":"KS","state_name":"Kansas"},{"county_name":null,"description":null,"feat_class":"Civil","feature_id":"37472","fips_class":"H1","fips_county_cd":"79","full_county_name":null,"link_title":null,"url":"http:\/\/www.harveycounty.com\/","name":"Harvey County","primary_latitude":"38.05","primary_longitude":"-97.43","state_abbreviation":"KS","state_name":"Kansas"},{"county_name":null,"description":null,"feat_class":"Civil","feature_id":"37473","fips_class":"H1","fips_county_cd":"81","full_county_name":null,"link_title":null,"url":"http:\/\/www.haskellcounty.org\/","name":"Haskell County","primary_latitude":"37.56","primary_longitude":"-100.86","state_abbreviation":"KS","state_name":"Kansas"},{"county_name":null,"description":null,"feat_class":"Civil","feature_id":"37475","fips_class":"H1","fips_county_cd":"85","full_county_name":null,"link_title":null,"url":"http:\/\/ks-jackson.manatron.com\/","name":"Jackson County","primary_latitude":"39.39","primary_longitude":"-95.83","state_abbreviation":"KS","state_name":"Kansas"},{"county_name":null,"description":null,"feat_class":"Civil","feature_id":"37476","fips_class":"H1","fips_county_cd":"87","full_county_name":null,"link_title":null,"url":"http:\/\/www.jfcountyks.com\/","name":"Jefferson County","primary_latitude":"39.21","primary_longitude":"-95.4","state_abbreviation":"KS","state_name":"Kansas"},{"county_name":null,"description":null,"feat_class":"Civil","feature_id":"37478","fips_class":"H1","fips_county_cd":"91","full_county_name":null,"link_title":null,"url":"http:\/\/www.jocogov.org\/","name":"Johnson County","primary_latitude":"38.86","primary_longitude":"-94.86","state_abbreviation":"KS","state_name":"Kansas"},{"county_name":null,"description":null,"feat_class":"Civil","feature_id":"37482","fips_class":"H1","fips_county_cd":"99","full_county_name":null,"link_title":null,"url":"http:\/\/www.labettecounty.com\/","name":"Labette County","primary_latitude":"37.2","primary_longitude":"-95.28","state_abbreviation":"KS","state_name":"Kansas"},{"county_name":null,"description":null,"feat_class":"Civil","feature_id":"37484","fips_class":"H1","fips_county_cd":"103","full_county_name":null,"link_title":null,"url":"http:\/\/www.leavenworthcounty.org\/","name":"Leavenworth County","primary_latitude":"39.23","primary_longitude":"-95.03","state_abbreviation":"KS","state_name":"Kansas"},{"county_name":null,"description":null,"feat_class":"Civil","feature_id":"37485","fips_class":"H1","fips_county_cd":"105","full_county_name":null,"link_title":null,"url":"http:\/\/www.lincolncoks.com\/","name":"Lincoln County","primary_latitude":"39.05","primary_longitude":"-98.2","state_abbreviation":"KS","state_name":"Kansas"},{"county_name":null,"description":null,"feat_class":"Civil","feature_id":"37486","fips_class":"H1","fips_county_cd":"107","full_county_name":null,"link_title":null,"url":"http:\/\/www.linncountyks.com\/","name":"Linn County","primary_latitude":"38.21","primary_longitude":"-94.85","state_abbreviation":"KS","state_name":"Kansas"},{"county_name":null,"description":null,"feat_class":"Civil","feature_id":"37488","fips_class":"H1","fips_county_cd":"111","full_county_name":null,"link_title":null,"url":"http:\/\/www.lyoncounty.org\/","name":"Lyon County","primary_latitude":"38.45","primary_longitude":"-96.15","state_abbreviation":"KS","state_name":"Kansas"},{"county_name":null,"description":null,"feat_class":"Civil","feature_id":"37489","fips_class":"H1","fips_county_cd":"115","full_county_name":null,"link_title":null,"url":"http:\/\/www.marioncoks.net\/","name":"Marion County","primary_latitude":"38.4","primary_longitude":"-97.15","state_abbreviation":"KS","state_name":"Kansas"},{"county_name":null,"description":null,"feat_class":"Civil","feature_id":"37490","fips_class":"H1","fips_county_cd":"117","full_county_name":null,"link_title":null,"url":"http:\/\/www.marshall.kansasgov.com\/","name":"Marshall County","primary_latitude":"39.8","primary_longitude":"-96.55","state_abbreviation":"KS","state_name":"Kansas"},{"county_name":null,"description":null,"feat_class":"Civil","feature_id":"37491","fips_class":"H1","fips_county_cd":"113","full_county_name":null,"link_title":null,"url":"http:\/\/www.mcphersoncountyks.us\/","name":"McPherson County","primary_latitude":"38.4","primary_longitude":"-97.66","state_abbreviation":"KS","state_name":"Kansas"},{"county_name":null,"description":null,"feat_class":"Civil","feature_id":"37493","fips_class":"H1","fips_county_cd":"121","full_county_name":null,"link_title":null,"url":"http:\/\/www.miamicountyks.org\/","name":"Miami County","primary_latitude":"38.58","primary_longitude":"-94.85","state_abbreviation":"KS","state_name":"Kansas"},{"county_name":null,"description":null,"feat_class":"Civil","feature_id":"37495","fips_class":"H1","fips_county_cd":"125","full_county_name":null,"link_title":null,"url":"http:\/\/www.mgcountyks.org\/","name":"Montgomery County","primary_latitude":"37.2","primary_longitude":"-95.73","state_abbreviation":"KS","state_name":"Kansas"},{"county_name":null,"description":null,"feat_class":"Civil","feature_id":"37497","fips_class":"H1","fips_county_cd":"129","full_county_name":null,"link_title":null,"url":"http:\/\/www.mtcoks.com\/","name":"Morton County","primary_latitude":"37.2","primary_longitude":"-101.8","state_abbreviation":"KS","state_name":"Kansas"},{"county_name":null,"description":null,"feat_class":"Civil","feature_id":"37498","fips_class":"H1","fips_county_cd":"131","full_county_name":null,"link_title":null,"url":"http:\/\/www.nemaha.kansasgov.com\/","name":"Nemaha County","primary_latitude":"39.79","primary_longitude":"-96.01","state_abbreviation":"KS","state_name":"Kansas"},{"county_name":null,"description":null,"feat_class":"Civil","feature_id":"37502","fips_class":"H1","fips_county_cd":"139","full_county_name":null,"link_title":null,"url":"http:\/\/www.osageco.org\/","name":"Osage County","primary_latitude":"38.65","primary_longitude":"-95.73","state_abbreviation":"KS","state_name":"Kansas"},{"county_name":null,"description":null,"feat_class":"Civil","feature_id":"37503","fips_class":"H1","fips_county_cd":"141","full_county_name":null,"link_title":null,"url":"http:\/\/www.osbornecounty.org\/","name":"Osborne County","primary_latitude":"39.35","primary_longitude":"-98.78","state_abbreviation":"KS","state_name":"Kansas"},{"county_name":null,"description":null,"feat_class":"Civil","feature_id":"37504","fips_class":"H1","fips_county_cd":"143","full_county_name":null,"link_title":null,"url":"http:\/\/www.ottawacounty.org\/","name":"Ottawa County","primary_latitude":"39.13","primary_longitude":"-97.66","state_abbreviation":"KS","state_name":"Kansas"},{"county_name":null,"description":null,"feat_class":"Civil","feature_id":"37505","fips_class":"H1","fips_county_cd":"145","full_county_name":null,"link_title":null,"url":"http:\/\/www.pawneecountykansas.com\/","name":"Pawnee County","primary_latitude":"38.15","primary_longitude":"-99.2","state_abbreviation":"KS","state_name":"Kansas"},{"county_name":null,"description":null,"feat_class":"Civil","feature_id":"37506","fips_class":"H1","fips_county_cd":"147","full_county_name":null,"link_title":null,"url":"http:\/\/www.phillipscounty.org\/","name":"Phillips County","primary_latitude":"39.8","primary_longitude":"-99.35","state_abbreviation":"KS","state_name":"Kansas"},{"county_name":null,"description":null,"feat_class":"Civil","feature_id":"37507","fips_class":"H1","fips_county_cd":"149","full_county_name":null,"link_title":null,"url":"http:\/\/www.pottcounty.org\/","name":"Pottawatomie County","primary_latitude":"39.33","primary_longitude":"-96.3","state_abbreviation":"KS","state_name":"Kansas"},{"county_name":null,"description":null,"feat_class":"Civil","feature_id":"37508","fips_class":"H1","fips_county_cd":"151","full_county_name":null,"link_title":null,"url":"http:\/\/www.prattcounty.org\/","name":"Pratt County","primary_latitude":"37.65","primary_longitude":"-98.73","state_abbreviation":"KS","state_name":"Kansas"},{"county_name":null,"description":null,"feat_class":"Civil","feature_id":"37510","fips_class":"H1","fips_county_cd":"155","full_county_name":null,"link_title":null,"url":"http:\/\/www.renogov.com\/","name":"Reno County","primary_latitude":"37.95","primary_longitude":"-98.08","state_abbreviation":"KS","state_name":"Kansas"},{"county_name":null,"description":null,"feat_class":"Civil","feature_id":"37512","fips_class":"H1","fips_county_cd":"159","full_county_name":null,"link_title":null,"url":"http:\/\/www.ricecounty.org\/","name":"Rice County","primary_latitude":"38.35","primary_longitude":"-98.2","state_abbreviation":"KS","state_name":"Kansas"},{"county_name":null,"description":null,"feat_class":"Civil","feature_id":"37513","fips_class":"H1","fips_county_cd":"161","full_county_name":null,"link_title":null,"url":"http:\/\/www.rileycountyks.gov\/","name":"Riley County","primary_latitude":"39.33","primary_longitude":"-96.7","state_abbreviation":"KS","state_name":"Kansas"},{"county_name":null,"description":null,"feat_class":"Civil","feature_id":"37514","fips_class":"H1","fips_county_cd":"163","full_county_name":null,"link_title":null,"url":"http:\/\/www.rookscounty.net\/","name":"Rooks County","primary_latitude":"39.35","primary_longitude":"-99.31","state_abbreviation":"KS","state_name":"Kansas"},{"county_name":null,"description":null,"feat_class":"Civil","feature_id":"37516","fips_class":"H1","fips_county_cd":"167","full_county_name":null,"link_title":null,"url":"http:\/\/www.russell.kansasgov.com\/","name":"Russell County","primary_latitude":"38.91","primary_longitude":"-98.76","state_abbreviation":"KS","state_name":"Kansas"},{"county_name":null,"description":null,"feat_class":"Civil","feature_id":"37517","fips_class":"H1","fips_county_cd":"169","full_county_name":null,"link_title":null,"url":"http:\/\/www.saline.org\/","name":"Saline County","primary_latitude":"38.78","primary_longitude":"-97.66","state_abbreviation":"KS","state_name":"Kansas"},{"county_name":null,"description":null,"feat_class":"Civil","feature_id":"37519","fips_class":"H1","fips_county_cd":"173","full_county_name":null,"link_title":null,"url":"http:\/\/www.sedgwickcounty.org\/","name":"Sedgwick County","primary_latitude":"37.71","primary_longitude":"-97.45","state_abbreviation":"KS","state_name":"Kansas"},{"county_name":null,"description":null,"feat_class":"Civil","feature_id":"37521","fips_class":"H1","fips_county_cd":"177","full_county_name":null,"link_title":null,"url":"http:\/\/www.snco.us\/","name":"Shawnee County","primary_latitude":"39.05","primary_longitude":"-95.76","state_abbreviation":"KS","state_name":"Kansas"},{"county_name":null,"description":null,"feat_class":"Civil","feature_id":"37523","fips_class":"H1","fips_county_cd":"181","full_county_name":null,"link_title":null,"url":"http:\/\/www.sherman.kansasgov.com\/","name":"Sherman County","primary_latitude":"39.34","primary_longitude":"-101.71","state_abbreviation":"KS","state_name":"Kansas"},{"county_name":null,"description":null,"feat_class":"Civil","feature_id":"37525","fips_class":"H1","fips_county_cd":"185","full_county_name":null,"link_title":null,"url":"http:\/\/www.staffordcounty.org\/","name":"Stafford County","primary_latitude":"38.06","primary_longitude":"-98.71","state_abbreviation":"KS","state_name":"Kansas"},{"county_name":null,"description":null,"feat_class":"Civil","feature_id":"37527","fips_class":"H1","fips_county_cd":"189","full_county_name":null,"link_title":null,"url":"http:\/\/www.stevenscoks.org\/","name":"Stevens County","primary_latitude":"37.2","primary_longitude":"-101.3","state_abbreviation":"KS","state_name":"Kansas"},{"county_name":null,"description":null,"feat_class":"Civil","feature_id":"37528","fips_class":"H1","fips_county_cd":"191","full_county_name":null,"link_title":null,"url":"http:\/\/www.co.sumner.ks.us\/","name":"Sumner County","primary_latitude":"37.23","primary_longitude":"-97.48","state_abbreviation":"KS","state_name":"Kansas"},{"county_name":null,"description":null,"feat_class":"Civil","feature_id":"37531","fips_class":"H1","fips_county_cd":"197","full_county_name":null,"link_title":null,"url":"http:\/\/www.wabaunsee.kansasgov.com\/","name":"Wabaunsee County","primary_latitude":"39.12","primary_longitude":"-95.99","state_abbreviation":"KS","state_name":"Kansas"},{"county_name":null,"description":null,"feat_class":"Civil","feature_id":"37535","fips_class":"H1","fips_county_cd":"205","full_county_name":null,"link_title":null,"url":"http:\/\/www.wilson.kansasgov.com\/","name":"Wilson County","primary_latitude":"37.56","primary_longitude":"-95.73","state_abbreviation":"KS","state_name":"Kansas"},{"county_name":null,"description":null,"feat_class":"Civil","feature_id":"37536","fips_class":"H1","fips_county_cd":"207","full_county_name":null,"link_title":null,"url":"http:\/\/www.woodsoncounty.net\/","name":"Woodson County","primary_latitude":"37.88","primary_longitude":"-95.73","state_abbreviation":"KS","state_name":"Kansas"},{"county_name":null,"description":null,"feat_class":"Civil","feature_id":"37537","fips_class":"H6","fips_county_cd":"209","full_county_name":null,"link_title":null,"url":"http:\/\/www.wycokck.org\/","name":"Wyandotte County","primary_latitude":"39.1166707","primary_longitude":"-94.7169041","state_abbreviation":"KS","state_name":"Kansas"}]