[{"county_name":null,"description":null,"feat_class":"Civil","feature_id":"37632","fips_class":"H1","fips_county_cd":"189","full_county_name":null,"link_title":null,"url":"http:\/\/www.owsleycountykentucky.org\/","name":"Owsley County","primary_latitude":"37.43","primary_longitude":"-83.66","state_abbreviation":"KY","state_name":"Kentucky"},{"county_name":null,"description":null,"feat_class":"Civil","feature_id":"37637","fips_class":"H1","fips_county_cd":"199","full_county_name":null,"link_title":null,"url":"http:\/\/www.spcchamber.com\/","name":"Pulaski County","primary_latitude":"37.11","primary_longitude":"-84.59","state_abbreviation":"KY","state_name":"Kentucky"},{"county_name":null,"description":null,"feat_class":"Civil","feature_id":"37639","fips_class":"H1","fips_county_cd":"203","full_county_name":null,"link_title":null,"url":"http:\/\/www.rockcastlecountyky.com\/","name":"Rockcastle County","primary_latitude":"37.36","primary_longitude":"-84.31","state_abbreviation":"KY","state_name":"Kentucky"},{"county_name":null,"description":null,"feat_class":"Civil","feature_id":"37643","fips_class":"H1","fips_county_cd":"211","full_county_name":null,"link_title":null,"url":"http:\/\/www.shelbycountykentucky.com\/","name":"Shelby County","primary_latitude":"38.2","primary_longitude":"-85.18","state_abbreviation":"KY","state_name":"Kentucky"},{"county_name":null,"description":null,"feat_class":"Civil","feature_id":"37539","fips_class":"H1","fips_county_cd":"3","full_county_name":null,"link_title":null,"url":"http:\/\/www.allencountykentucky.com\/","name":"Allen County","primary_latitude":"36.75","primary_longitude":"-86.19","state_abbreviation":"KY","state_name":"Kentucky"},{"county_name":null,"description":null,"feat_class":"Civil","feature_id":"37545","fips_class":"H1","fips_county_cd":"15","full_county_name":null,"link_title":null,"url":"http:\/\/www.boonecountyky.org\/","name":"Boone County","primary_latitude":"38.86","primary_longitude":"-84.63","state_abbreviation":"KY","state_name":"Kentucky"},{"county_name":null,"description":null,"feat_class":"Civil","feature_id":"37561","fips_class":"H1","fips_county_cd":"47","full_county_name":null,"link_title":null,"url":"http:\/\/www.christiancountyky.gov","name":"Christian County","primary_latitude":"36.88","primary_longitude":"-87.48","state_abbreviation":"KY","state_name":"Kentucky"},{"county_name":null,"description":null,"feat_class":"Civil","feature_id":"37567","fips_class":"H1","fips_county_cd":"59","full_county_name":null,"link_title":null,"url":"http:\/\/www.daviessky.org\/","name":"Daviess County","primary_latitude":"37.7","primary_longitude":"-87.11","state_abbreviation":"KY","state_name":"Kentucky"},{"county_name":null,"description":null,"feat_class":"Civil","feature_id":"37571","fips_class":"H6","fips_county_cd":"67","full_county_name":null,"link_title":null,"url":"http:\/\/www.lfucg.com\/","name":"Fayette County","primary_latitude":"38.0500774","primary_longitude":"-84.4499371","state_abbreviation":"KY","state_name":"Kentucky"},{"county_name":null,"description":null,"feat_class":"Civil","feature_id":"37576","fips_class":"H1","fips_county_cd":"77","full_county_name":null,"link_title":null,"url":"http:\/\/gallatincounty.ky.gov\/","name":"Gallatin County","primary_latitude":"38.75","primary_longitude":"-84.84","state_abbreviation":"KY","state_name":"Kentucky"},{"county_name":null,"description":null,"feat_class":"Civil","feature_id":"37578","fips_class":"H1","fips_county_cd":"81","full_county_name":null,"link_title":null,"url":"http:\/\/www.grantcounty.ky.gov\/","name":"Grant County","primary_latitude":"38.65","primary_longitude":"-84.64","state_abbreviation":"KY","state_name":"Kentucky"},{"county_name":null,"description":null,"feat_class":"Civil","feature_id":"37583","fips_class":"H1","fips_county_cd":"91","full_county_name":null,"link_title":null,"url":"http:\/\/www.hancockcounty-ky.com\/","name":"Hancock County","primary_latitude":"37.85","primary_longitude":"-86.76","state_abbreviation":"KY","state_name":"Kentucky"},{"county_name":null,"description":null,"feat_class":"Civil","feature_id":"37584","fips_class":"H1","fips_county_cd":"93","full_county_name":null,"link_title":null,"url":"http:\/\/www.hcky.org\/","name":"Hardin County","primary_latitude":"37.7","primary_longitude":"-85.96","state_abbreviation":"KY","state_name":"Kentucky"},{"county_name":null,"description":null,"feat_class":"Civil","feature_id":"37589","fips_class":"H1","fips_county_cd":"103","full_county_name":null,"link_title":null,"url":"http:\/\/www.henrycountygov.com\/","name":"Henry County","primary_latitude":"38.45","primary_longitude":"-85.14","state_abbreviation":"KY","state_name":"Kentucky"},{"county_name":null,"description":null,"feat_class":"Civil","feature_id":"37593","fips_class":"H6","fips_county_cd":"111","full_county_name":null,"link_title":null,"url":"http:\/\/www.louisvilleky.gov\/","name":"Jefferson County","primary_latitude":"38.1834025","primary_longitude":"-85.6499601","state_abbreviation":"KY","state_name":"Kentucky"},{"county_name":null,"description":null,"feat_class":"Civil","feature_id":"37594","fips_class":"H1","fips_county_cd":"113","full_county_name":null,"link_title":null,"url":"http:\/\/www.jessamineco.com\/","name":"Jessamine County","primary_latitude":"37.86","primary_longitude":"-84.56","state_abbreviation":"KY","state_name":"Kentucky"},{"county_name":null,"description":null,"feat_class":"Civil","feature_id":"37596","fips_class":"H1","fips_county_cd":"117","full_county_name":null,"link_title":null,"url":"http:\/\/www.kentoncounty.org\/","name":"Kenton County","primary_latitude":"38.95","primary_longitude":"-84.53","state_abbreviation":"KY","state_name":"Kentucky"},{"county_name":null,"description":null,"feat_class":"Civil","feature_id":"37599","fips_class":"H1","fips_county_cd":"123","full_county_name":null,"link_title":null,"url":"http:\/\/www.laruecounty.net","name":"Larue County","primary_latitude":"37.55","primary_longitude":"-85.69","state_abbreviation":"KY","state_name":"Kentucky"},{"county_name":null,"description":null,"feat_class":"Civil","feature_id":"37607","fips_class":"H1","fips_county_cd":"139","full_county_name":null,"link_title":null,"url":"http:\/\/www.livingstonco.ky.gov\/","name":"Livingston County","primary_latitude":"37.21","primary_longitude":"-88.33","state_abbreviation":"KY","state_name":"Kentucky"},{"county_name":null,"description":null,"feat_class":"Civil","feature_id":"37612","fips_class":"H1","fips_county_cd":"155","full_county_name":null,"link_title":null,"url":"http:\/\/www.lebanonky.org\/","name":"Marion County","primary_latitude":"37.55","primary_longitude":"-85.26","state_abbreviation":"KY","state_name":"Kentucky"},{"county_name":null,"description":null,"feat_class":"Civil","feature_id":"37616","fips_class":"H1","fips_county_cd":"145","full_county_name":null,"link_title":null,"url":"http:\/\/mccrackenfiscalcourt.com\/","name":"McCracken County","primary_latitude":"37.05","primary_longitude":"-88.7","state_abbreviation":"KY","state_name":"Kentucky"},{"county_name":null,"description":null,"feat_class":"Civil","feature_id":"37617","fips_class":"H1","fips_county_cd":"147","full_county_name":null,"link_title":null,"url":"http:\/\/www.mccrearycounty.com\/","name":"McCreary County","primary_latitude":"36.73","primary_longitude":"-84.46","state_abbreviation":"KY","state_name":"Kentucky"},{"county_name":null,"description":null,"feat_class":"Civil","feature_id":"37627","fips_class":"H1","fips_county_cd":"179","full_county_name":null,"link_title":null,"url":"http:\/\/www.nelsoncountyky.com","name":"Nelson County","primary_latitude":"37.8","primary_longitude":"-85.46","state_abbreviation":"KY","state_name":"Kentucky"},{"county_name":null,"description":null,"feat_class":"Civil","feature_id":"37630","fips_class":"H1","fips_county_cd":"185","full_county_name":null,"link_title":null,"url":"http:\/\/www.oldhamcounty.net\/","name":"Oldham County","primary_latitude":"38.41","primary_longitude":"-85.44","state_abbreviation":"KY","state_name":"Kentucky"}]