[{"county_name":null,"description":null,"feat_class":"Civil","feature_id":"37722","fips_class":"H1","fips_county_cd":"1","full_county_name":null,"link_title":null,"url":"http:\/\/www.barnstablecounty.org\/","name":"Barnstable County","primary_latitude":"41.66","primary_longitude":"-70.24","state_abbreviation":"MA","state_name":"Massachusetts"},{"county_name":null,"description":null,"feat_class":"Civil","feature_id":"37725","fips_class":"H1","fips_county_cd":"7","full_county_name":null,"link_title":null,"url":"http:\/\/dukescounty.org\/","name":"Dukes County","primary_latitude":"41.33","primary_longitude":"-70.74","state_abbreviation":"MA","state_name":"Massachusetts"},{"county_name":null,"description":null,"feat_class":"Civil","feature_id":"37732","fips_class":"H1","fips_county_cd":"21","full_county_name":null,"link_title":null,"url":"http:\/\/www.norfolkcounty.org\/","name":"Norfolk County","primary_latitude":"42.16","primary_longitude":"-71.24","state_abbreviation":"MA","state_name":"Massachusetts"}]