[{"county_name":null,"description":null,"feat_class":"Civil","feature_id":"37760","fips_class":"H1","fips_county_cd":"3","full_county_name":null,"link_title":null,"url":"http:\/\/www.aroostook.me.us\/","name":"Aroostook County","primary_latitude":"46.66","primary_longitude":"-68.5","state_abbreviation":"ME","state_name":"Maine"},{"county_name":null,"description":null,"feat_class":"Civil","feature_id":"37761","fips_class":"H1","fips_county_cd":"5","full_county_name":null,"link_title":null,"url":"http:\/\/www.cumberlandcounty.org\/","name":"Cumberland County","primary_latitude":"43.85","primary_longitude":"-70.33","state_abbreviation":"ME","state_name":"Maine"},{"county_name":null,"description":null,"feat_class":"Civil","feature_id":"37763","fips_class":"H1","fips_county_cd":"9","full_county_name":null,"link_title":null,"url":"http:\/\/www.co.hancock.me.us\/","name":"Hancock County","primary_latitude":"44.53","primary_longitude":"-68.39","state_abbreviation":"ME","state_name":"Maine"},{"county_name":null,"description":null,"feat_class":"Civil","feature_id":"37764","fips_class":"H1","fips_county_cd":"11","full_county_name":null,"link_title":null,"url":"http:\/\/www.kennebeccounty.org\/","name":"Kennebec County","primary_latitude":"44.46","primary_longitude":"-69.76","state_abbreviation":"ME","state_name":"Maine"},{"county_name":null,"description":null,"feat_class":"Civil","feature_id":"37765","fips_class":"H1","fips_county_cd":"13","full_county_name":null,"link_title":null,"url":"http:\/\/knoxcounty.midcoast.com\/","name":"Knox County","primary_latitude":"43.85","primary_longitude":"-69.33","state_abbreviation":"ME","state_name":"Maine"},{"county_name":null,"description":null,"feat_class":"Civil","feature_id":"37766","fips_class":"H1","fips_county_cd":"15","full_county_name":null,"link_title":null,"url":"http:\/\/www.co.lincoln.me.us\/","name":"Lincoln County","primary_latitude":"44.13","primary_longitude":"-69.75","state_abbreviation":"ME","state_name":"Maine"},{"county_name":null,"description":null,"feat_class":"Civil","feature_id":"37767","fips_class":"H1","fips_county_cd":"17","full_county_name":null,"link_title":null,"url":"http:\/\/www.oxfordcounty.org\/","name":"Oxford County","primary_latitude":"44.51","primary_longitude":"-70.69","state_abbreviation":"ME","state_name":"Maine"},{"county_name":null,"description":null,"feat_class":"Civil","feature_id":"37770","fips_class":"H1","fips_county_cd":"23","full_county_name":null,"link_title":null,"url":"http:\/\/www.sagcounty.com\/","name":"Sagadahoc County","primary_latitude":"43.93","primary_longitude":"-69.83","state_abbreviation":"ME","state_name":"Maine"},{"county_name":null,"description":null,"feat_class":"Civil","feature_id":"37771","fips_class":"H1","fips_county_cd":"25","full_county_name":null,"link_title":null,"url":"http:\/\/www.somersetcounty-me.org\/","name":"Somerset County","primary_latitude":"45.25","primary_longitude":"-69.91","state_abbreviation":"ME","state_name":"Maine"},{"county_name":null,"description":null,"feat_class":"Civil","feature_id":"37774","fips_class":"H1","fips_county_cd":"31","full_county_name":null,"link_title":null,"url":"http:\/\/www.yorkcountyme.gov\/","name":"York County","primary_latitude":"43.46","primary_longitude":"-70.68","state_abbreviation":"ME","state_name":"Maine"}]