[{"county_name":null,"description":null,"feat_class":"Civil","feature_id":"37777","fips_class":"H1","fips_county_cd":"5","full_county_name":null,"link_title":null,"url":"http:\/\/www.allegancounty.org\/","name":"Allegan County","primary_latitude":"42.6","primary_longitude":"-85.86","state_abbreviation":"MI","state_name":"Michigan"},{"county_name":null,"description":null,"feat_class":"Civil","feature_id":"37778","fips_class":"H1","fips_county_cd":"7","full_county_name":null,"link_title":null,"url":"http:\/\/www.alpenacounty.org\/","name":"Alpena County","primary_latitude":"45.03","primary_longitude":"-83.64","state_abbreviation":"MI","state_name":"Michigan"},{"county_name":null,"description":null,"feat_class":"Civil","feature_id":"37779","fips_class":"H1","fips_county_cd":"9","full_county_name":null,"link_title":null,"url":"http:\/\/www.antrimcounty.org\/","name":"Antrim County","primary_latitude":"45.05","primary_longitude":"-85.13","state_abbreviation":"MI","state_name":"Michigan"},{"county_name":null,"description":null,"feat_class":"Civil","feature_id":"37781","fips_class":"H1","fips_county_cd":"13","full_county_name":null,"link_title":null,"url":"http:\/\/www.baragacounty.org\/","name":"Baraga County","primary_latitude":"46.64","primary_longitude":"-88.36","state_abbreviation":"MI","state_name":"Michigan"},{"county_name":null,"description":null,"feat_class":"Civil","feature_id":"37782","fips_class":"H1","fips_county_cd":"15","full_county_name":null,"link_title":null,"url":"http:\/\/www.barrycounty.org\/","name":"Barry County","primary_latitude":"42.6","primary_longitude":"-85.31","state_abbreviation":"MI","state_name":"Michigan"},{"county_name":null,"description":null,"feat_class":"Civil","feature_id":"37783","fips_class":"H1","fips_county_cd":"17","full_county_name":null,"link_title":null,"url":"http:\/\/www.baycounty-mi.gov\/","name":"Bay County","primary_latitude":"43.73","primary_longitude":"-84.01","state_abbreviation":"MI","state_name":"Michigan"},{"county_name":null,"description":null,"feat_class":"Civil","feature_id":"37785","fips_class":"H1","fips_county_cd":"21","full_county_name":null,"link_title":null,"url":"http:\/\/www.berriencounty.org\/","name":"Berrien County","primary_latitude":"41.95","primary_longitude":"-86.41","state_abbreviation":"MI","state_name":"Michigan"},{"county_name":null,"description":null,"feat_class":"Civil","feature_id":"37786","fips_class":"H1","fips_county_cd":"23","full_county_name":null,"link_title":null,"url":"http:\/\/co.branch.mi.us\/","name":"Branch County","primary_latitude":"41.91","primary_longitude":"-85.06","state_abbreviation":"MI","state_name":"Michigan"},{"county_name":null,"description":null,"feat_class":"Civil","feature_id":"37787","fips_class":"H1","fips_county_cd":"25","full_county_name":null,"link_title":null,"url":"http:\/\/www.calhouncountymi.org\/","name":"Calhoun County","primary_latitude":"42.25","primary_longitude":"-85","state_abbreviation":"MI","state_name":"Michigan"},{"county_name":null,"description":null,"feat_class":"Civil","feature_id":"37788","fips_class":"H1","fips_county_cd":"27","full_county_name":null,"link_title":null,"url":"http:\/\/www.casscountymi.org\/","name":"Cass County","primary_latitude":"41.75","primary_longitude":"-86","state_abbreviation":"MI","state_name":"Michigan"},{"county_name":null,"description":null,"feat_class":"Civil","feature_id":"37789","fips_class":"H1","fips_county_cd":"29","full_county_name":null,"link_title":null,"url":"http:\/\/www.charlevoixcounty.org\/","name":"Charlevoix County","primary_latitude":"45.21","primary_longitude":"-85","state_abbreviation":"MI","state_name":"Michigan"},{"county_name":null,"description":null,"feat_class":"Civil","feature_id":"37790","fips_class":"H1","fips_county_cd":"31","full_county_name":null,"link_title":null,"url":"http:\/\/www.cheboygancounty.net\/","name":"Cheboygan County","primary_latitude":"45.45","primary_longitude":"-84.5","state_abbreviation":"MI","state_name":"Michigan"},{"county_name":null,"description":null,"feat_class":"Civil","feature_id":"37791","fips_class":"H1","fips_county_cd":"33","full_county_name":null,"link_title":null,"url":"http:\/\/www.chippewacountymi.gov\/","name":"Chippewa County","primary_latitude":"46.3","primary_longitude":"-84.48","state_abbreviation":"MI","state_name":"Michigan"},{"county_name":null,"description":null,"feat_class":"Civil","feature_id":"37792","fips_class":"H1","fips_county_cd":"35","full_county_name":null,"link_title":null,"url":"http:\/\/www.clareco.net\/","name":"Clare County","primary_latitude":"43.98","primary_longitude":"-84.85","state_abbreviation":"MI","state_name":"Michigan"},{"county_name":null,"description":null,"feat_class":"Civil","feature_id":"37793","fips_class":"H1","fips_county_cd":"37","full_county_name":null,"link_title":null,"url":"http:\/\/www.clinton-county.org\/","name":"Clinton County","primary_latitude":"42.95","primary_longitude":"-84.59","state_abbreviation":"MI","state_name":"Michigan"},{"county_name":null,"description":null,"feat_class":"Civil","feature_id":"37794","fips_class":"H1","fips_county_cd":"39","full_county_name":null,"link_title":null,"url":"http:\/\/www.crawfordco.org\/","name":"Crawford County","primary_latitude":"44.66","primary_longitude":"-84.6","state_abbreviation":"MI","state_name":"Michigan"},{"county_name":null,"description":null,"feat_class":"Civil","feature_id":"37796","fips_class":"H1","fips_county_cd":"43","full_county_name":null,"link_title":null,"url":"http:\/\/www.dickinsoncountymi.org\/","name":"Dickinson County","primary_latitude":"46","primary_longitude":"-87.86","state_abbreviation":"MI","state_name":"Michigan"},{"county_name":null,"description":null,"feat_class":"Civil","feature_id":"37797","fips_class":"H1","fips_county_cd":"45","full_county_name":null,"link_title":null,"url":"http:\/\/www.eatoncounty.org\/","name":"Eaton County","primary_latitude":"42.6","primary_longitude":"-84.84","state_abbreviation":"MI","state_name":"Michigan"},{"county_name":null,"description":null,"feat_class":"Civil","feature_id":"37798","fips_class":"H1","fips_county_cd":"47","full_county_name":null,"link_title":null,"url":"http:\/\/emmetcounty.org\/","name":"Emmet County","primary_latitude":"45.53","primary_longitude":"-84.91","state_abbreviation":"MI","state_name":"Michigan"},{"county_name":null,"description":null,"feat_class":"Civil","feature_id":"37799","fips_class":"H1","fips_county_cd":"49","full_county_name":null,"link_title":null,"url":"http:\/\/www.co.genesee.mi.us\/","name":"Genesee County","primary_latitude":"43.03","primary_longitude":"-83.68","state_abbreviation":"MI","state_name":"Michigan"},{"county_name":null,"description":null,"feat_class":"Civil","feature_id":"37800","fips_class":"H1","fips_county_cd":"51","full_county_name":null,"link_title":null,"url":"http:\/\/www.gladwinco.com\/","name":"Gladwin County","primary_latitude":"43.98","primary_longitude":"-84.4","state_abbreviation":"MI","state_name":"Michigan"},{"county_name":null,"description":null,"feat_class":"Civil","feature_id":"37802","fips_class":"H1","fips_county_cd":"55","full_county_name":null,"link_title":null,"url":"http:\/\/www.co.grand-traverse.mi.us","name":"Grand Traverse County","primary_latitude":"44.68","primary_longitude":"-85.46","state_abbreviation":"MI","state_name":"Michigan"},{"county_name":null,"description":null,"feat_class":"Civil","feature_id":"37803","fips_class":"H1","fips_county_cd":"57","full_county_name":null,"link_title":null,"url":"http:\/\/www.co.gratiot.mi.us\/","name":"Gratiot County","primary_latitude":"43.28","primary_longitude":"-84.59","state_abbreviation":"MI","state_name":"Michigan"},{"county_name":null,"description":null,"feat_class":"Civil","feature_id":"37804","fips_class":"H1","fips_county_cd":"59","full_county_name":null,"link_title":null,"url":"http:\/\/www.co.hillsdale.mi.us\/","name":"Hillsdale County","primary_latitude":"41.9","primary_longitude":"-84.59","state_abbreviation":"MI","state_name":"Michigan"},{"county_name":null,"description":null,"feat_class":"Civil","feature_id":"37805","fips_class":"H1","fips_county_cd":"61","full_county_name":null,"link_title":null,"url":"http:\/\/www.houghtoncounty.net\/","name":"Houghton County","primary_latitude":"46.94","primary_longitude":"-88.68","state_abbreviation":"MI","state_name":"Michigan"},{"county_name":null,"description":null,"feat_class":"Civil","feature_id":"37807","fips_class":"H1","fips_county_cd":"65","full_county_name":null,"link_title":null,"url":"http:\/\/www.ingham.org\/","name":"Ingham County","primary_latitude":"42.6","primary_longitude":"-84.38","state_abbreviation":"MI","state_name":"Michigan"},{"county_name":null,"description":null,"feat_class":"Civil","feature_id":"37808","fips_class":"H1","fips_county_cd":"67","full_county_name":null,"link_title":null,"url":"http:\/\/www.ioniacounty.org\/","name":"Ionia County","primary_latitude":"42.95","primary_longitude":"-85.06","state_abbreviation":"MI","state_name":"Michigan"},{"county_name":null,"description":null,"feat_class":"Civil","feature_id":"37809","fips_class":"H1","fips_county_cd":"69","full_county_name":null,"link_title":null,"url":"http:\/\/iosco.m33access.com\/","name":"Iosco County","primary_latitude":"44.33","primary_longitude":"-83.63","state_abbreviation":"MI","state_name":"Michigan"},{"county_name":null,"description":null,"feat_class":"Civil","feature_id":"37810","fips_class":"H1","fips_county_cd":"71","full_county_name":null,"link_title":null,"url":"http:\/\/www.iron.org\/","name":"Iron County","primary_latitude":"46.21","primary_longitude":"-88.56","state_abbreviation":"MI","state_name":"Michigan"},{"county_name":null,"description":null,"feat_class":"Civil","feature_id":"37811","fips_class":"H1","fips_county_cd":"73","full_county_name":null,"link_title":null,"url":"http:\/\/www.isabellacounty.org\/","name":"Isabella County","primary_latitude":"43.65","primary_longitude":"-84.85","state_abbreviation":"MI","state_name":"Michigan"},{"county_name":null,"description":null,"feat_class":"Civil","feature_id":"37812","fips_class":"H1","fips_county_cd":"75","full_county_name":null,"link_title":null,"url":"http:\/\/www.co.jackson.mi.us\/","name":"Jackson County","primary_latitude":"42.25","primary_longitude":"-84.41","state_abbreviation":"MI","state_name":"Michigan"},{"county_name":null,"description":null,"feat_class":"Civil","feature_id":"37813","fips_class":"H1","fips_county_cd":"77","full_county_name":null,"link_title":null,"url":"http:\/\/www.kalcounty.com\/","name":"Kalamazoo County","primary_latitude":"42.25","primary_longitude":"-85.55","state_abbreviation":"MI","state_name":"Michigan"},{"county_name":null,"description":null,"feat_class":"Civil","feature_id":"37815","fips_class":"H1","fips_county_cd":"81","full_county_name":null,"link_title":null,"url":"http:\/\/www.accesskent.com\/","name":"Kent County","primary_latitude":"43.03","primary_longitude":"-85.55","state_abbreviation":"MI","state_name":"Michigan"},{"county_name":null,"description":null,"feat_class":"Civil","feature_id":"37818","fips_class":"H1","fips_county_cd":"87","full_county_name":null,"link_title":null,"url":"http:\/\/lapeercountyweb.org\/","name":"Lapeer County","primary_latitude":"43.13","primary_longitude":"-83.23","state_abbreviation":"MI","state_name":"Michigan"},{"county_name":null,"description":null,"feat_class":"Civil","feature_id":"37819","fips_class":"H1","fips_county_cd":"89","full_county_name":null,"link_title":null,"url":"http:\/\/www.leelanau.cc\/","name":"Leelanau County","primary_latitude":"44.89","primary_longitude":"-85.83","state_abbreviation":"MI","state_name":"Michigan"},{"county_name":null,"description":null,"feat_class":"Civil","feature_id":"37820","fips_class":"H1","fips_county_cd":"91","full_county_name":null,"link_title":null,"url":"http:\/\/www.lenawee.mi.us\/","name":"Lenawee County","primary_latitude":"41.9","primary_longitude":"-84.08","state_abbreviation":"MI","state_name":"Michigan"},{"county_name":null,"description":null,"feat_class":"Civil","feature_id":"37821","fips_class":"H1","fips_county_cd":"93","full_county_name":null,"link_title":null,"url":"http:\/\/www.co.livingston.mi.us\/","name":"Livingston County","primary_latitude":"42.6","primary_longitude":"-83.91","state_abbreviation":"MI","state_name":"Michigan"},{"county_name":null,"description":null,"feat_class":"Civil","feature_id":"37824","fips_class":"H1","fips_county_cd":"99","full_county_name":null,"link_title":null,"url":"http:\/\/macombcountymi.gov\/","name":"Macomb County","primary_latitude":"42.7","primary_longitude":"-82.94","state_abbreviation":"MI","state_name":"Michigan"},{"county_name":null,"description":null,"feat_class":"Civil","feature_id":"37825","fips_class":"H1","fips_county_cd":"101","full_county_name":null,"link_title":null,"url":"http:\/\/www.manisteecountymi.gov\/","name":"Manistee County","primary_latitude":"44.33","primary_longitude":"-86.05","state_abbreviation":"MI","state_name":"Michigan"},{"county_name":null,"description":null,"feat_class":"Civil","feature_id":"37826","fips_class":"H1","fips_county_cd":"103","full_county_name":null,"link_title":null,"url":"http:\/\/www.co.marquette.mi.us\/","name":"Marquette County","primary_latitude":"46.53","primary_longitude":"-87.63","state_abbreviation":"MI","state_name":"Michigan"},{"county_name":null,"description":null,"feat_class":"Civil","feature_id":"37827","fips_class":"H1","fips_county_cd":"105","full_county_name":null,"link_title":null,"url":"http:\/\/www.masoncounty.net\/","name":"Mason County","primary_latitude":"43.98","primary_longitude":"-86.25","state_abbreviation":"MI","state_name":"Michigan"},{"county_name":null,"description":null,"feat_class":"Civil","feature_id":"37828","fips_class":"H1","fips_county_cd":"107","full_county_name":null,"link_title":null,"url":"http:\/\/www.co.mecosta.mi.us\/","name":"Mecosta County","primary_latitude":"43.65","primary_longitude":"-85.33","state_abbreviation":"MI","state_name":"Michigan"},{"county_name":null,"description":null,"feat_class":"Civil","feature_id":"37829","fips_class":"H1","fips_county_cd":"109","full_county_name":null,"link_title":null,"url":"http:\/\/www.menomineecounty.com\/","name":"Menominee County","primary_latitude":"45.56","primary_longitude":"-87.56","state_abbreviation":"MI","state_name":"Michigan"},{"county_name":null,"description":null,"feat_class":"Civil","feature_id":"37830","fips_class":"H1","fips_county_cd":"111","full_county_name":null,"link_title":null,"url":"http:\/\/www.co.midland.mi.us\/","name":"Midland County","primary_latitude":"43.65","primary_longitude":"-84.39","state_abbreviation":"MI","state_name":"Michigan"},{"county_name":null,"description":null,"feat_class":"Civil","feature_id":"37831","fips_class":"H1","fips_county_cd":"113","full_county_name":null,"link_title":null,"url":"http:\/\/www.missaukee.org\/","name":"Missaukee County","primary_latitude":"44.33","primary_longitude":"-85.1","state_abbreviation":"MI","state_name":"Michigan"},{"county_name":null,"description":null,"feat_class":"Civil","feature_id":"37832","fips_class":"H1","fips_county_cd":"115","full_county_name":null,"link_title":null,"url":"http:\/\/www.co.monroe.mi.us\/","name":"Monroe County","primary_latitude":"41.93","primary_longitude":"-83.54","state_abbreviation":"MI","state_name":"Michigan"},{"county_name":null,"description":null,"feat_class":"Civil","feature_id":"37835","fips_class":"H1","fips_county_cd":"121","full_county_name":null,"link_title":null,"url":"http:\/\/www.co.muskegon.mi.us\/","name":"Muskegon County","primary_latitude":"43.3","primary_longitude":"-86.13","state_abbreviation":"MI","state_name":"Michigan"},{"county_name":null,"description":null,"feat_class":"Civil","feature_id":"37836","fips_class":"H1","fips_county_cd":"123","full_county_name":null,"link_title":null,"url":"http:\/\/www.countyofnewaygo.com\/","name":"Newaygo County","primary_latitude":"43.55","primary_longitude":"-85.8","state_abbreviation":"MI","state_name":"Michigan"},{"county_name":null,"description":null,"feat_class":"Civil","feature_id":"37837","fips_class":"H1","fips_county_cd":"125","full_county_name":null,"link_title":null,"url":"http:\/\/www.oakgov.com","name":"Oakland County","primary_latitude":"42.66","primary_longitude":"-83.39","state_abbreviation":"MI","state_name":"Michigan"},{"county_name":null,"description":null,"feat_class":"Civil","feature_id":"37838","fips_class":"H1","fips_county_cd":"127","full_county_name":null,"link_title":null,"url":"http:\/\/www.oceana.mi.us\/","name":"Oceana County","primary_latitude":"43.65","primary_longitude":"-86.25","state_abbreviation":"MI","state_name":"Michigan"},{"county_name":null,"description":null,"feat_class":"Civil","feature_id":"37841","fips_class":"H1","fips_county_cd":"133","full_county_name":null,"link_title":null,"url":"http:\/\/www.osceola-county.org\/","name":"Osceola County","primary_latitude":"43.98","primary_longitude":"-85.33","state_abbreviation":"MI","state_name":"Michigan"},{"county_name":null,"description":null,"feat_class":"Civil","feature_id":"37843","fips_class":"H1","fips_county_cd":"137","full_county_name":null,"link_title":null,"url":"http:\/\/www.otsegocountymi.gov\/","name":"Otsego County","primary_latitude":"45.03","primary_longitude":"-84.56","state_abbreviation":"MI","state_name":"Michigan"},{"county_name":null,"description":null,"feat_class":"Civil","feature_id":"37844","fips_class":"H1","fips_county_cd":"139","full_county_name":null,"link_title":null,"url":"http:\/\/www.co.ottawa.mi.us\/","name":"Ottawa County","primary_latitude":"42.95","primary_longitude":"-86","state_abbreviation":"MI","state_name":"Michigan"},{"county_name":null,"description":null,"feat_class":"Civil","feature_id":"37846","fips_class":"H1","fips_county_cd":"143","full_county_name":null,"link_title":null,"url":"http:\/\/www.roscommoncounty.net\/","name":"Roscommon County","primary_latitude":"44.33","primary_longitude":"-84.6","state_abbreviation":"MI","state_name":"Michigan"},{"county_name":null,"description":null,"feat_class":"Civil","feature_id":"37847","fips_class":"H1","fips_county_cd":"145","full_county_name":null,"link_title":null,"url":"http:\/\/www.saginawcounty.com\/","name":"Saginaw County","primary_latitude":"43.33","primary_longitude":"-84.03","state_abbreviation":"MI","state_name":"Michigan"},{"county_name":null,"description":null,"feat_class":"Civil","feature_id":"37848","fips_class":"H1","fips_county_cd":"147","full_county_name":null,"link_title":null,"url":"http:\/\/www.stclaircounty.org\/","name":"Saint Clair County","primary_latitude":"42.83","primary_longitude":"-82.66","state_abbreviation":"MI","state_name":"Michigan"},{"county_name":null,"description":null,"feat_class":"Civil","feature_id":"37849","fips_class":"H1","fips_county_cd":"149","full_county_name":null,"link_title":null,"url":"http:\/\/www.stjosephcountymi.org\/","name":"Saint Joseph County","primary_latitude":"41.75","primary_longitude":"-85.5","state_abbreviation":"MI","state_name":"Michigan"},{"county_name":null,"description":null,"feat_class":"Civil","feature_id":"37850","fips_class":"H1","fips_county_cd":"151","full_county_name":null,"link_title":null,"url":"http:\/\/www.sanilaccounty.net\/","name":"Sanilac County","primary_latitude":"43.43","primary_longitude":"-82.84","state_abbreviation":"MI","state_name":"Michigan"},{"county_name":null,"description":null,"feat_class":"Civil","feature_id":"37852","fips_class":"H1","fips_county_cd":"155","full_county_name":null,"link_title":null,"url":"http:\/\/www.shiawassee.net\/","name":"Shiawassee County","primary_latitude":"42.95","primary_longitude":"-84.14","state_abbreviation":"MI","state_name":"Michigan"},{"county_name":null,"description":null,"feat_class":"Civil","feature_id":"37853","fips_class":"H1","fips_county_cd":"157","full_county_name":null,"link_title":null,"url":"http:\/\/www.tuscolacounty.org\/","name":"Tuscola County","primary_latitude":"43.46","primary_longitude":"-83.44","state_abbreviation":"MI","state_name":"Michigan"},{"county_name":null,"description":null,"feat_class":"Civil","feature_id":"37854","fips_class":"H1","fips_county_cd":"159","full_county_name":null,"link_title":null,"url":"http:\/\/www.vbco.org\/","name":"Van Buren County","primary_latitude":"42.25","primary_longitude":"-86.03","state_abbreviation":"MI","state_name":"Michigan"},{"county_name":null,"description":null,"feat_class":"Civil","feature_id":"37855","fips_class":"H1","fips_county_cd":"161","full_county_name":null,"link_title":null,"url":"http:\/\/www.ewashtenaw.org\/","name":"Washtenaw County","primary_latitude":"42.25","primary_longitude":"-83.84","state_abbreviation":"MI","state_name":"Michigan"},{"county_name":null,"description":null,"feat_class":"Civil","feature_id":"37856","fips_class":"H1","fips_county_cd":"163","full_county_name":null,"link_title":null,"url":"http:\/\/www.waynecounty.com\/","name":"Wayne County","primary_latitude":"42.25","primary_longitude":"-83.28","state_abbreviation":"MI","state_name":"Michigan"},{"county_name":null,"description":null,"feat_class":"Civil","feature_id":"37857","fips_class":"H1","fips_county_cd":"165","full_county_name":null,"link_title":null,"url":"http:\/\/www.wexfordcounty.org\/","name":"Wexford County","primary_latitude":"44.33","primary_longitude":"-85.56","state_abbreviation":"MI","state_name":"Michigan"}]