[{"county_name":null,"description":null,"feat_class":"Civil","feature_id":"37888","fips_class":"H1","fips_county_cd":"61","full_county_name":null,"link_title":null,"url":"http:\/\/www.co.itasca.mn.us\/","name":"Itasca County","primary_latitude":"47.5","primary_longitude":"-93.58","state_abbreviation":"MN","state_name":"Minnesota"},{"county_name":null,"description":null,"feat_class":"Civil","feature_id":"37889","fips_class":"H1","fips_county_cd":"63","full_county_name":null,"link_title":null,"url":"http:\/\/www.co.jackson.mn.us\/","name":"Jackson County","primary_latitude":"43.62","primary_longitude":"-94.87","state_abbreviation":"MN","state_name":"Minnesota"},{"county_name":null,"description":null,"feat_class":"Civil","feature_id":"37890","fips_class":"H1","fips_county_cd":"65","full_county_name":null,"link_title":null,"url":"http:\/\/www.kanabeccounty.org\/","name":"Kanabec County","primary_latitude":"45.94","primary_longitude":"-93.3","state_abbreviation":"MN","state_name":"Minnesota"},{"county_name":null,"description":null,"feat_class":"Civil","feature_id":"37891","fips_class":"H1","fips_county_cd":"67","full_county_name":null,"link_title":null,"url":"http:\/\/www.co.kandiyohi.mn.us\/","name":"Kandiyohi County","primary_latitude":"45.13","primary_longitude":"-95","state_abbreviation":"MN","state_name":"Minnesota"},{"county_name":null,"description":null,"feat_class":"Civil","feature_id":"37893","fips_class":"H1","fips_county_cd":"71","full_county_name":null,"link_title":null,"url":"http:\/\/www.co.koochiching.mn.us\/","name":"Koochiching County","primary_latitude":"48.23","primary_longitude":"-93.78","state_abbreviation":"MN","state_name":"Minnesota"},{"county_name":null,"description":null,"feat_class":"Civil","feature_id":"37894","fips_class":"H1","fips_county_cd":"73","full_county_name":null,"link_title":null,"url":"http:\/\/www.ci.madison.mn.us\/","name":"Lac qui Parle County","primary_latitude":"44.96","primary_longitude":"-96.15","state_abbreviation":"MN","state_name":"Minnesota"},{"county_name":null,"description":null,"feat_class":"Civil","feature_id":"37895","fips_class":"H1","fips_county_cd":"75","full_county_name":null,"link_title":null,"url":"http:\/\/www.co.lake.mn.us\/","name":"Lake County","primary_latitude":"47.63","primary_longitude":"-91.41","state_abbreviation":"MN","state_name":"Minnesota"},{"county_name":null,"description":null,"feat_class":"Civil","feature_id":"37896","fips_class":"H1","fips_county_cd":"77","full_county_name":null,"link_title":null,"url":"http:\/\/www.co.lake-of-the-woods.mn.us\/","name":"Lake of the Woods County","primary_latitude":"48.75","primary_longitude":"-94.91","state_abbreviation":"MN","state_name":"Minnesota"},{"county_name":null,"description":null,"feat_class":"Civil","feature_id":"37897","fips_class":"H1","fips_county_cd":"79","full_county_name":null,"link_title":null,"url":"http:\/\/www.co.le-sueur.mn.us\/","name":"Le Sueur County","primary_latitude":"44.38","primary_longitude":"-93.73","state_abbreviation":"MN","state_name":"Minnesota"},{"county_name":null,"description":null,"feat_class":"Civil","feature_id":"37898","fips_class":"H1","fips_county_cd":"81","full_county_name":null,"link_title":null,"url":"http:\/\/www.co.lincoln.mn.us\/","name":"Lincoln County","primary_latitude":"44.41","primary_longitude":"-96.26","state_abbreviation":"MN","state_name":"Minnesota"},{"county_name":null,"description":null,"feat_class":"Civil","feature_id":"37899","fips_class":"H1","fips_county_cd":"83","full_county_name":null,"link_title":null,"url":"http:\/\/www.lyonco.org\/","name":"Lyon County","primary_latitude":"44.41","primary_longitude":"-95.85","state_abbreviation":"MN","state_name":"Minnesota"},{"county_name":null,"description":null,"feat_class":"Civil","feature_id":"37902","fips_class":"H1","fips_county_cd":"91","full_county_name":null,"link_title":null,"url":"http:\/\/www.co.martin.mn.us\/","name":"Martin County","primary_latitude":"43.66","primary_longitude":"-94.55","state_abbreviation":"MN","state_name":"Minnesota"},{"county_name":null,"description":null,"feat_class":"Civil","feature_id":"37903","fips_class":"H1","fips_county_cd":"85","full_county_name":null,"link_title":null,"url":"http:\/\/www.co.mcleod.mn.us\/","name":"McLeod County","primary_latitude":"44.83","primary_longitude":"-94.25","state_abbreviation":"MN","state_name":"Minnesota"},{"county_name":null,"description":null,"feat_class":"Civil","feature_id":"37904","fips_class":"H1","fips_county_cd":"93","full_county_name":null,"link_title":null,"url":"http:\/\/www.co.meeker.mn.us\/","name":"Meeker County","primary_latitude":"45.13","primary_longitude":"-94.51","state_abbreviation":"MN","state_name":"Minnesota"},{"county_name":null,"description":null,"feat_class":"Civil","feature_id":"37905","fips_class":"H1","fips_county_cd":"95","full_county_name":null,"link_title":null,"url":"http:\/\/www.co.mille-lacs.mn.us\/","name":"Mille Lacs County","primary_latitude":"45.58","primary_longitude":"-93.75","state_abbreviation":"MN","state_name":"Minnesota"},{"county_name":null,"description":null,"feat_class":"Civil","feature_id":"37906","fips_class":"H1","fips_county_cd":"97","full_county_name":null,"link_title":null,"url":"http:\/\/www.co.morrison.mn.us\/","name":"Morrison County","primary_latitude":"46.01","primary_longitude":"-94.3","state_abbreviation":"MN","state_name":"Minnesota"},{"county_name":null,"description":null,"feat_class":"Civil","feature_id":"37907","fips_class":"H1","fips_county_cd":"99","full_county_name":null,"link_title":null,"url":"http:\/\/www.co.mower.mn.us\/","name":"Mower County","primary_latitude":"43.66","primary_longitude":"-92.76","state_abbreviation":"MN","state_name":"Minnesota"},{"county_name":null,"description":null,"feat_class":"Civil","feature_id":"37908","fips_class":"H1","fips_county_cd":"101","full_county_name":null,"link_title":null,"url":"http:\/\/www.murray-countymn.com\/","name":"Murray County","primary_latitude":"44.03","primary_longitude":"-95.76","state_abbreviation":"MN","state_name":"Minnesota"},{"county_name":null,"description":null,"feat_class":"Civil","feature_id":"37909","fips_class":"H1","fips_county_cd":"103","full_county_name":null,"link_title":null,"url":"http:\/\/www.co.nicollet.mn.us\/","name":"Nicollet County","primary_latitude":"44.34","primary_longitude":"-94.28","state_abbreviation":"MN","state_name":"Minnesota"},{"county_name":null,"description":null,"feat_class":"Civil","feature_id":"37910","fips_class":"H1","fips_county_cd":"105","full_county_name":null,"link_title":null,"url":"http:\/\/www.co.nobles.mn.us\/","name":"Nobles County","primary_latitude":"43.66","primary_longitude":"-95.76","state_abbreviation":"MN","state_name":"Minnesota"},{"county_name":null,"description":null,"feat_class":"Civil","feature_id":"37911","fips_class":"H1","fips_county_cd":"107","full_county_name":null,"link_title":null,"url":"http:\/\/www.co.norman.mn.us\/","name":"Norman County","primary_latitude":"47.33","primary_longitude":"-96.46","state_abbreviation":"MN","state_name":"Minnesota"},{"county_name":null,"description":null,"feat_class":"Civil","feature_id":"37912","fips_class":"H1","fips_county_cd":"109","full_county_name":null,"link_title":null,"url":"http:\/\/www.co.olmsted.mn.us\/","name":"Olmsted County","primary_latitude":"44","primary_longitude":"-92.45","state_abbreviation":"MN","state_name":"Minnesota"},{"county_name":null,"description":null,"feat_class":"Civil","feature_id":"37913","fips_class":"H1","fips_county_cd":"111","full_county_name":null,"link_title":null,"url":"http:\/\/www.co.otter-tail.mn.us\/","name":"Otter Tail County","primary_latitude":"46.39","primary_longitude":"-95.7","state_abbreviation":"MN","state_name":"Minnesota"},{"county_name":null,"description":null,"feat_class":"Civil","feature_id":"37915","fips_class":"H1","fips_county_cd":"115","full_county_name":null,"link_title":null,"url":"http:\/\/www.pinecounty.org\/","name":"Pine County","primary_latitude":"46.08","primary_longitude":"-92.25","state_abbreviation":"MN","state_name":"Minnesota"},{"county_name":null,"description":null,"feat_class":"Civil","feature_id":"37916","fips_class":"H1","fips_county_cd":"117","full_county_name":null,"link_title":null,"url":"http:\/\/www.pipestone-county.com\/","name":"Pipestone County","primary_latitude":"44.03","primary_longitude":"-96.26","state_abbreviation":"MN","state_name":"Minnesota"},{"county_name":null,"description":null,"feat_class":"Civil","feature_id":"37917","fips_class":"H1","fips_county_cd":"119","full_county_name":null,"link_title":null,"url":"http:\/\/www.co.polk.mn.us\/","name":"Polk County","primary_latitude":"47.75","primary_longitude":"-96.58","state_abbreviation":"MN","state_name":"Minnesota"},{"county_name":null,"description":null,"feat_class":"Civil","feature_id":"37918","fips_class":"H1","fips_county_cd":"121","full_county_name":null,"link_title":null,"url":"http:\/\/www.co.pope.mn.us\/","name":"Pope County","primary_latitude":"45.56","primary_longitude":"-95.45","state_abbreviation":"MN","state_name":"Minnesota"},{"county_name":null,"description":null,"feat_class":"Civil","feature_id":"37919","fips_class":"H1","fips_county_cd":"123","full_county_name":null,"link_title":null,"url":"http:\/\/www.co.ramsey.mn.us\/","name":"Ramsey County","primary_latitude":"45.03","primary_longitude":"-93.08","state_abbreviation":"MN","state_name":"Minnesota"},{"county_name":null,"description":null,"feat_class":"Civil","feature_id":"37921","fips_class":"H1","fips_county_cd":"127","full_county_name":null,"link_title":null,"url":"http:\/\/www.redwoodcounty-mn.us\/","name":"Redwood County","primary_latitude":"44.41","primary_longitude":"-95.23","state_abbreviation":"MN","state_name":"Minnesota"},{"county_name":null,"description":null,"feat_class":"Civil","feature_id":"37922","fips_class":"H1","fips_county_cd":"129","full_county_name":null,"link_title":null,"url":"http:\/\/www.co.renville.mn.us\/","name":"Renville County","primary_latitude":"44.71","primary_longitude":"-94.96","state_abbreviation":"MN","state_name":"Minnesota"},{"county_name":null,"description":null,"feat_class":"Civil","feature_id":"37923","fips_class":"H1","fips_county_cd":"131","full_county_name":null,"link_title":null,"url":"http:\/\/www.co.rice.mn.us\/","name":"Rice County","primary_latitude":"44.34","primary_longitude":"-93.33","state_abbreviation":"MN","state_name":"Minnesota"},{"county_name":null,"description":null,"feat_class":"Civil","feature_id":"37924","fips_class":"H1","fips_county_cd":"133","full_county_name":null,"link_title":null,"url":"http:\/\/www.co.rock.mn.us\/","name":"Rock County","primary_latitude":"43.66","primary_longitude":"-96.1","state_abbreviation":"MN","state_name":"Minnesota"},{"county_name":null,"description":null,"feat_class":"Civil","feature_id":"37925","fips_class":"H1","fips_county_cd":"135","full_county_name":null,"link_title":null,"url":"http:\/\/www.co.roseau.mn.us\/","name":"Roseau County","primary_latitude":"48.78","primary_longitude":"-95.8","state_abbreviation":"MN","state_name":"Minnesota"},{"county_name":null,"description":null,"feat_class":"Civil","feature_id":"37926","fips_class":"H1","fips_county_cd":"137","full_county_name":null,"link_title":null,"url":"http:\/\/www.co.st-louis.mn.us\/","name":"Saint Louis County","primary_latitude":"47.58","primary_longitude":"-92.5","state_abbreviation":"MN","state_name":"Minnesota"},{"county_name":null,"description":null,"feat_class":"Civil","feature_id":"37927","fips_class":"H1","fips_county_cd":"139","full_county_name":null,"link_title":null,"url":"http:\/\/www.co.scott.mn.us\/","name":"Scott County","primary_latitude":"44.63","primary_longitude":"-93.5","state_abbreviation":"MN","state_name":"Minnesota"},{"county_name":null,"description":null,"feat_class":"Civil","feature_id":"37928","fips_class":"H1","fips_county_cd":"141","full_county_name":null,"link_title":null,"url":"http:\/\/www.co.sherburne.mn.us\/","name":"Sherburne County","primary_latitude":"45.44","primary_longitude":"-93.76","state_abbreviation":"MN","state_name":"Minnesota"},{"county_name":null,"description":null,"feat_class":"Civil","feature_id":"37929","fips_class":"H1","fips_county_cd":"143","full_county_name":null,"link_title":null,"url":"http:\/\/www.co.sibley.mn.us\/","name":"Sibley County","primary_latitude":"44.56","primary_longitude":"-94.2","state_abbreviation":"MN","state_name":"Minnesota"},{"county_name":null,"description":null,"feat_class":"Civil","feature_id":"37930","fips_class":"H1","fips_county_cd":"145","full_county_name":null,"link_title":null,"url":"http:\/\/www.co.stearns.mn.us\/","name":"Stearns County","primary_latitude":"45.54","primary_longitude":"-94.55","state_abbreviation":"MN","state_name":"Minnesota"},{"county_name":null,"description":null,"feat_class":"Civil","feature_id":"37931","fips_class":"H1","fips_county_cd":"147","full_county_name":null,"link_title":null,"url":"http:\/\/www.co.steele.mn.us\/","name":"Steele County","primary_latitude":"44.03","primary_longitude":"-93.13","state_abbreviation":"MN","state_name":"Minnesota"},{"county_name":null,"description":null,"feat_class":"Civil","feature_id":"37932","fips_class":"H1","fips_county_cd":"149","full_county_name":null,"link_title":null,"url":"http:\/\/www.co.stevens.mn.us\/","name":"Stevens County","primary_latitude":"45.56","primary_longitude":"-96","state_abbreviation":"MN","state_name":"Minnesota"},{"county_name":null,"description":null,"feat_class":"Civil","feature_id":"37933","fips_class":"H1","fips_county_cd":"151","full_county_name":null,"link_title":null,"url":"http:\/\/www.swiftcounty.com\/","name":"Swift County","primary_latitude":"45.26","primary_longitude":"-95.66","state_abbreviation":"MN","state_name":"Minnesota"},{"county_name":null,"description":null,"feat_class":"Civil","feature_id":"37934","fips_class":"H1","fips_county_cd":"153","full_county_name":null,"link_title":null,"url":"http:\/\/www.co.todd.mn.us\/","name":"Todd County","primary_latitude":"46.06","primary_longitude":"-94.88","state_abbreviation":"MN","state_name":"Minnesota"},{"county_name":null,"description":null,"feat_class":"Civil","feature_id":"37936","fips_class":"H1","fips_county_cd":"157","full_county_name":null,"link_title":null,"url":"http:\/\/www.co.wabasha.mn.us\/","name":"Wabasha County","primary_latitude":"44.28","primary_longitude":"-92.21","state_abbreviation":"MN","state_name":"Minnesota"},{"county_name":null,"description":null,"feat_class":"Civil","feature_id":"37937","fips_class":"H1","fips_county_cd":"159","full_county_name":null,"link_title":null,"url":"http:\/\/www.co.wadena.mn.us\/","name":"Wadena County","primary_latitude":"46.58","primary_longitude":"-94.96","state_abbreviation":"MN","state_name":"Minnesota"},{"county_name":null,"description":null,"feat_class":"Civil","feature_id":"37938","fips_class":"H1","fips_county_cd":"161","full_county_name":null,"link_title":null,"url":"http:\/\/www.co.waseca.mn.us\/","name":"Waseca County","primary_latitude":"44.03","primary_longitude":"-93.58","state_abbreviation":"MN","state_name":"Minnesota"},{"county_name":null,"description":null,"feat_class":"Civil","feature_id":"37939","fips_class":"H1","fips_county_cd":"163","full_county_name":null,"link_title":null,"url":"http:\/\/www.co.washington.mn.us\/","name":"Washington County","primary_latitude":"45.03","primary_longitude":"-92.91","state_abbreviation":"MN","state_name":"Minnesota"},{"county_name":null,"description":null,"feat_class":"Civil","feature_id":"37941","fips_class":"H1","fips_county_cd":"167","full_county_name":null,"link_title":null,"url":"http:\/\/www.co.wilkin.mn.us\/","name":"Wilkin County","primary_latitude":"46.25","primary_longitude":"-96.46","state_abbreviation":"MN","state_name":"Minnesota"},{"county_name":null,"description":null,"feat_class":"Civil","feature_id":"37942","fips_class":"H1","fips_county_cd":"169","full_county_name":null,"link_title":null,"url":"http:\/\/www.co.winona.mn.us\/","name":"Winona County","primary_latitude":"43.96","primary_longitude":"-91.76","state_abbreviation":"MN","state_name":"Minnesota"},{"county_name":null,"description":null,"feat_class":"Civil","feature_id":"37943","fips_class":"H1","fips_county_cd":"171","full_county_name":null,"link_title":null,"url":"http:\/\/www.co.wright.mn.us\/","name":"Wright County","primary_latitude":"45.18","primary_longitude":"-93.95","state_abbreviation":"MN","state_name":"Minnesota"},{"county_name":null,"description":null,"feat_class":"Civil","feature_id":"37944","fips_class":"H1","fips_county_cd":"173","full_county_name":null,"link_title":null,"url":"http:\/\/yellowmedicine.govoffice.com\/","name":"Yellow Medicine County","primary_latitude":"44.71","primary_longitude":"-95.8","state_abbreviation":"MN","state_name":"Minnesota"},{"county_name":null,"description":null,"feat_class":"Civil","feature_id":"37858","fips_class":"H1","fips_county_cd":"1","full_county_name":null,"link_title":null,"url":"http:\/\/www.co.aitkin.mn.us\/","name":"Aitkin County","primary_latitude":"46.59","primary_longitude":"-93.41","state_abbreviation":"MN","state_name":"Minnesota"},{"county_name":null,"description":null,"feat_class":"Civil","feature_id":"37859","fips_class":"H1","fips_county_cd":"3","full_county_name":null,"link_title":null,"url":"http:\/\/www.co.anoka.mn.us\/","name":"Anoka County","primary_latitude":"45.25","primary_longitude":"-93.25","state_abbreviation":"MN","state_name":"Minnesota"},{"county_name":null,"description":null,"feat_class":"Civil","feature_id":"37860","fips_class":"H1","fips_county_cd":"5","full_county_name":null,"link_title":null,"url":"http:\/\/www.co.becker.mn.us\/","name":"Becker County","primary_latitude":"46.94","primary_longitude":"-95.68","state_abbreviation":"MN","state_name":"Minnesota"},{"county_name":null,"description":null,"feat_class":"Civil","feature_id":"37861","fips_class":"H1","fips_county_cd":"7","full_county_name":null,"link_title":null,"url":"http:\/\/www.co.beltrami.mn.us\/","name":"Beltrami County","primary_latitude":"47.91","primary_longitude":"-94.9","state_abbreviation":"MN","state_name":"Minnesota"},{"county_name":null,"description":null,"feat_class":"Civil","feature_id":"37862","fips_class":"H1","fips_county_cd":"9","full_county_name":null,"link_title":null,"url":"http:\/\/www.co.benton.mn.us\/","name":"Benton County","primary_latitude":"45.69","primary_longitude":"-93.98","state_abbreviation":"MN","state_name":"Minnesota"},{"county_name":null,"description":null,"feat_class":"Civil","feature_id":"37863","fips_class":"H1","fips_county_cd":"11","full_county_name":null,"link_title":null,"url":"http:\/\/www.bigstonecounty.org\/","name":"Big Stone County","primary_latitude":"45.39","primary_longitude":"-96.45","state_abbreviation":"MN","state_name":"Minnesota"},{"county_name":null,"description":null,"feat_class":"Civil","feature_id":"37864","fips_class":"H1","fips_county_cd":"13","full_county_name":null,"link_title":null,"url":"http:\/\/www.co.blue-earth.mn.us\/","name":"Blue Earth County","primary_latitude":"44.03","primary_longitude":"-94.06","state_abbreviation":"MN","state_name":"Minnesota"},{"county_name":null,"description":null,"feat_class":"Civil","feature_id":"37865","fips_class":"H1","fips_county_cd":"15","full_county_name":null,"link_title":null,"url":"http:\/\/www.co.brown.mn.us\/","name":"Brown County","primary_latitude":"44.23","primary_longitude":"-94.68","state_abbreviation":"MN","state_name":"Minnesota"},{"county_name":null,"description":null,"feat_class":"Civil","feature_id":"37866","fips_class":"H1","fips_county_cd":"17","full_county_name":null,"link_title":null,"url":"http:\/\/www.co.carlton.mn.us\/","name":"Carlton County","primary_latitude":"46.58","primary_longitude":"-92.66","state_abbreviation":"MN","state_name":"Minnesota"},{"county_name":null,"description":null,"feat_class":"Civil","feature_id":"37867","fips_class":"H1","fips_county_cd":"19","full_county_name":null,"link_title":null,"url":"http:\/\/www.co.carver.mn.us\/","name":"Carver County","primary_latitude":"44.79","primary_longitude":"-93.78","state_abbreviation":"MN","state_name":"Minnesota"},{"county_name":null,"description":null,"feat_class":"Civil","feature_id":"37868","fips_class":"H1","fips_county_cd":"21","full_county_name":null,"link_title":null,"url":"http:\/\/www.co.cass.mn.us\/","name":"Cass County","primary_latitude":"46.91","primary_longitude":"-94.28","state_abbreviation":"MN","state_name":"Minnesota"},{"county_name":null,"description":null,"feat_class":"Civil","feature_id":"37869","fips_class":"H1","fips_county_cd":"23","full_county_name":null,"link_title":null,"url":"http:\/\/www.co.chippewa.mn.us\/","name":"Chippewa County","primary_latitude":"45.03","primary_longitude":"-95.58","state_abbreviation":"MN","state_name":"Minnesota"},{"county_name":null,"description":null,"feat_class":"Civil","feature_id":"37870","fips_class":"H1","fips_county_cd":"25","full_county_name":null,"link_title":null,"url":"http:\/\/www.co.chisago.mn.us\/","name":"Chisago County","primary_latitude":"45.5","primary_longitude":"-92.9","state_abbreviation":"MN","state_name":"Minnesota"},{"county_name":null,"description":null,"feat_class":"Civil","feature_id":"37871","fips_class":"H1","fips_county_cd":"27","full_county_name":null,"link_title":null,"url":"http:\/\/www.co.clay.mn.us\/","name":"Clay County","primary_latitude":"46.88","primary_longitude":"-96.48","state_abbreviation":"MN","state_name":"Minnesota"},{"county_name":null,"description":null,"feat_class":"Civil","feature_id":"37872","fips_class":"H1","fips_county_cd":"29","full_county_name":null,"link_title":null,"url":"http:\/\/www.co.clearwater.mn.us\/","name":"Clearwater County","primary_latitude":"47.56","primary_longitude":"-95.36","state_abbreviation":"MN","state_name":"Minnesota"},{"county_name":null,"description":null,"feat_class":"Civil","feature_id":"37873","fips_class":"H1","fips_county_cd":"31","full_county_name":null,"link_title":null,"url":"http:\/\/www.co.cook.mn.us\/","name":"Cook County","primary_latitude":"47.91","primary_longitude":"-90.55","state_abbreviation":"MN","state_name":"Minnesota"},{"county_name":null,"description":null,"feat_class":"Civil","feature_id":"37874","fips_class":"H1","fips_county_cd":"33","full_county_name":null,"link_title":null,"url":"http:\/\/www.rrcnet.org\/~cotton\/","name":"Cottonwood County","primary_latitude":"44","primary_longitude":"-95.2","state_abbreviation":"MN","state_name":"Minnesota"},{"county_name":null,"description":null,"feat_class":"Civil","feature_id":"37875","fips_class":"H1","fips_county_cd":"35","full_county_name":null,"link_title":null,"url":"http:\/\/www.co.crow-wing.mn.us\/","name":"Crow Wing County","primary_latitude":"46.46","primary_longitude":"-94.08","state_abbreviation":"MN","state_name":"Minnesota"},{"county_name":null,"description":null,"feat_class":"Civil","feature_id":"37876","fips_class":"H1","fips_county_cd":"37","full_county_name":null,"link_title":null,"url":"http:\/\/www.co.dakota.mn.us\/","name":"Dakota County","primary_latitude":"44.66","primary_longitude":"-93.06","state_abbreviation":"MN","state_name":"Minnesota"},{"county_name":null,"description":null,"feat_class":"Civil","feature_id":"37877","fips_class":"H1","fips_county_cd":"39","full_county_name":null,"link_title":null,"url":"http:\/\/www.co.dodge.mn.us\/","name":"Dodge County","primary_latitude":"44.03","primary_longitude":"-92.86","state_abbreviation":"MN","state_name":"Minnesota"},{"county_name":null,"description":null,"feat_class":"Civil","feature_id":"37878","fips_class":"H1","fips_county_cd":"41","full_county_name":null,"link_title":null,"url":"http:\/\/www.co.douglas.mn.us\/","name":"Douglas County","primary_latitude":"45.93","primary_longitude":"-95.45","state_abbreviation":"MN","state_name":"Minnesota"},{"county_name":null,"description":null,"feat_class":"Civil","feature_id":"37879","fips_class":"H1","fips_county_cd":"43","full_county_name":null,"link_title":null,"url":"http:\/\/www.co.faribault.mn.us\/","name":"Faribault County","primary_latitude":"43.66","primary_longitude":"-93.93","state_abbreviation":"MN","state_name":"Minnesota"},{"county_name":null,"description":null,"feat_class":"Civil","feature_id":"37880","fips_class":"H1","fips_county_cd":"45","full_county_name":null,"link_title":null,"url":"http:\/\/www.co.fillmore.mn.us\/","name":"Fillmore County","primary_latitude":"43.66","primary_longitude":"-92.1","state_abbreviation":"MN","state_name":"Minnesota"},{"county_name":null,"description":null,"feat_class":"Civil","feature_id":"37881","fips_class":"H1","fips_county_cd":"47","full_county_name":null,"link_title":null,"url":"http:\/\/www.co.freeborn.mn.us\/","name":"Freeborn County","primary_latitude":"43.66","primary_longitude":"-93.35","state_abbreviation":"MN","state_name":"Minnesota"},{"county_name":null,"description":null,"feat_class":"Civil","feature_id":"37882","fips_class":"H1","fips_county_cd":"49","full_county_name":null,"link_title":null,"url":"http:\/\/www.co.goodhue.mn.us\/","name":"Goodhue County","primary_latitude":"44.41","primary_longitude":"-92.71","state_abbreviation":"MN","state_name":"Minnesota"},{"county_name":null,"description":null,"feat_class":"Civil","feature_id":"37883","fips_class":"H1","fips_county_cd":"51","full_county_name":null,"link_title":null,"url":"http:\/\/www.co.grant.mn.us\/","name":"Grant County","primary_latitude":"45.93","primary_longitude":"-96","state_abbreviation":"MN","state_name":"Minnesota"},{"county_name":null,"description":null,"feat_class":"Civil","feature_id":"37884","fips_class":"H1","fips_county_cd":"53","full_county_name":null,"link_title":null,"url":"http:\/\/www.hennepin.us\/","name":"Hennepin County","primary_latitude":"45.01","primary_longitude":"-93.45","state_abbreviation":"MN","state_name":"Minnesota"},{"county_name":null,"description":null,"feat_class":"Civil","feature_id":"37885","fips_class":"H1","fips_county_cd":"55","full_county_name":null,"link_title":null,"url":"http:\/\/www.houstoncounty.govoffice2.com\/","name":"Houston County","primary_latitude":"43.66","primary_longitude":"-91.5","state_abbreviation":"MN","state_name":"Minnesota"},{"county_name":null,"description":null,"feat_class":"Civil","feature_id":"37886","fips_class":"H1","fips_county_cd":"57","full_county_name":null,"link_title":null,"url":"http:\/\/www.co.hubbard.mn.us\/","name":"Hubbard County","primary_latitude":"47.09","primary_longitude":"-94.9","state_abbreviation":"MN","state_name":"Minnesota"},{"county_name":null,"description":null,"feat_class":"Civil","feature_id":"37887","fips_class":"H1","fips_county_cd":"59","full_county_name":null,"link_title":null,"url":"http:\/\/www.co.isanti.mn.us\/","name":"Isanti County","primary_latitude":"45.54","primary_longitude":"-93.3","state_abbreviation":"MN","state_name":"Minnesota"}]