[{"county_name":null,"description":null,"feat_class":"Civil","feature_id":"38064","fips_class":"H1","fips_county_cd":"11","full_county_name":null,"link_title":null,"url":"http:\/\/www.co.bolivar.ms.us\/","name":"Bolivar County","primary_latitude":"33.78","primary_longitude":"-90.79","state_abbreviation":"MS","state_name":"Mississippi"},{"county_name":null,"description":null,"feat_class":"Civil","feature_id":"38067","fips_class":"H1","fips_county_cd":"17","full_county_name":null,"link_title":null,"url":"http:\/\/www.chickasawcoms.com\/","name":"Chickasaw County","primary_latitude":"33.93","primary_longitude":"-88.91","state_abbreviation":"MS","state_name":"Mississippi"},{"county_name":null,"description":null,"feat_class":"Civil","feature_id":"38075","fips_class":"H1","fips_county_cd":"33","full_county_name":null,"link_title":null,"url":"http:\/\/www.desotoms.com\/","name":"DeSoto County","primary_latitude":"34.92","primary_longitude":"-89.99","state_abbreviation":"MS","state_name":"Mississippi"},{"county_name":null,"description":null,"feat_class":"Civil","feature_id":"38076","fips_class":"H1","fips_county_cd":"35","full_county_name":null,"link_title":null,"url":"http:\/\/www.co.forrest.ms.us\/","name":"Forrest County","primary_latitude":"31.31","primary_longitude":"-89.29","state_abbreviation":"MS","state_name":"Mississippi"},{"county_name":null,"description":null,"feat_class":"Civil","feature_id":"38082","fips_class":"H1","fips_county_cd":"47","full_county_name":null,"link_title":null,"url":"http:\/\/www.co.harrison.ms.us\/","name":"Harrison County","primary_latitude":"30.4","primary_longitude":"-89.04","state_abbreviation":"MS","state_name":"Mississippi"},{"county_name":null,"description":null,"feat_class":"Civil","feature_id":"38083","fips_class":"H1","fips_county_cd":"49","full_county_name":null,"link_title":null,"url":"http:\/\/www.co.hinds.ms.us\/","name":"Hinds County","primary_latitude":"32.31","primary_longitude":"-90.24","state_abbreviation":"MS","state_name":"Mississippi"},{"county_name":null,"description":null,"feat_class":"Civil","feature_id":"38088","fips_class":"H1","fips_county_cd":"59","full_county_name":null,"link_title":null,"url":"http:\/\/www.co.jackson.ms.us\/","name":"Jackson County","primary_latitude":"30.42","primary_longitude":"-88.62","state_abbreviation":"MS","state_name":"Mississippi"},{"county_name":null,"description":null,"feat_class":"Civil","feature_id":"38095","fips_class":"H1","fips_county_cd":"73","full_county_name":null,"link_title":null,"url":"http:\/\/www.lamarcounty.com\/","name":"Lamar County","primary_latitude":"31.23","primary_longitude":"-89.45","state_abbreviation":"MS","state_name":"Mississippi"},{"county_name":null,"description":null,"feat_class":"Civil","feature_id":"38096","fips_class":"H1","fips_county_cd":"75","full_county_name":null,"link_title":null,"url":"http:\/\/www.lauderdalecounty.org\/","name":"Lauderdale County","primary_latitude":"32.39","primary_longitude":"-88.69","state_abbreviation":"MS","state_name":"Mississippi"},{"county_name":null,"description":null,"feat_class":"Civil","feature_id":"38103","fips_class":"H1","fips_county_cd":"89","full_county_name":null,"link_title":null,"url":"http:\/\/www.madison-co.com\/","name":"Madison County","primary_latitude":"32.56","primary_longitude":"-90.06","state_abbreviation":"MS","state_name":"Mississippi"},{"county_name":null,"description":null,"feat_class":"Civil","feature_id":"38106","fips_class":"H1","fips_county_cd":"95","full_county_name":null,"link_title":null,"url":"http:\/\/www.monroecountyms.org\/","name":"Monroe County","primary_latitude":"33.91","primary_longitude":"-88.49","state_abbreviation":"MS","state_name":"Mississippi"},{"county_name":null,"description":null,"feat_class":"Civil","feature_id":"38113","fips_class":"H1","fips_county_cd":"109","full_county_name":null,"link_title":null,"url":"http:\/\/www.pearlrivercounty.net\/","name":"Pearl River County","primary_latitude":"30.64","primary_longitude":"-89.64","state_abbreviation":"MS","state_name":"Mississippi"},{"county_name":null,"description":null,"feat_class":"Civil","feature_id":"38115","fips_class":"H1","fips_county_cd":"113","full_county_name":null,"link_title":null,"url":"http:\/\/www.co.pike.ms.us\/","name":"Pike County","primary_latitude":"31.2","primary_longitude":"-90.43","state_abbreviation":"MS","state_name":"Mississippi"},{"county_name":null,"description":null,"feat_class":"Civil","feature_id":"38119","fips_class":"H1","fips_county_cd":"121","full_county_name":null,"link_title":null,"url":"http:\/\/www.rankincounty.org\/","name":"Rankin County","primary_latitude":"32.26","primary_longitude":"-90.04","state_abbreviation":"MS","state_name":"Mississippi"},{"county_name":null,"description":null,"feat_class":"Civil","feature_id":"38130","fips_class":"H1","fips_county_cd":"143","full_county_name":null,"link_title":null,"url":"http:\/\/www.tunicacounty.com\/","name":"Tunica County","primary_latitude":"34.66","primary_longitude":"-90.36","state_abbreviation":"MS","state_name":"Mississippi"},{"county_name":null,"description":null,"feat_class":"Civil","feature_id":"38135","fips_class":"H1","fips_county_cd":"153","full_county_name":null,"link_title":null,"url":"http:\/\/www.wayneco.com\/","name":"Wayne County","primary_latitude":"31.65","primary_longitude":"-88.66","state_abbreviation":"MS","state_name":"Mississippi"}]