[{"county_name":null,"description":null,"feat_class":"Civil","feature_id":"38147","fips_class":"H1","fips_county_cd":"13","full_county_name":null,"link_title":null,"url":"http:\/\/www.co.cascade.mt.us\/","name":"Cascade County","primary_latitude":"47.29","primary_longitude":"-111.36","state_abbreviation":"MT","state_name":"Montana"},{"county_name":null,"description":null,"feat_class":"Civil","feature_id":"38148","fips_class":"H1","fips_county_cd":"15","full_county_name":null,"link_title":null,"url":"http:\/\/www.co.chouteau.mt.us\/","name":"Chouteau County","primary_latitude":"47.86","primary_longitude":"-110.46","state_abbreviation":"MT","state_name":"Montana"},{"county_name":null,"description":null,"feat_class":"Civil","feature_id":"38152","fips_class":"H6","fips_county_cd":"23","full_county_name":null,"link_title":null,"url":"http:\/\/www.anacondamt.org\/","name":"Deer Lodge County","primary_latitude":"46.0499251","primary_longitude":"-113.0342116","state_abbreviation":"MT","state_name":"Montana"},{"county_name":null,"description":null,"feat_class":"Civil","feature_id":"38154","fips_class":"H1","fips_county_cd":"27","full_county_name":null,"link_title":null,"url":"http:\/\/www.co.fergus.mt.us\/","name":"Fergus County","primary_latitude":"47.29","primary_longitude":"-109.26","state_abbreviation":"MT","state_name":"Montana"},{"county_name":null,"description":null,"feat_class":"Civil","feature_id":"38155","fips_class":"H1","fips_county_cd":"29","full_county_name":null,"link_title":null,"url":"http:\/\/flathead.mt.gov\/","name":"Flathead County","primary_latitude":"48.33","primary_longitude":"-114.25","state_abbreviation":"MT","state_name":"Montana"},{"county_name":null,"description":null,"feat_class":"Civil","feature_id":"38156","fips_class":"H1","fips_county_cd":"31","full_county_name":null,"link_title":null,"url":"http:\/\/www.gallatin.mt.gov\/","name":"Gallatin County","primary_latitude":"45.66","primary_longitude":"-111.2","state_abbreviation":"MT","state_name":"Montana"},{"county_name":null,"description":null,"feat_class":"Civil","feature_id":"38161","fips_class":"H1","fips_county_cd":"41","full_county_name":null,"link_title":null,"url":"http:\/\/co.hill.mt.us\/","name":"Hill County","primary_latitude":"48.64","primary_longitude":"-110.1","state_abbreviation":"MT","state_name":"Montana"},{"county_name":null,"description":null,"feat_class":"Civil","feature_id":"38162","fips_class":"H1","fips_county_cd":"43","full_county_name":null,"link_title":null,"url":"http:\/\/www.jeffco.mt.gov\/","name":"Jefferson County","primary_latitude":"46.18","primary_longitude":"-112.16","state_abbreviation":"MT","state_name":"Montana"},{"county_name":null,"description":null,"feat_class":"Civil","feature_id":"38164","fips_class":"H1","fips_county_cd":"47","full_county_name":null,"link_title":null,"url":"http:\/\/www.lakecounty-mt.org\/","name":"Lake County","primary_latitude":"47.66","primary_longitude":"-114.08","state_abbreviation":"MT","state_name":"Montana"},{"county_name":null,"description":null,"feat_class":"Civil","feature_id":"38165","fips_class":"H1","fips_county_cd":"49","full_county_name":null,"link_title":null,"url":"http:\/\/www.co.lewis-clark.mt.us\/","name":"Lewis and Clark County","primary_latitude":"47.03","primary_longitude":"-112.48","state_abbreviation":"MT","state_name":"Montana"},{"county_name":null,"description":null,"feat_class":"Civil","feature_id":"38167","fips_class":"H1","fips_county_cd":"53","full_county_name":null,"link_title":null,"url":"http:\/\/www.lincolncountymt.us\/","name":"Lincoln County","primary_latitude":"48.54","primary_longitude":"-115.38","state_abbreviation":"MT","state_name":"Montana"},{"county_name":null,"description":null,"feat_class":"Civil","feature_id":"38171","fips_class":"H1","fips_county_cd":"61","full_county_name":null,"link_title":null,"url":"http:\/\/co.mineral.mt.us\/","name":"Mineral County","primary_latitude":"47.13","primary_longitude":"-114.96","state_abbreviation":"MT","state_name":"Montana"},{"county_name":null,"description":null,"feat_class":"Civil","feature_id":"38172","fips_class":"H1","fips_county_cd":"63","full_county_name":null,"link_title":null,"url":"http:\/\/www.co.missoula.mt.us\/","name":"Missoula County","primary_latitude":"47.01","primary_longitude":"-113.8","state_abbreviation":"MT","state_name":"Montana"},{"county_name":null,"description":null,"feat_class":"Civil","feature_id":"38174","fips_class":"H1","fips_county_cd":"67","full_county_name":null,"link_title":null,"url":"http:\/\/www.parkcounty.org\/","name":"Park County","primary_latitude":"45.48","primary_longitude":"-110.56","state_abbreviation":"MT","state_name":"Montana"},{"county_name":null,"description":null,"feat_class":"Civil","feature_id":"38177","fips_class":"H1","fips_county_cd":"73","full_county_name":null,"link_title":null,"url":"http:\/\/www.ponderacountymontana.org\/","name":"Pondera County","primary_latitude":"48.21","primary_longitude":"-112.18","state_abbreviation":"MT","state_name":"Montana"},{"county_name":null,"description":null,"feat_class":"Civil","feature_id":"38181","fips_class":"H1","fips_county_cd":"81","full_county_name":null,"link_title":null,"url":"http:\/\/www.ravallicounty.mt.gov\/","name":"Ravalli County","primary_latitude":"46.13","primary_longitude":"-114.13","state_abbreviation":"MT","state_name":"Montana"},{"county_name":null,"description":null,"feat_class":"Civil","feature_id":"38182","fips_class":"H1","fips_county_cd":"83","full_county_name":null,"link_title":null,"url":"http:\/\/www.richland.org\/","name":"Richland County","primary_latitude":"47.78","primary_longitude":"-104.53","state_abbreviation":"MT","state_name":"Montana"},{"county_name":null,"description":null,"feat_class":"Civil","feature_id":"38185","fips_class":"H1","fips_county_cd":"89","full_county_name":null,"link_title":null,"url":"http:\/\/www.co.sanders.mt.us\/","name":"Sanders County","primary_latitude":"47.66","primary_longitude":"-115.16","state_abbreviation":"MT","state_name":"Montana"},{"county_name":null,"description":null,"feat_class":"Civil","feature_id":"38186","fips_class":"H1","fips_county_cd":"91","full_county_name":null,"link_title":null,"url":"http:\/\/www.co.sheridan.mt.us\/","name":"Sheridan County","primary_latitude":"48.71","primary_longitude":"-104.4","state_abbreviation":"MT","state_name":"Montana"},{"county_name":null,"description":null,"feat_class":"Civil","feature_id":"38196","fips_class":"H1","fips_county_cd":"111","full_county_name":null,"link_title":null,"url":"http:\/\/www.co.yellowstone.mt.us\/","name":"Yellowstone County","primary_latitude":"45.91","primary_longitude":"-108.3","state_abbreviation":"MT","state_name":"Montana"}]