[{"county_name":null,"description":null,"feat_class":"Civil","feature_id":"38197","fips_class":"H1","fips_county_cd":"1","full_county_name":null,"link_title":null,"url":"http:\/\/www.alamance-nc.com\/","name":"Alamance County","primary_latitude":"36.03","primary_longitude":"-79.39","state_abbreviation":"NC","state_name":"North Carolina"},{"county_name":null,"description":null,"feat_class":"Civil","feature_id":"38198","fips_class":"H1","fips_county_cd":"3","full_county_name":null,"link_title":null,"url":"http:\/\/www.co.alexander.nc.us\/","name":"Alexander County","primary_latitude":"35.93","primary_longitude":"-81.18","state_abbreviation":"NC","state_name":"North Carolina"},{"county_name":null,"description":null,"feat_class":"Civil","feature_id":"38200","fips_class":"H1","fips_county_cd":"7","full_county_name":null,"link_title":null,"url":"http:\/\/www.co.anson.nc.us\/","name":"Anson County","primary_latitude":"34.98","primary_longitude":"-80.09","state_abbreviation":"NC","state_name":"North Carolina"},{"county_name":null,"description":null,"feat_class":"Civil","feature_id":"38202","fips_class":"H1","fips_county_cd":"11","full_county_name":null,"link_title":null,"url":"http:\/\/www.averycountync.gov\/","name":"Avery County","primary_latitude":"36.1","primary_longitude":"-81.93","state_abbreviation":"NC","state_name":"North Carolina"},{"county_name":null,"description":null,"feat_class":"Civil","feature_id":"38203","fips_class":"H1","fips_county_cd":"13","full_county_name":null,"link_title":null,"url":"http:\/\/www.co.beaufort.nc.us\/","name":"Beaufort County","primary_latitude":"35.43","primary_longitude":"-76.86","state_abbreviation":"NC","state_name":"North Carolina"},{"county_name":null,"description":null,"feat_class":"Civil","feature_id":"38204","fips_class":"H1","fips_county_cd":"15","full_county_name":null,"link_title":null,"url":"http:\/\/www.co.bertie.nc.us\/","name":"Bertie County","primary_latitude":"36.06","primary_longitude":"-76.96","state_abbreviation":"NC","state_name":"North Carolina"},{"county_name":null,"description":null,"feat_class":"Civil","feature_id":"38205","fips_class":"H1","fips_county_cd":"17","full_county_name":null,"link_title":null,"url":"http:\/\/www.bladeninfo.net\/","name":"Bladen County","primary_latitude":"34.63","primary_longitude":"-78.56","state_abbreviation":"NC","state_name":"North Carolina"},{"county_name":null,"description":null,"feat_class":"Civil","feature_id":"38206","fips_class":"H1","fips_county_cd":"19","full_county_name":null,"link_title":null,"url":"http:\/\/www.brunsco.net\/","name":"Brunswick County","primary_latitude":"34.06","primary_longitude":"-78.26","state_abbreviation":"NC","state_name":"North Carolina"},{"county_name":null,"description":null,"feat_class":"Civil","feature_id":"38207","fips_class":"H1","fips_county_cd":"21","full_county_name":null,"link_title":null,"url":"http:\/\/www.buncombecounty.org\/","name":"Buncombe County","primary_latitude":"35.6","primary_longitude":"-82.51","state_abbreviation":"NC","state_name":"North Carolina"},{"county_name":null,"description":null,"feat_class":"Civil","feature_id":"38208","fips_class":"H1","fips_county_cd":"23","full_county_name":null,"link_title":null,"url":"http:\/\/www.co.burke.nc.us\/","name":"Burke County","primary_latitude":"35.76","primary_longitude":"-81.69","state_abbreviation":"NC","state_name":"North Carolina"},{"county_name":null,"description":null,"feat_class":"Civil","feature_id":"38209","fips_class":"H1","fips_county_cd":"25","full_county_name":null,"link_title":null,"url":"http:\/\/www.co.cabarrus.nc.us\/","name":"Cabarrus County","primary_latitude":"35.36","primary_longitude":"-80.56","state_abbreviation":"NC","state_name":"North Carolina"},{"county_name":null,"description":null,"feat_class":"Civil","feature_id":"38210","fips_class":"H1","fips_county_cd":"27","full_county_name":null,"link_title":null,"url":"http:\/\/www.caldwellcountync.org\/","name":"Caldwell County","primary_latitude":"35.95","primary_longitude":"-81.54","state_abbreviation":"NC","state_name":"North Carolina"},{"county_name":null,"description":null,"feat_class":"Civil","feature_id":"38212","fips_class":"H1","fips_county_cd":"31","full_county_name":null,"link_title":null,"url":"http:\/\/www.co.carteret.nc.us\/","name":"Carteret County","primary_latitude":"34.8","primary_longitude":"-76.69","state_abbreviation":"NC","state_name":"North Carolina"},{"county_name":null,"description":null,"feat_class":"Civil","feature_id":"38213","fips_class":"H1","fips_county_cd":"33","full_county_name":null,"link_title":null,"url":"http:\/\/www.caswellcountync.gov\/","name":"Caswell County","primary_latitude":"36.4","primary_longitude":"-79.34","state_abbreviation":"NC","state_name":"North Carolina"},{"county_name":null,"description":null,"feat_class":"Civil","feature_id":"38214","fips_class":"H1","fips_county_cd":"35","full_county_name":null,"link_title":null,"url":"http:\/\/www.co.catawba.nc.us\/","name":"Catawba County","primary_latitude":"35.66","primary_longitude":"-81.23","state_abbreviation":"NC","state_name":"North Carolina"},{"county_name":null,"description":null,"feat_class":"Civil","feature_id":"38215","fips_class":"H1","fips_county_cd":"37","full_county_name":null,"link_title":null,"url":"http:\/\/www.co.chatham.nc.us\/","name":"Chatham County","primary_latitude":"35.7","primary_longitude":"-79.26","state_abbreviation":"NC","state_name":"North Carolina"},{"county_name":null,"description":null,"feat_class":"Civil","feature_id":"38216","fips_class":"H1","fips_county_cd":"39","full_county_name":null,"link_title":null,"url":"http:\/\/www.cherokeecounty-nc.gov\/","name":"Cherokee County","primary_latitude":"35.15","primary_longitude":"-84.03","state_abbreviation":"NC","state_name":"North Carolina"},{"county_name":null,"description":null,"feat_class":"Civil","feature_id":"38217","fips_class":"H1","fips_county_cd":"41","full_county_name":null,"link_title":null,"url":"http:\/\/www.chowancounty-nc.gov\/","name":"Chowan County","primary_latitude":"36.15","primary_longitude":"-76.64","state_abbreviation":"NC","state_name":"North Carolina"},{"county_name":null,"description":null,"feat_class":"Civil","feature_id":"38219","fips_class":"H1","fips_county_cd":"45","full_county_name":null,"link_title":null,"url":"http:\/\/www.clevelandcounty.com\/","name":"Cleveland County","primary_latitude":"35.33","primary_longitude":"-81.54","state_abbreviation":"NC","state_name":"North Carolina"},{"county_name":null,"description":null,"feat_class":"Civil","feature_id":"38220","fips_class":"H1","fips_county_cd":"47","full_county_name":null,"link_title":null,"url":"http:\/\/www.columbusco.org\/","name":"Columbus County","primary_latitude":"34.25","primary_longitude":"-78.63","state_abbreviation":"NC","state_name":"North Carolina"},{"county_name":null,"description":null,"feat_class":"Civil","feature_id":"38221","fips_class":"H1","fips_county_cd":"49","full_county_name":null,"link_title":null,"url":"http:\/\/www.co.craven.nc.us\/","name":"Craven County","primary_latitude":"35.13","primary_longitude":"-77.06","state_abbreviation":"NC","state_name":"North Carolina"},{"county_name":null,"description":null,"feat_class":"Civil","feature_id":"38222","fips_class":"H1","fips_county_cd":"51","full_county_name":null,"link_title":null,"url":"http:\/\/www.co.cumberland.nc.us\/","name":"Cumberland County","primary_latitude":"35.05","primary_longitude":"-78.86","state_abbreviation":"NC","state_name":"North Carolina"},{"county_name":null,"description":null,"feat_class":"Civil","feature_id":"38223","fips_class":"H1","fips_county_cd":"53","full_county_name":null,"link_title":null,"url":"http:\/\/www.co.currituck.nc.us\/","name":"Currituck County","primary_latitude":"36.31","primary_longitude":"-75.93","state_abbreviation":"NC","state_name":"North Carolina"},{"county_name":null,"description":null,"feat_class":"Civil","feature_id":"38224","fips_class":"H1","fips_county_cd":"55","full_county_name":null,"link_title":null,"url":"http:\/\/www.co.dare.nc.us\/","name":"Dare County","primary_latitude":"35.75","primary_longitude":"-75.76","state_abbreviation":"NC","state_name":"North Carolina"},{"county_name":null,"description":null,"feat_class":"Civil","feature_id":"38225","fips_class":"H1","fips_county_cd":"57","full_county_name":null,"link_title":null,"url":"http:\/\/www.co.davidson.nc.us\/","name":"Davidson County","primary_latitude":"35.81","primary_longitude":"-80.23","state_abbreviation":"NC","state_name":"North Carolina"},{"county_name":null,"description":null,"feat_class":"Civil","feature_id":"38226","fips_class":"H1","fips_county_cd":"59","full_county_name":null,"link_title":null,"url":"http:\/\/www.co.davie.nc.us\/","name":"Davie County","primary_latitude":"35.93","primary_longitude":"-80.53","state_abbreviation":"NC","state_name":"North Carolina"},{"county_name":null,"description":null,"feat_class":"Civil","feature_id":"38227","fips_class":"H1","fips_county_cd":"61","full_county_name":null,"link_title":null,"url":"http:\/\/www.duplincountync.com\/","name":"Duplin County","primary_latitude":"34.95","primary_longitude":"-77.94","state_abbreviation":"NC","state_name":"North Carolina"},{"county_name":null,"description":null,"feat_class":"Civil","feature_id":"38228","fips_class":"H1","fips_county_cd":"63","full_county_name":null,"link_title":null,"url":"http:\/\/www.co.durham.nc.us\/","name":"Durham County","primary_latitude":"36.03","primary_longitude":"-78.86","state_abbreviation":"NC","state_name":"North Carolina"},{"county_name":null,"description":null,"feat_class":"Civil","feature_id":"38230","fips_class":"H1","fips_county_cd":"67","full_county_name":null,"link_title":null,"url":"http:\/\/www.co.forsyth.nc.us\/","name":"Forsyth County","primary_latitude":"36.13","primary_longitude":"-80.23","state_abbreviation":"NC","state_name":"North Carolina"},{"county_name":null,"description":null,"feat_class":"Civil","feature_id":"38231","fips_class":"H1","fips_county_cd":"69","full_county_name":null,"link_title":null,"url":"http:\/\/www.co.franklin.nc.us\/","name":"Franklin County","primary_latitude":"36.06","primary_longitude":"-78.33","state_abbreviation":"NC","state_name":"North Carolina"},{"county_name":null,"description":null,"feat_class":"Civil","feature_id":"38232","fips_class":"H1","fips_county_cd":"71","full_county_name":null,"link_title":null,"url":"http:\/\/www.co.gaston.nc.us\/","name":"Gaston County","primary_latitude":"35.3","primary_longitude":"-81.19","state_abbreviation":"NC","state_name":"North Carolina"},{"county_name":null,"description":null,"feat_class":"Civil","feature_id":"38235","fips_class":"H1","fips_county_cd":"77","full_county_name":null,"link_title":null,"url":"http:\/\/www.granvillecounty.org\/","name":"Granville County","primary_latitude":"36.31","primary_longitude":"-78.64","state_abbreviation":"NC","state_name":"North Carolina"},{"county_name":null,"description":null,"feat_class":"Civil","feature_id":"38236","fips_class":"H1","fips_county_cd":"79","full_county_name":null,"link_title":null,"url":"http:\/\/www.co.greene.nc.us\/","name":"Greene County","primary_latitude":"35.5","primary_longitude":"-77.66","state_abbreviation":"NC","state_name":"North Carolina"},{"county_name":null,"description":null,"feat_class":"Civil","feature_id":"38238","fips_class":"H1","fips_county_cd":"83","full_county_name":null,"link_title":null,"url":"http:\/\/www.halifaxnc.com\/","name":"Halifax County","primary_latitude":"36.25","primary_longitude":"-77.64","state_abbreviation":"NC","state_name":"North Carolina"},{"county_name":null,"description":null,"feat_class":"Civil","feature_id":"38239","fips_class":"H1","fips_county_cd":"85","full_county_name":null,"link_title":null,"url":"http:\/\/www.harnett.org\/","name":"Harnett County","primary_latitude":"35.38","primary_longitude":"-78.84","state_abbreviation":"NC","state_name":"North Carolina"},{"county_name":null,"description":null,"feat_class":"Civil","feature_id":"38240","fips_class":"H1","fips_county_cd":"87","full_county_name":null,"link_title":null,"url":"http:\/\/www.haywoodnc.net\/","name":"Haywood County","primary_latitude":"35.55","primary_longitude":"-82.96","state_abbreviation":"NC","state_name":"North Carolina"},{"county_name":null,"description":null,"feat_class":"Civil","feature_id":"38241","fips_class":"H1","fips_county_cd":"89","full_county_name":null,"link_title":null,"url":"http:\/\/www.hendersoncountync.org\/","name":"Henderson County","primary_latitude":"35.35","primary_longitude":"-82.46","state_abbreviation":"NC","state_name":"North Carolina"},{"county_name":null,"description":null,"feat_class":"Civil","feature_id":"38242","fips_class":"H1","fips_county_cd":"91","full_county_name":null,"link_title":null,"url":"http:\/\/www.co.hertford.nc.us\/","name":"Hertford County","primary_latitude":"36.35","primary_longitude":"-76.98","state_abbreviation":"NC","state_name":"North Carolina"},{"county_name":null,"description":null,"feat_class":"Civil","feature_id":"38243","fips_class":"H1","fips_county_cd":"93","full_county_name":null,"link_title":null,"url":"http:\/\/www.hokecounty.net\/","name":"Hoke County","primary_latitude":"35.01","primary_longitude":"-79.26","state_abbreviation":"NC","state_name":"North Carolina"},{"county_name":null,"description":null,"feat_class":"Civil","feature_id":"38245","fips_class":"H1","fips_county_cd":"97","full_county_name":null,"link_title":null,"url":"http:\/\/www.co.iredell.nc.us\/","name":"Iredell County","primary_latitude":"35.78","primary_longitude":"-80.88","state_abbreviation":"NC","state_name":"North Carolina"},{"county_name":null,"description":null,"feat_class":"Civil","feature_id":"38246","fips_class":"H1","fips_county_cd":"99","full_county_name":null,"link_title":null,"url":"http:\/\/www.jacksonnc.org\/","name":"Jackson County","primary_latitude":"35.26","primary_longitude":"-83.13","state_abbreviation":"NC","state_name":"North Carolina"},{"county_name":null,"description":null,"feat_class":"Civil","feature_id":"38247","fips_class":"H1","fips_county_cd":"101","full_county_name":null,"link_title":null,"url":"http:\/\/www.co.johnston.nc.us\/","name":"Johnston County","primary_latitude":"35.53","primary_longitude":"-78.39","state_abbreviation":"NC","state_name":"North Carolina"},{"county_name":null,"description":null,"feat_class":"Civil","feature_id":"38248","fips_class":"H1","fips_county_cd":"103","full_county_name":null,"link_title":null,"url":"http:\/\/www.co.jones.nc.us\/","name":"Jones County","primary_latitude":"35.01","primary_longitude":"-77.39","state_abbreviation":"NC","state_name":"North Carolina"},{"county_name":null,"description":null,"feat_class":"Civil","feature_id":"38249","fips_class":"H1","fips_county_cd":"105","full_county_name":null,"link_title":null,"url":"http:\/\/leecountync.gov\/","name":"Lee County","primary_latitude":"35.46","primary_longitude":"-79.18","state_abbreviation":"NC","state_name":"North Carolina"},{"county_name":null,"description":null,"feat_class":"Civil","feature_id":"38250","fips_class":"H1","fips_county_cd":"107","full_county_name":null,"link_title":null,"url":"http:\/\/www.co.lenoir.nc.us\/","name":"Lenoir County","primary_latitude":"35.23","primary_longitude":"-77.64","state_abbreviation":"NC","state_name":"North Carolina"},{"county_name":null,"description":null,"feat_class":"Civil","feature_id":"38251","fips_class":"H1","fips_county_cd":"109","full_county_name":null,"link_title":null,"url":"http:\/\/www.co.lincoln.nc.us\/","name":"Lincoln County","primary_latitude":"35.48","primary_longitude":"-81.24","state_abbreviation":"NC","state_name":"North Carolina"},{"county_name":null,"description":null,"feat_class":"Civil","feature_id":"38252","fips_class":"H1","fips_county_cd":"113","full_county_name":null,"link_title":null,"url":"http:\/\/www.maconnc.org\/","name":"Macon County","primary_latitude":"35.15","primary_longitude":"-83.44","state_abbreviation":"NC","state_name":"North Carolina"},{"county_name":null,"description":null,"feat_class":"Civil","feature_id":"38253","fips_class":"H1","fips_county_cd":"115","full_county_name":null,"link_title":null,"url":"http:\/\/www.madisoncountync.org\/","name":"Madison County","primary_latitude":"35.86","primary_longitude":"-82.66","state_abbreviation":"NC","state_name":"North Carolina"},{"county_name":null,"description":null,"feat_class":"Civil","feature_id":"38256","fips_class":"H1","fips_county_cd":"119","full_county_name":null,"link_title":null,"url":"http:\/\/www.charmeck.org\/","name":"Mecklenburg County","primary_latitude":"35.26","primary_longitude":"-80.84","state_abbreviation":"NC","state_name":"North Carolina"},{"county_name":null,"description":null,"feat_class":"Civil","feature_id":"38257","fips_class":"H1","fips_county_cd":"121","full_county_name":null,"link_title":null,"url":"http:\/\/www.mitchellcounty.org\/","name":"Mitchell County","primary_latitude":"36.01","primary_longitude":"-82.13","state_abbreviation":"NC","state_name":"North Carolina"},{"county_name":null,"description":null,"feat_class":"Civil","feature_id":"38259","fips_class":"H1","fips_county_cd":"125","full_county_name":null,"link_title":null,"url":"http:\/\/www.co.moore.nc.us\/","name":"Moore County","primary_latitude":"35.3","primary_longitude":"-79.48","state_abbreviation":"NC","state_name":"North Carolina"},{"county_name":null,"description":null,"feat_class":"Civil","feature_id":"38260","fips_class":"H1","fips_county_cd":"127","full_county_name":null,"link_title":null,"url":"http:\/\/www.co.nash.nc.us\/","name":"Nash County","primary_latitude":"35.96","primary_longitude":"-77.96","state_abbreviation":"NC","state_name":"North Carolina"},{"county_name":null,"description":null,"feat_class":"Civil","feature_id":"38261","fips_class":"H1","fips_county_cd":"129","full_county_name":null,"link_title":null,"url":"http:\/\/www.nhcgov.com\/","name":"New Hanover County","primary_latitude":"34.25","primary_longitude":"-77.86","state_abbreviation":"NC","state_name":"North Carolina"},{"county_name":null,"description":null,"feat_class":"Civil","feature_id":"38262","fips_class":"H1","fips_county_cd":"131","full_county_name":null,"link_title":null,"url":"http:\/\/www.northamptonnc.com\/","name":"Northampton County","primary_latitude":"36.41","primary_longitude":"-77.36","state_abbreviation":"NC","state_name":"North Carolina"},{"county_name":null,"description":null,"feat_class":"Civil","feature_id":"38263","fips_class":"H1","fips_county_cd":"133","full_county_name":null,"link_title":null,"url":"http:\/\/www.onslowcountync.gov\/","name":"Onslow County","primary_latitude":"34.75","primary_longitude":"-77.43","state_abbreviation":"NC","state_name":"North Carolina"},{"county_name":null,"description":null,"feat_class":"Civil","feature_id":"38264","fips_class":"H1","fips_county_cd":"135","full_county_name":null,"link_title":null,"url":"http:\/\/www.co.orange.nc.us\/","name":"Orange County","primary_latitude":"36.06","primary_longitude":"-79.11","state_abbreviation":"NC","state_name":"North Carolina"},{"county_name":null,"description":null,"feat_class":"Civil","feature_id":"38265","fips_class":"H1","fips_county_cd":"137","full_county_name":null,"link_title":null,"url":"http:\/\/www.co.pamlico.nc.us\/","name":"Pamlico County","primary_latitude":"35.13","primary_longitude":"-76.74","state_abbreviation":"NC","state_name":"North Carolina"},{"county_name":null,"description":null,"feat_class":"Civil","feature_id":"38266","fips_class":"H1","fips_county_cd":"139","full_county_name":null,"link_title":null,"url":"http:\/\/www.co.pasquotank.nc.us\/","name":"Pasquotank County","primary_latitude":"36.3","primary_longitude":"-76.28","state_abbreviation":"NC","state_name":"North Carolina"},{"county_name":null,"description":null,"feat_class":"Civil","feature_id":"38267","fips_class":"H1","fips_county_cd":"141","full_county_name":null,"link_title":null,"url":"http:\/\/www.pendercountync.gov","name":"Pender County","primary_latitude":"34.5","primary_longitude":"-77.96","state_abbreviation":"NC","state_name":"North Carolina"},{"county_name":null,"description":null,"feat_class":"Civil","feature_id":"38268","fips_class":"H1","fips_county_cd":"143","full_county_name":null,"link_title":null,"url":"http:\/\/www.co.perquimans.nc.us\/","name":"Perquimans County","primary_latitude":"36.21","primary_longitude":"-76.44","state_abbreviation":"NC","state_name":"North Carolina"},{"county_name":null,"description":null,"feat_class":"Civil","feature_id":"38269","fips_class":"H1","fips_county_cd":"145","full_county_name":null,"link_title":null,"url":"http:\/\/www.personcounty.net\/","name":"Person County","primary_latitude":"36.38","primary_longitude":"-78.96","state_abbreviation":"NC","state_name":"North Carolina"},{"county_name":null,"description":null,"feat_class":"Civil","feature_id":"38270","fips_class":"H1","fips_county_cd":"147","full_county_name":null,"link_title":null,"url":"http:\/\/www.co.pitt.nc.us\/","name":"Pitt County","primary_latitude":"35.58","primary_longitude":"-77.38","state_abbreviation":"NC","state_name":"North Carolina"},{"county_name":null,"description":null,"feat_class":"Civil","feature_id":"38271","fips_class":"H1","fips_county_cd":"149","full_county_name":null,"link_title":null,"url":"http:\/\/www.polknc.org\/","name":"Polk County","primary_latitude":"35.28","primary_longitude":"-82.16","state_abbreviation":"NC","state_name":"North Carolina"},{"county_name":null,"description":null,"feat_class":"Civil","feature_id":"38272","fips_class":"H1","fips_county_cd":"151","full_county_name":null,"link_title":null,"url":"http:\/\/www.co.randolph.nc.us\/","name":"Randolph County","primary_latitude":"35.7","primary_longitude":"-79.81","state_abbreviation":"NC","state_name":"North Carolina"},{"county_name":null,"description":null,"feat_class":"Civil","feature_id":"38273","fips_class":"H1","fips_county_cd":"153","full_county_name":null,"link_title":null,"url":"http:\/\/www.richmondnc.com\/","name":"Richmond County","primary_latitude":"35","primary_longitude":"-79.75","state_abbreviation":"NC","state_name":"North Carolina"},{"county_name":null,"description":null,"feat_class":"Civil","feature_id":"38274","fips_class":"H1","fips_county_cd":"155","full_county_name":null,"link_title":null,"url":"http:\/\/www.co.robeson.nc.us\/","name":"Robeson County","primary_latitude":"34.63","primary_longitude":"-79.09","state_abbreviation":"NC","state_name":"North Carolina"},{"county_name":null,"description":null,"feat_class":"Civil","feature_id":"38275","fips_class":"H1","fips_county_cd":"157","full_county_name":null,"link_title":null,"url":"http:\/\/www.co.rockingham.nc.us\/","name":"Rockingham County","primary_latitude":"36.4","primary_longitude":"-79.78","state_abbreviation":"NC","state_name":"North Carolina"},{"county_name":null,"description":null,"feat_class":"Civil","feature_id":"38276","fips_class":"H1","fips_county_cd":"159","full_county_name":null,"link_title":null,"url":"http:\/\/www.co.rowan.nc.us\/","name":"Rowan County","primary_latitude":"35.65","primary_longitude":"-80.51","state_abbreviation":"NC","state_name":"North Carolina"},{"county_name":null,"description":null,"feat_class":"Civil","feature_id":"38277","fips_class":"H1","fips_county_cd":"161","full_county_name":null,"link_title":null,"url":"http:\/\/www.rutherfordcountync.gov\/","name":"Rutherford County","primary_latitude":"35.4","primary_longitude":"-81.91","state_abbreviation":"NC","state_name":"North Carolina"},{"county_name":null,"description":null,"feat_class":"Civil","feature_id":"38279","fips_class":"H1","fips_county_cd":"165","full_county_name":null,"link_title":null,"url":"http:\/\/www.scotlandcounty.org\/","name":"Scotland County","primary_latitude":"34.83","primary_longitude":"-79.49","state_abbreviation":"NC","state_name":"North Carolina"},{"county_name":null,"description":null,"feat_class":"Civil","feature_id":"38280","fips_class":"H1","fips_county_cd":"167","full_county_name":null,"link_title":null,"url":"http:\/\/www.co.stanly.nc.us\/","name":"Stanly County","primary_latitude":"35.33","primary_longitude":"-80.24","state_abbreviation":"NC","state_name":"North Carolina"},{"county_name":null,"description":null,"feat_class":"Civil","feature_id":"38281","fips_class":"H1","fips_county_cd":"169","full_county_name":null,"link_title":null,"url":"http:\/\/www.co.stokes.nc.us\/","name":"Stokes County","primary_latitude":"36.4","primary_longitude":"-80.24","state_abbreviation":"NC","state_name":"North Carolina"},{"county_name":null,"description":null,"feat_class":"Civil","feature_id":"38282","fips_class":"H1","fips_county_cd":"171","full_county_name":null,"link_title":null,"url":"http:\/\/www.co.surry.nc.us\/","name":"Surry County","primary_latitude":"36.4","primary_longitude":"-80.68","state_abbreviation":"NC","state_name":"North Carolina"},{"county_name":null,"description":null,"feat_class":"Civil","feature_id":"38283","fips_class":"H1","fips_county_cd":"173","full_county_name":null,"link_title":null,"url":"http:\/\/www.swaincountync.gov\/","name":"Swain County","primary_latitude":"35.46","primary_longitude":"-83.48","state_abbreviation":"NC","state_name":"North Carolina"},{"county_name":null,"description":null,"feat_class":"Civil","feature_id":"38284","fips_class":"H1","fips_county_cd":"175","full_county_name":null,"link_title":null,"url":"http:\/\/www.transylvaniacounty.org\/","name":"Transylvania County","primary_latitude":"35.21","primary_longitude":"-82.78","state_abbreviation":"NC","state_name":"North Carolina"},{"county_name":null,"description":null,"feat_class":"Civil","feature_id":"38286","fips_class":"H1","fips_county_cd":"179","full_county_name":null,"link_title":null,"url":"http:\/\/www.co.union.nc.us\/","name":"Union County","primary_latitude":"35","primary_longitude":"-80.54","state_abbreviation":"NC","state_name":"North Carolina"},{"county_name":null,"description":null,"feat_class":"Civil","feature_id":"38287","fips_class":"H1","fips_county_cd":"181","full_county_name":null,"link_title":null,"url":"http:\/\/www.vancecounty.org\/","name":"Vance County","primary_latitude":"36.36","primary_longitude":"-78.39","state_abbreviation":"NC","state_name":"North Carolina"},{"county_name":null,"description":null,"feat_class":"Civil","feature_id":"38288","fips_class":"H1","fips_county_cd":"183","full_county_name":null,"link_title":null,"url":"http:\/\/www.wakegov.com\/","name":"Wake County","primary_latitude":"35.78","primary_longitude":"-78.63","state_abbreviation":"NC","state_name":"North Carolina"},{"county_name":null,"description":null,"feat_class":"Civil","feature_id":"38290","fips_class":"H1","fips_county_cd":"187","full_county_name":null,"link_title":null,"url":"http:\/\/www.washconc.org\/","name":"Washington County","primary_latitude":"35.83","primary_longitude":"-76.59","state_abbreviation":"NC","state_name":"North Carolina"},{"county_name":null,"description":null,"feat_class":"Civil","feature_id":"38291","fips_class":"H1","fips_county_cd":"189","full_county_name":null,"link_title":null,"url":"http:\/\/www.wataugacounty.org\/","name":"Watauga County","primary_latitude":"36.23","primary_longitude":"-81.69","state_abbreviation":"NC","state_name":"North Carolina"},{"county_name":null,"description":null,"feat_class":"Civil","feature_id":"38292","fips_class":"H1","fips_county_cd":"191","full_county_name":null,"link_title":null,"url":"http:\/\/www.waynegov.com\/","name":"Wayne County","primary_latitude":"35.36","primary_longitude":"-77.99","state_abbreviation":"NC","state_name":"North Carolina"},{"county_name":null,"description":null,"feat_class":"Civil","feature_id":"38293","fips_class":"H1","fips_county_cd":"193","full_county_name":null,"link_title":null,"url":"http:\/\/www.wilkescounty.net\/","name":"Wilkes County","primary_latitude":"36.21","primary_longitude":"-80.99","state_abbreviation":"NC","state_name":"North Carolina"},{"county_name":null,"description":null,"feat_class":"Civil","feature_id":"38294","fips_class":"H1","fips_county_cd":"195","full_county_name":null,"link_title":null,"url":"http:\/\/www.wilson-co.com\/","name":"Wilson County","primary_latitude":"35.71","primary_longitude":"-77.91","state_abbreviation":"NC","state_name":"North Carolina"},{"county_name":null,"description":null,"feat_class":"Civil","feature_id":"38295","fips_class":"H1","fips_county_cd":"197","full_county_name":null,"link_title":null,"url":"http:\/\/www.yadkincounty.gov\/","name":"Yadkin County","primary_latitude":"36.15","primary_longitude":"-80.66","state_abbreviation":"NC","state_name":"North Carolina"}]