[{"county_name":null,"description":null,"feat_class":"Civil","feature_id":"38298","fips_class":"H1","fips_county_cd":"3","full_county_name":null,"link_title":null,"url":"http:\/\/www.co.barnes.nd.us\/","name":"Barnes County","primary_latitude":"46.94","primary_longitude":"-98.05","state_abbreviation":"ND","state_name":"North Dakota"},{"county_name":null,"description":null,"feat_class":"Civil","feature_id":"38304","fips_class":"H1","fips_county_cd":"15","full_county_name":null,"link_title":null,"url":"http:\/\/www.co.burleigh.nd.us\/","name":"Burleigh County","primary_latitude":"46.95","primary_longitude":"-100.46","state_abbreviation":"ND","state_name":"North Dakota"},{"county_name":null,"description":null,"feat_class":"Civil","feature_id":"38305","fips_class":"H1","fips_county_cd":"17","full_county_name":null,"link_title":null,"url":"http:\/\/www.casscountynd.gov\/","name":"Cass County","primary_latitude":"46.94","primary_longitude":"-97.22","state_abbreviation":"ND","state_name":"North Dakota"},{"county_name":null,"description":null,"feat_class":"Civil","feature_id":"38307","fips_class":"H1","fips_county_cd":"21","full_county_name":null,"link_title":null,"url":"http:\/\/www.dickeynd.com\/","name":"Dickey County","primary_latitude":"46.1","primary_longitude":"-98.5","state_abbreviation":"ND","state_name":"North Dakota"},{"county_name":null,"description":null,"feat_class":"Civil","feature_id":"38314","fips_class":"H1","fips_county_cd":"35","full_county_name":null,"link_title":null,"url":"http:\/\/www.grandforkscountygov.com\/","name":"Grand Forks County","primary_latitude":"47.94","primary_longitude":"-97.43","state_abbreviation":"ND","state_name":"North Dakota"},{"county_name":null,"description":null,"feat_class":"Civil","feature_id":"38323","fips_class":"H1","fips_county_cd":"53","full_county_name":null,"link_title":null,"url":"http:\/\/www.4eyes.net\/","name":"McKenzie County","primary_latitude":"47.7","primary_longitude":"-103.44","state_abbreviation":"ND","state_name":"North Dakota"},{"county_name":null,"description":null,"feat_class":"Civil","feature_id":"38324","fips_class":"H1","fips_county_cd":"55","full_county_name":null,"link_title":null,"url":"http:\/\/www.visitmcleancounty.com\/","name":"McLean County","primary_latitude":"47.64","primary_longitude":"-101.3","state_abbreviation":"ND","state_name":"North Dakota"},{"county_name":null,"description":null,"feat_class":"Civil","feature_id":"38326","fips_class":"H1","fips_county_cd":"59","full_county_name":null,"link_title":null,"url":"http:\/\/www.co.morton.nd.us\/","name":"Morton County","primary_latitude":"46.77","primary_longitude":"-101.26","state_abbreviation":"ND","state_name":"North Dakota"},{"county_name":null,"description":null,"feat_class":"Civil","feature_id":"38334","fips_class":"H1","fips_county_cd":"75","full_county_name":null,"link_title":null,"url":"http:\/\/www.renvillecounty.org\/","name":"Renville County","primary_latitude":"48.72","primary_longitude":"-101.67","state_abbreviation":"ND","state_name":"North Dakota"},{"county_name":null,"description":null,"feat_class":"Civil","feature_id":"38335","fips_class":"H1","fips_county_cd":"77","full_county_name":null,"link_title":null,"url":"https:\/\/www.mylocalgov.com\/richlandcountynd\/","name":"Richland County","primary_latitude":"46.28","primary_longitude":"-96.91","state_abbreviation":"ND","state_name":"North Dakota"},{"county_name":null,"description":null,"feat_class":"Civil","feature_id":"38337","fips_class":"H1","fips_county_cd":"81","full_county_name":null,"link_title":null,"url":"https:\/\/www.mylocalgov.com\/sargentcountynd\/","name":"Sargent County","primary_latitude":"46.09","primary_longitude":"-97.62","state_abbreviation":"ND","state_name":"North Dakota"},{"county_name":null,"description":null,"feat_class":"Civil","feature_id":"38338","fips_class":"H1","fips_county_cd":"83","full_county_name":null,"link_title":null,"url":"https:\/\/www.mylocalgov.com\/sheridancountynd\/","name":"Sheridan County","primary_latitude":"47.56","primary_longitude":"-100.31","state_abbreviation":"ND","state_name":"North Dakota"},{"county_name":null,"description":null,"feat_class":"Civil","feature_id":"38344","fips_class":"H1","fips_county_cd":"95","full_county_name":null,"link_title":null,"url":"https:\/\/www.mylocalgov.com\/townercountynd\/","name":"Towner County","primary_latitude":"48.68","primary_longitude":"-99.2","state_abbreviation":"ND","state_name":"North Dakota"},{"county_name":null,"description":null,"feat_class":"Civil","feature_id":"38345","fips_class":"H1","fips_county_cd":"97","full_county_name":null,"link_title":null,"url":"https:\/\/www.mylocalgov.com\/traillcountynd\/","name":"Traill County","primary_latitude":"47.44","primary_longitude":"-97.16","state_abbreviation":"ND","state_name":"North Dakota"},{"county_name":null,"description":null,"feat_class":"Civil","feature_id":"38346","fips_class":"H1","fips_county_cd":"99","full_county_name":null,"link_title":null,"url":"http:\/\/www.walshcountynd.com\/","name":"Walsh County","primary_latitude":"48.36","primary_longitude":"-97.69","state_abbreviation":"ND","state_name":"North Dakota"},{"county_name":null,"description":null,"feat_class":"Civil","feature_id":"38347","fips_class":"H1","fips_county_cd":"101","full_county_name":null,"link_title":null,"url":"http:\/\/www.co.ward.nd.us\/","name":"Ward County","primary_latitude":"48.21","primary_longitude":"-101.45","state_abbreviation":"ND","state_name":"North Dakota"},{"county_name":null,"description":null,"feat_class":"Civil","feature_id":"38348","fips_class":"H1","fips_county_cd":"103","full_county_name":null,"link_title":null,"url":"https:\/\/mylocalgov.com\/wellscountynd\/","name":"Wells County","primary_latitude":"47.59","primary_longitude":"-99.65","state_abbreviation":"ND","state_name":"North Dakota"}]