[{"county_name":null,"description":null,"feat_class":"Civil","feature_id":"38474","fips_class":"H1","fips_county_cd":"1","full_county_name":null,"link_title":null,"url":"http:\/\/www.bernco.gov\/","name":"Bernalillo County","primary_latitude":"35.05","primary_longitude":"-106.66","state_abbreviation":"NM","state_name":"New Mexico"},{"county_name":null,"description":null,"feat_class":"Civil","feature_id":"38475","fips_class":"H1","fips_county_cd":"3","full_county_name":null,"link_title":null,"url":"https:\/\/www.mylocalgov.com\/catroncountynm\/","name":"Catron County","primary_latitude":"34.52","primary_longitude":"-109.04","state_abbreviation":"NM","state_name":"New Mexico"},{"county_name":null,"description":null,"feat_class":"Civil","feature_id":"38476","fips_class":"H1","fips_county_cd":"5","full_county_name":null,"link_title":null,"url":"http:\/\/www.co.chaves.nm.us\/","name":"Chaves County","primary_latitude":"33.38","primary_longitude":"-104.45","state_abbreviation":"NM","state_name":"New Mexico"},{"county_name":null,"description":null,"feat_class":"Civil","feature_id":"38479","fips_class":"H1","fips_county_cd":"9","full_county_name":null,"link_title":null,"url":"http:\/\/www.currycounty.org\/","name":"Curry County","primary_latitude":"34.95","primary_longitude":"-103.25","state_abbreviation":"NM","state_name":"New Mexico"},{"county_name":null,"description":null,"feat_class":"Civil","feature_id":"38482","fips_class":"H1","fips_county_cd":"15","full_county_name":null,"link_title":null,"url":"http:\/\/www.co.eddy.nm.us\/","name":"Eddy County","primary_latitude":"32.87","primary_longitude":"-104.75","state_abbreviation":"NM","state_name":"New Mexico"},{"county_name":null,"description":null,"feat_class":"Civil","feature_id":"38487","fips_class":"H1","fips_county_cd":"25","full_county_name":null,"link_title":null,"url":"http:\/\/www.leacounty.net\/","name":"Lea County","primary_latitude":"32.8","primary_longitude":"-103.46","state_abbreviation":"NM","state_name":"New Mexico"},{"county_name":null,"description":null,"feat_class":"Civil","feature_id":"38489","fips_class":"H1","fips_county_cd":"28","full_county_name":null,"link_title":null,"url":"http:\/\/www.losalamosnm.us\/","name":"Los Alamos County","primary_latitude":"35.87","primary_longitude":"-106.29","state_abbreviation":"NM","state_name":"New Mexico"},{"county_name":null,"description":null,"feat_class":"Civil","feature_id":"38491","fips_class":"H1","fips_county_cd":"31","full_county_name":null,"link_title":null,"url":"http:\/\/www.co.mckinley.nm.us\/","name":"McKinley County","primary_latitude":"35.9","primary_longitude":"-109.03","state_abbreviation":"NM","state_name":"New Mexico"},{"county_name":null,"description":null,"feat_class":"Civil","feature_id":"38496","fips_class":"H1","fips_county_cd":"41","full_county_name":null,"link_title":null,"url":"http:\/\/www.rooseveltcounty.com\/","name":"Roosevelt County","primary_latitude":"33.96","primary_longitude":"-103.45","state_abbreviation":"NM","state_name":"New Mexico"},{"county_name":null,"description":null,"feat_class":"Civil","feature_id":"38497","fips_class":"H1","fips_county_cd":"45","full_county_name":null,"link_title":null,"url":"http:\/\/www.sjcounty.net\/","name":"San Juan County","primary_latitude":"36.99","primary_longitude":"-109.04","state_abbreviation":"NM","state_name":"New Mexico"},{"county_name":null,"description":null,"feat_class":"Civil","feature_id":"38499","fips_class":"H1","fips_county_cd":"43","full_county_name":null,"link_title":null,"url":"http:\/\/www.sandovalcounty.com\/","name":"Sandoval County","primary_latitude":"35.65","primary_longitude":"-106.85","state_abbreviation":"NM","state_name":"New Mexico"},{"county_name":null,"description":null,"feat_class":"Civil","feature_id":"38500","fips_class":"H1","fips_county_cd":"49","full_county_name":null,"link_title":null,"url":"http:\/\/www.co.santa-fe.nm.us\/","name":"Santa Fe County","primary_latitude":"35.51","primary_longitude":"-105.95","state_abbreviation":"NM","state_name":"New Mexico"},{"county_name":null,"description":null,"feat_class":"Civil","feature_id":"38501","fips_class":"H1","fips_county_cd":"51","full_county_name":null,"link_title":null,"url":"http:\/\/www.sierracountynm.gov\/","name":"Sierra County","primary_latitude":"33.11","primary_longitude":"-107.3","state_abbreviation":"NM","state_name":"New Mexico"},{"county_name":null,"description":null,"feat_class":"Civil","feature_id":"38504","fips_class":"H1","fips_county_cd":"57","full_county_name":null,"link_title":null,"url":"http:\/\/www.torrancecountynm.org\/","name":"Torrance County","primary_latitude":"34.63","primary_longitude":"-105.81","state_abbreviation":"NM","state_name":"New Mexico"},{"county_name":null,"description":null,"feat_class":"Civil","feature_id":"38506","fips_class":"H1","fips_county_cd":"61","full_county_name":null,"link_title":null,"url":"http:\/\/www.co.valencia.nm.us\/","name":"Valencia County","primary_latitude":"34.73","primary_longitude":"-106.81","state_abbreviation":"NM","state_name":"New Mexico"}]