[{"county_name":null,"description":null,"feat_class":"Civil","feature_id":"38507","fips_class":"H1","fips_county_cd":"1","full_county_name":null,"link_title":null,"url":"http:\/\/www.churchillcounty.org\/","name":"Churchill County","primary_latitude":"39.5","primary_longitude":"-118.25","state_abbreviation":"NV","state_name":"Nevada"},{"county_name":null,"description":null,"feat_class":"Civil","feature_id":"38508","fips_class":"H1","fips_county_cd":"3","full_county_name":null,"link_title":null,"url":"http:\/\/www.accessclarkcounty.com\/","name":"Clark County","primary_latitude":"36","primary_longitude":"-114.87","state_abbreviation":"NV","state_name":"Nevada"},{"county_name":null,"description":null,"feat_class":"Civil","feature_id":"38509","fips_class":"H1","fips_county_cd":"5","full_county_name":null,"link_title":null,"url":"http:\/\/www.douglascountynv.gov\/","name":"Douglas County","primary_latitude":"38.87","primary_longitude":"-119.62","state_abbreviation":"NV","state_name":"Nevada"},{"county_name":null,"description":null,"feat_class":"Civil","feature_id":"38510","fips_class":"H1","fips_county_cd":"7","full_county_name":null,"link_title":null,"url":"http:\/\/www.elkocountynv.net\/","name":"Elko County","primary_latitude":"41","primary_longitude":"-115.5","state_abbreviation":"NV","state_name":"Nevada"},{"county_name":null,"description":null,"feat_class":"Civil","feature_id":"38512","fips_class":"H1","fips_county_cd":"11","full_county_name":null,"link_title":null,"url":"http:\/\/www.co.eureka.nv.us\/","name":"Eureka County","primary_latitude":"40","primary_longitude":"-116.12","state_abbreviation":"NV","state_name":"Nevada"},{"county_name":null,"description":null,"feat_class":"Civil","feature_id":"38513","fips_class":"H1","fips_county_cd":"13","full_county_name":null,"link_title":null,"url":"http:\/\/www.humboldt-county-nv.net\/","name":"Humboldt County","primary_latitude":"41.5","primary_longitude":"-118","state_abbreviation":"NV","state_name":"Nevada"},{"county_name":null,"description":null,"feat_class":"Civil","feature_id":"38515","fips_class":"H1","fips_county_cd":"17","full_county_name":null,"link_title":null,"url":"http:\/\/www.co.lincoln.nv.us\/","name":"Lincoln County","primary_latitude":"38","primary_longitude":"-114.87","state_abbreviation":"NV","state_name":"Nevada"},{"county_name":null,"description":null,"feat_class":"Civil","feature_id":"38516","fips_class":"H1","fips_county_cd":"19","full_county_name":null,"link_title":null,"url":"http:\/\/www.lyon-county.org\/","name":"Lyon County","primary_latitude":"39","primary_longitude":"-119.12","state_abbreviation":"NV","state_name":"Nevada"},{"county_name":null,"description":null,"feat_class":"Civil","feature_id":"38518","fips_class":"H1","fips_county_cd":"23","full_county_name":null,"link_title":null,"url":"http:\/\/www.co.nye.nv.us\/","name":"Nye County","primary_latitude":"38","primary_longitude":"-116.5","state_abbreviation":"NV","state_name":"Nevada"},{"county_name":null,"description":null,"feat_class":"Civil","feature_id":"38521","fips_class":"H1","fips_county_cd":"31","full_county_name":null,"link_title":null,"url":"http:\/\/www.co.washoe.nv.us\/","name":"Washoe County","primary_latitude":"40.75","primary_longitude":"-119.62","state_abbreviation":"NV","state_name":"Nevada"},{"county_name":null,"description":null,"feat_class":"Civil","feature_id":"38522","fips_class":"H1","fips_county_cd":"33","full_county_name":null,"link_title":null,"url":"http:\/\/www.whitepinecounty.com\/","name":"White Pine County","primary_latitude":"39.44","primary_longitude":"-114.83","state_abbreviation":"NV","state_name":"Nevada"}]