[{"county_name":null,"description":null,"feat_class":"Civil","feature_id":"38523","fips_class":"H1","fips_county_cd":"1","full_county_name":null,"link_title":null,"url":"http:\/\/www.albanycounty.com\/","name":"Albany County","primary_latitude":"42.6","primary_longitude":"-73.96","state_abbreviation":"NY","state_name":"New York"},{"county_name":null,"description":null,"feat_class":"Civil","feature_id":"38524","fips_class":"H1","fips_county_cd":"3","full_county_name":null,"link_title":null,"url":"http:\/\/www.alleganyco.com\/","name":"Allegany County","primary_latitude":"42.25","primary_longitude":"-78.03","state_abbreviation":"NY","state_name":"New York"},{"county_name":null,"description":null,"feat_class":"Civil","feature_id":"38525","fips_class":"H6","fips_county_cd":"5","full_county_name":null,"link_title":null,"url":"http:\/\/www.nyc.gov\/","name":"Bronx County","primary_latitude":"40.8501002","primary_longitude":"-73.8662464","state_abbreviation":"NY","state_name":"New York"},{"county_name":null,"description":null,"feat_class":"Civil","feature_id":"38526","fips_class":"H1","fips_county_cd":"7","full_county_name":null,"link_title":null,"url":"http:\/\/www.gobroomecounty.com\/","name":"Broome County","primary_latitude":"42.25","primary_longitude":"-75.83","state_abbreviation":"NY","state_name":"New York"},{"county_name":null,"description":null,"feat_class":"Civil","feature_id":"38527","fips_class":"H1","fips_county_cd":"9","full_county_name":null,"link_title":null,"url":"http:\/\/www.co.cattaraugus.ny.us\/","name":"Cattaraugus County","primary_latitude":"42.26","primary_longitude":"-78.68","state_abbreviation":"NY","state_name":"New York"},{"county_name":null,"description":null,"feat_class":"Civil","feature_id":"38528","fips_class":"H1","fips_county_cd":"11","full_county_name":null,"link_title":null,"url":"http:\/\/www.co.cayuga.ny.us\/","name":"Cayuga County","primary_latitude":"42.96","primary_longitude":"-76.58","state_abbreviation":"NY","state_name":"New York"},{"county_name":null,"description":null,"feat_class":"Civil","feature_id":"38529","fips_class":"H1","fips_county_cd":"13","full_county_name":null,"link_title":null,"url":"http:\/\/www.co.chautauqua.ny.us\/","name":"Chautauqua County","primary_latitude":"42.25","primary_longitude":"-79.39","state_abbreviation":"NY","state_name":"New York"},{"county_name":null,"description":null,"feat_class":"Civil","feature_id":"38530","fips_class":"H1","fips_county_cd":"15","full_county_name":null,"link_title":null,"url":"http:\/\/www.chemungcounty.com\/","name":"Chemung County","primary_latitude":"42.15","primary_longitude":"-76.76","state_abbreviation":"NY","state_name":"New York"},{"county_name":null,"description":null,"feat_class":"Civil","feature_id":"38531","fips_class":"H1","fips_county_cd":"17","full_county_name":null,"link_title":null,"url":"http:\/\/www.co.chenango.ny.us\/","name":"Chenango County","primary_latitude":"42.46","primary_longitude":"-75.58","state_abbreviation":"NY","state_name":"New York"},{"county_name":null,"description":null,"feat_class":"Civil","feature_id":"38532","fips_class":"H1","fips_county_cd":"19","full_county_name":null,"link_title":null,"url":"http:\/\/www.clintoncountygov.com\/","name":"Clinton County","primary_latitude":"44.73","primary_longitude":"-73.68","state_abbreviation":"NY","state_name":"New York"},{"county_name":null,"description":null,"feat_class":"Civil","feature_id":"38534","fips_class":"H1","fips_county_cd":"23","full_county_name":null,"link_title":null,"url":"http:\/\/www.cortland-co.org\/","name":"Cortland County","primary_latitude":"42.6","primary_longitude":"-76.08","state_abbreviation":"NY","state_name":"New York"},{"county_name":null,"description":null,"feat_class":"Civil","feature_id":"38535","fips_class":"H1","fips_county_cd":"25","full_county_name":null,"link_title":null,"url":"http:\/\/www.co.delaware.ny.us\/","name":"Delaware County","primary_latitude":"42.2","primary_longitude":"-74.96","state_abbreviation":"NY","state_name":"New York"},{"county_name":null,"description":null,"feat_class":"Civil","feature_id":"38536","fips_class":"H1","fips_county_cd":"27","full_county_name":null,"link_title":null,"url":"http:\/\/www.dutchessny.gov\/","name":"Dutchess County","primary_latitude":"41.76","primary_longitude":"-73.73","state_abbreviation":"NY","state_name":"New York"},{"county_name":null,"description":null,"feat_class":"Civil","feature_id":"38537","fips_class":"H1","fips_county_cd":"29","full_county_name":null,"link_title":null,"url":"http:\/\/www.erie.gov\/","name":"Erie County","primary_latitude":"42.76","primary_longitude":"-78.66","state_abbreviation":"NY","state_name":"New York"},{"county_name":null,"description":null,"feat_class":"Civil","feature_id":"38538","fips_class":"H1","fips_county_cd":"31","full_county_name":null,"link_title":null,"url":"http:\/\/www.co.essex.ny.us\/","name":"Essex County","primary_latitude":"44.1","primary_longitude":"-73.81","state_abbreviation":"NY","state_name":"New York"},{"county_name":null,"description":null,"feat_class":"Civil","feature_id":"38541","fips_class":"H1","fips_county_cd":"37","full_county_name":null,"link_title":null,"url":"http:\/\/www.co.genesee.ny.us\/","name":"Genesee County","primary_latitude":"43","primary_longitude":"-78.18","state_abbreviation":"NY","state_name":"New York"},{"county_name":null,"description":null,"feat_class":"Civil","feature_id":"38544","fips_class":"H1","fips_county_cd":"43","full_county_name":null,"link_title":null,"url":"http:\/\/www.herkimercounty.org\/","name":"Herkimer County","primary_latitude":"43.45","primary_longitude":"-74.94","state_abbreviation":"NY","state_name":"New York"},{"county_name":null,"description":null,"feat_class":"Civil","feature_id":"38545","fips_class":"H1","fips_county_cd":"45","full_county_name":null,"link_title":null,"url":"http:\/\/www.co.jefferson.ny.us\/","name":"Jefferson County","primary_latitude":"44.05","primary_longitude":"-75.89","state_abbreviation":"NY","state_name":"New York"},{"county_name":null,"description":null,"feat_class":"Civil","feature_id":"38546","fips_class":"H6","fips_county_cd":"47","full_county_name":null,"link_title":null,"url":"http:\/\/www.nyc.gov\/","name":"Kings County","primary_latitude":"40.6501038","primary_longitude":"-73.9495823","state_abbreviation":"NY","state_name":"New York"},{"county_name":null,"description":null,"feat_class":"Civil","feature_id":"38547","fips_class":"H1","fips_county_cd":"49","full_county_name":null,"link_title":null,"url":"http:\/\/lewiscountyny.org\/","name":"Lewis County","primary_latitude":"43.8","primary_longitude":"-75.48","state_abbreviation":"NY","state_name":"New York"},{"county_name":null,"description":null,"feat_class":"Civil","feature_id":"38548","fips_class":"H1","fips_county_cd":"51","full_county_name":null,"link_title":null,"url":"http:\/\/www.co.livingston.state.ny.us\/","name":"Livingston County","primary_latitude":"42.73","primary_longitude":"-77.76","state_abbreviation":"NY","state_name":"New York"},{"county_name":null,"description":null,"feat_class":"Civil","feature_id":"38549","fips_class":"H1","fips_county_cd":"53","full_county_name":null,"link_title":null,"url":"http:\/\/www.madisoncounty.org\/","name":"Madison County","primary_latitude":"42.93","primary_longitude":"-75.64","state_abbreviation":"NY","state_name":"New York"},{"county_name":null,"description":null,"feat_class":"Civil","feature_id":"38550","fips_class":"H1","fips_county_cd":"55","full_county_name":null,"link_title":null,"url":"http:\/\/www.monroecounty.gov\/","name":"Monroe County","primary_latitude":"43.15","primary_longitude":"-77.68","state_abbreviation":"NY","state_name":"New York"},{"county_name":null,"description":null,"feat_class":"Civil","feature_id":"38551","fips_class":"H1","fips_county_cd":"57","full_county_name":null,"link_title":null,"url":"http:\/\/www.co.montgomery.ny.us\/","name":"Montgomery County","primary_latitude":"42.88","primary_longitude":"-74.41","state_abbreviation":"NY","state_name":"New York"},{"county_name":null,"description":null,"feat_class":"Civil","feature_id":"38552","fips_class":"H1","fips_county_cd":"59","full_county_name":null,"link_title":null,"url":"http:\/\/www.nassaucountyny.gov\/","name":"Nassau County","primary_latitude":"40.75","primary_longitude":"-73.58","state_abbreviation":"NY","state_name":"New York"},{"county_name":null,"description":null,"feat_class":"Civil","feature_id":"38553","fips_class":"H6","fips_county_cd":"61","full_county_name":null,"link_title":null,"url":"http:\/\/www.nyc.gov\/","name":"New York County","primary_latitude":"40.7834345","primary_longitude":"-73.9662495","state_abbreviation":"NY","state_name":"New York"},{"county_name":null,"description":null,"feat_class":"Civil","feature_id":"38554","fips_class":"H1","fips_county_cd":"63","full_county_name":null,"link_title":null,"url":"http:\/\/www.niagaracounty.com\/","name":"Niagara County","primary_latitude":"43.16","primary_longitude":"-78.76","state_abbreviation":"NY","state_name":"New York"},{"county_name":null,"description":null,"feat_class":"Civil","feature_id":"38555","fips_class":"H1","fips_county_cd":"65","full_county_name":null,"link_title":null,"url":"http:\/\/www.co.oneida.ny.us\/","name":"Oneida County","primary_latitude":"43.2","primary_longitude":"-75.46","state_abbreviation":"NY","state_name":"New York"},{"county_name":null,"description":null,"feat_class":"Civil","feature_id":"38556","fips_class":"H1","fips_county_cd":"67","full_county_name":null,"link_title":null,"url":"http:\/\/www.ongov.net\/","name":"Onondaga County","primary_latitude":"43","primary_longitude":"-76.16","state_abbreviation":"NY","state_name":"New York"},{"county_name":null,"description":null,"feat_class":"Civil","feature_id":"38557","fips_class":"H1","fips_county_cd":"69","full_county_name":null,"link_title":null,"url":"http:\/\/www.co.ontario.ny.us\/","name":"Ontario County","primary_latitude":"42.86","primary_longitude":"-77.31","state_abbreviation":"NY","state_name":"New York"},{"county_name":null,"description":null,"feat_class":"Civil","feature_id":"38558","fips_class":"H1","fips_county_cd":"71","full_county_name":null,"link_title":null,"url":"http:\/\/www.co.orange.ny.us\/","name":"Orange County","primary_latitude":"41.41","primary_longitude":"-74.31","state_abbreviation":"NY","state_name":"New York"},{"county_name":null,"description":null,"feat_class":"Civil","feature_id":"38559","fips_class":"H1","fips_county_cd":"73","full_county_name":null,"link_title":null,"url":"http:\/\/www.orleansny.com\/","name":"Orleans County","primary_latitude":"43.25","primary_longitude":"-78.23","state_abbreviation":"NY","state_name":"New York"},{"county_name":null,"description":null,"feat_class":"Civil","feature_id":"38560","fips_class":"H1","fips_county_cd":"75","full_county_name":null,"link_title":null,"url":"http:\/\/www.co.oswego.ny.us\/","name":"Oswego County","primary_latitude":"43.45","primary_longitude":"-76.14","state_abbreviation":"NY","state_name":"New York"},{"county_name":null,"description":null,"feat_class":"Civil","feature_id":"38561","fips_class":"H1","fips_county_cd":"77","full_county_name":null,"link_title":null,"url":"http:\/\/www.otsegocounty.com\/","name":"Otsego County","primary_latitude":"42.63","primary_longitude":"-75.01","state_abbreviation":"NY","state_name":"New York"},{"county_name":null,"description":null,"feat_class":"Civil","feature_id":"38562","fips_class":"H1","fips_county_cd":"79","full_county_name":null,"link_title":null,"url":"http:\/\/www.putnamcountyny.com\/","name":"Putnam County","primary_latitude":"41.43","primary_longitude":"-73.73","state_abbreviation":"NY","state_name":"New York"},{"county_name":null,"description":null,"feat_class":"Civil","feature_id":"38563","fips_class":"H6","fips_county_cd":"81","full_county_name":null,"link_title":null,"url":"http:\/\/www.nyc.gov\/","name":"Queens County","primary_latitude":"40.700103","primary_longitude":"-73.7995781","state_abbreviation":"NY","state_name":"New York"},{"county_name":null,"description":null,"feat_class":"Civil","feature_id":"38564","fips_class":"H1","fips_county_cd":"83","full_county_name":null,"link_title":null,"url":"http:\/\/www.rensco.com\/","name":"Rensselaer County","primary_latitude":"42.71","primary_longitude":"-73.48","state_abbreviation":"NY","state_name":"New York"},{"county_name":null,"description":null,"feat_class":"Civil","feature_id":"38565","fips_class":"H6","fips_county_cd":"85","full_county_name":null,"link_title":null,"url":"http:\/\/www.nyc.gov\/","name":"Richmond County","primary_latitude":"40.5834379","primary_longitude":"-74.1495875","state_abbreviation":"NY","state_name":"New York"},{"county_name":null,"description":null,"feat_class":"Civil","feature_id":"38566","fips_class":"H1","fips_county_cd":"87","full_county_name":null,"link_title":null,"url":"http:\/\/www.co.rockland.ny.us\/","name":"Rockland County","primary_latitude":"41.16","primary_longitude":"-74.04","state_abbreviation":"NY","state_name":"New York"},{"county_name":null,"description":null,"feat_class":"Civil","feature_id":"38567","fips_class":"H1","fips_county_cd":"89","full_county_name":null,"link_title":null,"url":"http:\/\/www.co.st-lawrence.ny.us\/","name":"Saint Lawrence County","primary_latitude":"44.5","primary_longitude":"-75.11","state_abbreviation":"NY","state_name":"New York"},{"county_name":null,"description":null,"feat_class":"Civil","feature_id":"38568","fips_class":"H1","fips_county_cd":"91","full_county_name":null,"link_title":null,"url":"http:\/\/www.saratogacountyny.gov\/","name":"Saratoga County","primary_latitude":"43.1","primary_longitude":"-73.84","state_abbreviation":"NY","state_name":"New York"},{"county_name":null,"description":null,"feat_class":"Civil","feature_id":"38569","fips_class":"H1","fips_county_cd":"93","full_county_name":null,"link_title":null,"url":"http:\/\/www.schenectadycounty.com\/","name":"Schenectady County","primary_latitude":"42.83","primary_longitude":"-74.08","state_abbreviation":"NY","state_name":"New York"},{"county_name":null,"description":null,"feat_class":"Civil","feature_id":"38570","fips_class":"H1","fips_county_cd":"95","full_county_name":null,"link_title":null,"url":"http:\/\/www.schohariecounty-ny.gov\/","name":"Schoharie County","primary_latitude":"42.56","primary_longitude":"-74.46","state_abbreviation":"NY","state_name":"New York"},{"county_name":null,"description":null,"feat_class":"Civil","feature_id":"38572","fips_class":"H1","fips_county_cd":"99","full_county_name":null,"link_title":null,"url":"http:\/\/www.co.seneca.ny.us\/","name":"Seneca County","primary_latitude":"42.78","primary_longitude":"-76.84","state_abbreviation":"NY","state_name":"New York"},{"county_name":null,"description":null,"feat_class":"Civil","feature_id":"38573","fips_class":"H1","fips_county_cd":"101","full_county_name":null,"link_title":null,"url":"http:\/\/www.steubencony.org\/","name":"Steuben County","primary_latitude":"42.26","primary_longitude":"-77.33","state_abbreviation":"NY","state_name":"New York"},{"county_name":null,"description":null,"feat_class":"Civil","feature_id":"38574","fips_class":"H1","fips_county_cd":"103","full_county_name":null,"link_title":null,"url":"http:\/\/www.co.suffolk.ny.us\/","name":"Suffolk County","primary_latitude":"40.86","primary_longitude":"-72.79","state_abbreviation":"NY","state_name":"New York"},{"county_name":null,"description":null,"feat_class":"Civil","feature_id":"38575","fips_class":"H1","fips_county_cd":"105","full_county_name":null,"link_title":null,"url":"http:\/\/www.co.sullivan.ny.us\/","name":"Sullivan County","primary_latitude":"41.7","primary_longitude":"-74.78","state_abbreviation":"NY","state_name":"New York"},{"county_name":null,"description":null,"feat_class":"Civil","feature_id":"38576","fips_class":"H1","fips_county_cd":"107","full_county_name":null,"link_title":null,"url":"http:\/\/www.tiogacountyny.com\/","name":"Tioga County","primary_latitude":"42.16","primary_longitude":"-76.26","state_abbreviation":"NY","state_name":"New York"},{"county_name":null,"description":null,"feat_class":"Civil","feature_id":"38577","fips_class":"H1","fips_county_cd":"109","full_county_name":null,"link_title":null,"url":"http:\/\/www.tompkins-co.org\/","name":"Tompkins County","primary_latitude":"42.45","primary_longitude":"-76.46","state_abbreviation":"NY","state_name":"New York"},{"county_name":null,"description":null,"feat_class":"Civil","feature_id":"38578","fips_class":"H1","fips_county_cd":"111","full_county_name":null,"link_title":null,"url":"http:\/\/www.co.ulster.ny.us\/","name":"Ulster County","primary_latitude":"41.88","primary_longitude":"-74.25","state_abbreviation":"NY","state_name":"New York"},{"county_name":null,"description":null,"feat_class":"Civil","feature_id":"38579","fips_class":"H1","fips_county_cd":"113","full_county_name":null,"link_title":null,"url":"http:\/\/www.co.warren.ny.us\/","name":"Warren County","primary_latitude":"43.55","primary_longitude":"-73.79","state_abbreviation":"NY","state_name":"New York"},{"county_name":null,"description":null,"feat_class":"Civil","feature_id":"38580","fips_class":"H1","fips_county_cd":"115","full_county_name":null,"link_title":null,"url":"http:\/\/co.washington.ny.us\/","name":"Washington County","primary_latitude":"43.33","primary_longitude":"-73.43","state_abbreviation":"NY","state_name":"New York"},{"county_name":null,"description":null,"feat_class":"Civil","feature_id":"38581","fips_class":"H1","fips_county_cd":"117","full_county_name":null,"link_title":null,"url":"http:\/\/www.co.wayne.ny.us\/","name":"Wayne County","primary_latitude":"43.15","primary_longitude":"-77.03","state_abbreviation":"NY","state_name":"New York"},{"county_name":null,"description":null,"feat_class":"Civil","feature_id":"38582","fips_class":"H1","fips_county_cd":"119","full_county_name":null,"link_title":null,"url":"http:\/\/www.westchestergov.com\/","name":"Westchester County","primary_latitude":"41.11","primary_longitude":"-73.79","state_abbreviation":"NY","state_name":"New York"}]