[{"county_name":null,"description":null,"feat_class":"Civil","feature_id":"38656","fips_class":"H1","fips_county_cd":"143","full_county_name":null,"link_title":null,"url":"http:\/\/www.sandusky-county.org\/","name":"Sandusky County","primary_latitude":"41.35","primary_longitude":"-83.13","state_abbreviation":"OH","state_name":"Ohio"},{"county_name":null,"description":null,"feat_class":"Civil","feature_id":"38659","fips_class":"H1","fips_county_cd":"149","full_county_name":null,"link_title":null,"url":"http:\/\/www.co.shelby.oh.us\/","name":"Shelby County","primary_latitude":"40.31","primary_longitude":"-84.18","state_abbreviation":"OH","state_name":"Ohio"},{"county_name":null,"description":null,"feat_class":"Civil","feature_id":"38660","fips_class":"H1","fips_county_cd":"151","full_county_name":null,"link_title":null,"url":"http:\/\/www.co.stark.oh.us\/","name":"Stark County","primary_latitude":"40.81","primary_longitude":"-81.36","state_abbreviation":"OH","state_name":"Ohio"},{"county_name":null,"description":null,"feat_class":"Civil","feature_id":"38661","fips_class":"H1","fips_county_cd":"153","full_county_name":null,"link_title":null,"url":"http:\/\/www.co.summit.oh.us\/","name":"Summit County","primary_latitude":"41.11","primary_longitude":"-81.53","state_abbreviation":"OH","state_name":"Ohio"},{"county_name":null,"description":null,"feat_class":"Civil","feature_id":"38662","fips_class":"H1","fips_county_cd":"155","full_county_name":null,"link_title":null,"url":"http:\/\/www.co.trumbull.oh.us\/","name":"Trumbull County","primary_latitude":"41.31","primary_longitude":"-80.76","state_abbreviation":"OH","state_name":"Ohio"},{"county_name":null,"description":null,"feat_class":"Civil","feature_id":"38663","fips_class":"H1","fips_county_cd":"157","full_county_name":null,"link_title":null,"url":"http:\/\/www.co.tuscarawas.oh.us\/","name":"Tuscarawas County","primary_latitude":"40.45","primary_longitude":"-81.46","state_abbreviation":"OH","state_name":"Ohio"},{"county_name":null,"description":null,"feat_class":"Civil","feature_id":"38664","fips_class":"H1","fips_county_cd":"159","full_county_name":null,"link_title":null,"url":"http:\/\/www.co.union.oh.us\/","name":"Union County","primary_latitude":"40.3","primary_longitude":"-83.38","state_abbreviation":"OH","state_name":"Ohio"},{"county_name":null,"description":null,"feat_class":"Civil","feature_id":"38665","fips_class":"H1","fips_county_cd":"161","full_county_name":null,"link_title":null,"url":"http:\/\/www.vanwertcounty.org\/","name":"Van Wert County","primary_latitude":"40.86","primary_longitude":"-84.58","state_abbreviation":"OH","state_name":"Ohio"},{"county_name":null,"description":null,"feat_class":"Civil","feature_id":"38667","fips_class":"H1","fips_county_cd":"165","full_county_name":null,"link_title":null,"url":"http:\/\/www.co.warren.oh.us\/","name":"Warren County","primary_latitude":"39.43","primary_longitude":"-84.16","state_abbreviation":"OH","state_name":"Ohio"},{"county_name":null,"description":null,"feat_class":"Civil","feature_id":"38668","fips_class":"H1","fips_county_cd":"167","full_county_name":null,"link_title":null,"url":"http:\/\/www.washingtongov.org\/","name":"Washington County","primary_latitude":"39.5","primary_longitude":"-81.41","state_abbreviation":"OH","state_name":"Ohio"},{"county_name":null,"description":null,"feat_class":"Civil","feature_id":"38669","fips_class":"H1","fips_county_cd":"169","full_county_name":null,"link_title":null,"url":"http:\/\/www.wayneohio.org\/","name":"Wayne County","primary_latitude":"40.83","primary_longitude":"-81.88","state_abbreviation":"OH","state_name":"Ohio"},{"county_name":null,"description":null,"feat_class":"Civil","feature_id":"38670","fips_class":"H1","fips_county_cd":"171","full_county_name":null,"link_title":null,"url":"http:\/\/www.co.williams.oh.us\/","name":"Williams County","primary_latitude":"41.55","primary_longitude":"-84.58","state_abbreviation":"OH","state_name":"Ohio"},{"county_name":null,"description":null,"feat_class":"Civil","feature_id":"38671","fips_class":"H1","fips_county_cd":"173","full_county_name":null,"link_title":null,"url":"http:\/\/www.co.wood.oh.us\/","name":"Wood County","primary_latitude":"41.36","primary_longitude":"-83.61","state_abbreviation":"OH","state_name":"Ohio"},{"county_name":null,"description":null,"feat_class":"Civil","feature_id":"38672","fips_class":"H1","fips_county_cd":"175","full_county_name":null,"link_title":null,"url":"http:\/\/www.co.wyandot.oh.us\/","name":"Wyandot County","primary_latitude":"40.85","primary_longitude":"-83.28","state_abbreviation":"OH","state_name":"Ohio"},{"county_name":null,"description":null,"feat_class":"Civil","feature_id":"38586","fips_class":"H1","fips_county_cd":"3","full_county_name":null,"link_title":null,"url":"http:\/\/www.co.allen.oh.us\/","name":"Allen County","primary_latitude":"40.76","primary_longitude":"-84.08","state_abbreviation":"OH","state_name":"Ohio"},{"county_name":null,"description":null,"feat_class":"Civil","feature_id":"38587","fips_class":"H1","fips_county_cd":"5","full_county_name":null,"link_title":null,"url":"http:\/\/www.ashlandcounty.org\/","name":"Ashland County","primary_latitude":"40.81","primary_longitude":"-82.26","state_abbreviation":"OH","state_name":"Ohio"},{"county_name":null,"description":null,"feat_class":"Civil","feature_id":"38588","fips_class":"H1","fips_county_cd":"7","full_county_name":null,"link_title":null,"url":"http:\/\/www.co.ashtabula.oh.us\/","name":"Ashtabula County","primary_latitude":"41.7","primary_longitude":"-80.76","state_abbreviation":"OH","state_name":"Ohio"},{"county_name":null,"description":null,"feat_class":"Civil","feature_id":"38589","fips_class":"H1","fips_county_cd":"9","full_county_name":null,"link_title":null,"url":"http:\/\/www.athenscountygovernment.com\/","name":"Athens County","primary_latitude":"39.35","primary_longitude":"-82.04","state_abbreviation":"OH","state_name":"Ohio"},{"county_name":null,"description":null,"feat_class":"Civil","feature_id":"38590","fips_class":"H1","fips_county_cd":"11","full_county_name":null,"link_title":null,"url":"http:\/\/www.auglaizecounty.org\/","name":"Auglaize County","primary_latitude":"40.55","primary_longitude":"-84.25","state_abbreviation":"OH","state_name":"Ohio"},{"county_name":null,"description":null,"feat_class":"Civil","feature_id":"38591","fips_class":"H1","fips_county_cd":"13","full_county_name":null,"link_title":null,"url":"http:\/\/www.belmontcountyohio.org\/","name":"Belmont County","primary_latitude":"40","primary_longitude":"-80.96","state_abbreviation":"OH","state_name":"Ohio"},{"county_name":null,"description":null,"feat_class":"Civil","feature_id":"38593","fips_class":"H1","fips_county_cd":"17","full_county_name":null,"link_title":null,"url":"http:\/\/www.butlercountyohio.org\/","name":"Butler County","primary_latitude":"39.45","primary_longitude":"-84.56","state_abbreviation":"OH","state_name":"Ohio"},{"county_name":null,"description":null,"feat_class":"Civil","feature_id":"38594","fips_class":"H1","fips_county_cd":"19","full_county_name":null,"link_title":null,"url":"http:\/\/www.carrollcountyohio.net\/","name":"Carroll County","primary_latitude":"40.56","primary_longitude":"-81.08","state_abbreviation":"OH","state_name":"Ohio"},{"county_name":null,"description":null,"feat_class":"Civil","feature_id":"38595","fips_class":"H1","fips_county_cd":"21","full_county_name":null,"link_title":null,"url":"http:\/\/www.co.champaign.oh.us\/","name":"Champaign County","primary_latitude":"40.13","primary_longitude":"-83.76","state_abbreviation":"OH","state_name":"Ohio"},{"county_name":null,"description":null,"feat_class":"Civil","feature_id":"38596","fips_class":"H1","fips_county_cd":"23","full_county_name":null,"link_title":null,"url":"http:\/\/www.co.clark.oh.us\/","name":"Clark County","primary_latitude":"39.91","primary_longitude":"-83.76","state_abbreviation":"OH","state_name":"Ohio"},{"county_name":null,"description":null,"feat_class":"Civil","feature_id":"38597","fips_class":"H1","fips_county_cd":"25","full_county_name":null,"link_title":null,"url":"http:\/\/www.clermontcountyohio.gov\/","name":"Clermont County","primary_latitude":"39.05","primary_longitude":"-84.14","state_abbreviation":"OH","state_name":"Ohio"},{"county_name":null,"description":null,"feat_class":"Civil","feature_id":"38598","fips_class":"H1","fips_county_cd":"27","full_county_name":null,"link_title":null,"url":"http:\/\/www.co.clinton.oh.us\/","name":"Clinton County","primary_latitude":"39.4","primary_longitude":"-83.81","state_abbreviation":"OH","state_name":"Ohio"},{"county_name":null,"description":null,"feat_class":"Civil","feature_id":"38599","fips_class":"H1","fips_county_cd":"29","full_county_name":null,"link_title":null,"url":"http:\/\/www.columbianacounty.org\/","name":"Columbiana County","primary_latitude":"40.75","primary_longitude":"-80.75","state_abbreviation":"OH","state_name":"Ohio"},{"county_name":null,"description":null,"feat_class":"Civil","feature_id":"38600","fips_class":"H1","fips_county_cd":"31","full_county_name":null,"link_title":null,"url":"http:\/\/www.coshoctoncounty.net\/","name":"Coshocton County","primary_latitude":"40.3","primary_longitude":"-81.91","state_abbreviation":"OH","state_name":"Ohio"},{"county_name":null,"description":null,"feat_class":"Civil","feature_id":"38601","fips_class":"H1","fips_county_cd":"33","full_county_name":null,"link_title":null,"url":"http:\/\/www.crawford-co.org\/","name":"Crawford County","primary_latitude":"40.85","primary_longitude":"-82.91","state_abbreviation":"OH","state_name":"Ohio"},{"county_name":null,"description":null,"feat_class":"Civil","feature_id":"38602","fips_class":"H1","fips_county_cd":"35","full_county_name":null,"link_title":null,"url":"http:\/\/www.cuyahogacounty.us","name":"Cuyahoga County","primary_latitude":"41.43","primary_longitude":"-81.66","state_abbreviation":"OH","state_name":"Ohio"},{"county_name":null,"description":null,"feat_class":"Civil","feature_id":"38603","fips_class":"H1","fips_county_cd":"37","full_county_name":null,"link_title":null,"url":"http:\/\/www.co.darke.oh.us\/","name":"Darke County","primary_latitude":"40.13","primary_longitude":"-84.61","state_abbreviation":"OH","state_name":"Ohio"},{"county_name":null,"description":null,"feat_class":"Civil","feature_id":"38604","fips_class":"H1","fips_county_cd":"39","full_county_name":null,"link_title":null,"url":"http:\/\/www.defiance-county.com\/","name":"Defiance County","primary_latitude":"41.33","primary_longitude":"-84.44","state_abbreviation":"OH","state_name":"Ohio"},{"county_name":null,"description":null,"feat_class":"Civil","feature_id":"38605","fips_class":"H1","fips_county_cd":"41","full_county_name":null,"link_title":null,"url":"http:\/\/www.co.delaware.oh.us\/","name":"Delaware County","primary_latitude":"40.26","primary_longitude":"-83","state_abbreviation":"OH","state_name":"Ohio"},{"county_name":null,"description":null,"feat_class":"Civil","feature_id":"38606","fips_class":"H1","fips_county_cd":"43","full_county_name":null,"link_title":null,"url":"http:\/\/www.erie-county-ohio.net\/","name":"Erie County","primary_latitude":"41.35","primary_longitude":"-82.59","state_abbreviation":"OH","state_name":"Ohio"},{"county_name":null,"description":null,"feat_class":"Civil","feature_id":"38607","fips_class":"H1","fips_county_cd":"45","full_county_name":null,"link_title":null,"url":"http:\/\/www.co.fairfield.oh.us\/","name":"Fairfield County","primary_latitude":"39.75","primary_longitude":"-82.59","state_abbreviation":"OH","state_name":"Ohio"},{"county_name":null,"description":null,"feat_class":"Civil","feature_id":"38608","fips_class":"H1","fips_county_cd":"47","full_county_name":null,"link_title":null,"url":"http:\/\/www.fayette-co-oh.com\/","name":"Fayette County","primary_latitude":"39.55","primary_longitude":"-83.44","state_abbreviation":"OH","state_name":"Ohio"},{"county_name":null,"description":null,"feat_class":"Civil","feature_id":"38609","fips_class":"H1","fips_county_cd":"49","full_county_name":null,"link_title":null,"url":"http:\/\/www.franklincountyohio.gov\/","name":"Franklin County","primary_latitude":"39.96","primary_longitude":"-83.01","state_abbreviation":"OH","state_name":"Ohio"},{"county_name":null,"description":null,"feat_class":"Civil","feature_id":"38610","fips_class":"H1","fips_county_cd":"51","full_county_name":null,"link_title":null,"url":"http:\/\/www.fultoncountyoh.com\/","name":"Fulton County","primary_latitude":"41.6","primary_longitude":"-84.13","state_abbreviation":"OH","state_name":"Ohio"},{"county_name":null,"description":null,"feat_class":"Civil","feature_id":"38611","fips_class":"H1","fips_county_cd":"53","full_county_name":null,"link_title":null,"url":"http:\/\/www.gallianet.net\/","name":"Gallia County","primary_latitude":"38.81","primary_longitude":"-82.33","state_abbreviation":"OH","state_name":"Ohio"},{"county_name":null,"description":null,"feat_class":"Civil","feature_id":"38612","fips_class":"H1","fips_county_cd":"55","full_county_name":null,"link_title":null,"url":"http:\/\/www.co.geauga.oh.us\/","name":"Geauga County","primary_latitude":"41.5","primary_longitude":"-81.16","state_abbreviation":"OH","state_name":"Ohio"},{"county_name":null,"description":null,"feat_class":"Civil","feature_id":"38613","fips_class":"H1","fips_county_cd":"57","full_county_name":null,"link_title":null,"url":"http:\/\/www.co.greene.oh.us\/","name":"Greene County","primary_latitude":"39.68","primary_longitude":"-83.89","state_abbreviation":"OH","state_name":"Ohio"},{"county_name":null,"description":null,"feat_class":"Civil","feature_id":"38615","fips_class":"H1","fips_county_cd":"61","full_county_name":null,"link_title":null,"url":"http:\/\/www.hamilton-co.org\/","name":"Hamilton County","primary_latitude":"39.18","primary_longitude":"-84.53","state_abbreviation":"OH","state_name":"Ohio"},{"county_name":null,"description":null,"feat_class":"Civil","feature_id":"38616","fips_class":"H1","fips_county_cd":"63","full_county_name":null,"link_title":null,"url":"http:\/\/www.co.hancock.oh.us\/","name":"Hancock County","primary_latitude":"41.01","primary_longitude":"-83.66","state_abbreviation":"OH","state_name":"Ohio"},{"county_name":null,"description":null,"feat_class":"Civil","feature_id":"38619","fips_class":"H1","fips_county_cd":"69","full_county_name":null,"link_title":null,"url":"http:\/\/www.henrycountyohio.com\/","name":"Henry County","primary_latitude":"41.35","primary_longitude":"-84.09","state_abbreviation":"OH","state_name":"Ohio"},{"county_name":null,"description":null,"feat_class":"Civil","feature_id":"38620","fips_class":"H1","fips_county_cd":"71","full_county_name":null,"link_title":null,"url":"http:\/\/www.highlandcountyohio.com\/","name":"Highland County","primary_latitude":"39.18","primary_longitude":"-83.61","state_abbreviation":"OH","state_name":"Ohio"},{"county_name":null,"description":null,"feat_class":"Civil","feature_id":"38621","fips_class":"H1","fips_county_cd":"73","full_county_name":null,"link_title":null,"url":"http:\/\/www.co.hocking.oh.us\/","name":"Hocking County","primary_latitude":"39.51","primary_longitude":"-82.46","state_abbreviation":"OH","state_name":"Ohio"},{"county_name":null,"description":null,"feat_class":"Civil","feature_id":"38622","fips_class":"H1","fips_county_cd":"75","full_county_name":null,"link_title":null,"url":"http:\/\/www.co.holmes.oh.us\/","name":"Holmes County","primary_latitude":"40.55","primary_longitude":"-81.89","state_abbreviation":"OH","state_name":"Ohio"},{"county_name":null,"description":null,"feat_class":"Civil","feature_id":"38623","fips_class":"H1","fips_county_cd":"77","full_county_name":null,"link_title":null,"url":"http:\/\/www.hccommissioners.com\/","name":"Huron County","primary_latitude":"41.15","primary_longitude":"-82.54","state_abbreviation":"OH","state_name":"Ohio"},{"county_name":null,"description":null,"feat_class":"Civil","feature_id":"38625","fips_class":"H1","fips_county_cd":"81","full_county_name":null,"link_title":null,"url":"http:\/\/www.jeffersoncountyoh.com\/","name":"Jefferson County","primary_latitude":"40.36","primary_longitude":"-80.75","state_abbreviation":"OH","state_name":"Ohio"},{"county_name":null,"description":null,"feat_class":"Civil","feature_id":"38626","fips_class":"H1","fips_county_cd":"83","full_county_name":null,"link_title":null,"url":"http:\/\/www.knoxcountyohio.org\/","name":"Knox County","primary_latitude":"40.4","primary_longitude":"-82.37","state_abbreviation":"OH","state_name":"Ohio"},{"county_name":null,"description":null,"feat_class":"Civil","feature_id":"38627","fips_class":"H1","fips_county_cd":"85","full_county_name":null,"link_title":null,"url":"http:\/\/www.lakecountyohio.org\/","name":"Lake County","primary_latitude":"41.63","primary_longitude":"-81.38","state_abbreviation":"OH","state_name":"Ohio"},{"county_name":null,"description":null,"feat_class":"Civil","feature_id":"38629","fips_class":"H1","fips_county_cd":"89","full_county_name":null,"link_title":null,"url":"http:\/\/www.lcounty.com\/","name":"Licking County","primary_latitude":"40.08","primary_longitude":"-82.5","state_abbreviation":"OH","state_name":"Ohio"},{"county_name":null,"description":null,"feat_class":"Civil","feature_id":"38630","fips_class":"H1","fips_county_cd":"91","full_county_name":null,"link_title":null,"url":"http:\/\/www.co.logan.oh.us\/","name":"Logan County","primary_latitude":"40.36","primary_longitude":"-83.76","state_abbreviation":"OH","state_name":"Ohio"},{"county_name":null,"description":null,"feat_class":"Civil","feature_id":"38631","fips_class":"H1","fips_county_cd":"93","full_county_name":null,"link_title":null,"url":"http:\/\/www.loraincounty.us\/","name":"Lorain County","primary_latitude":"41.33","primary_longitude":"-82.14","state_abbreviation":"OH","state_name":"Ohio"},{"county_name":null,"description":null,"feat_class":"Civil","feature_id":"38632","fips_class":"H1","fips_county_cd":"95","full_county_name":null,"link_title":null,"url":"http:\/\/www.co.lucas.oh.us\/","name":"Lucas County","primary_latitude":"41.65","primary_longitude":"-83.66","state_abbreviation":"OH","state_name":"Ohio"},{"county_name":null,"description":null,"feat_class":"Civil","feature_id":"38633","fips_class":"H1","fips_county_cd":"97","full_county_name":null,"link_title":null,"url":"http:\/\/www.co.madison.oh.us\/","name":"Madison County","primary_latitude":"39.86","primary_longitude":"-83.43","state_abbreviation":"OH","state_name":"Ohio"},{"county_name":null,"description":null,"feat_class":"Civil","feature_id":"38634","fips_class":"H1","fips_county_cd":"99","full_county_name":null,"link_title":null,"url":"http:\/\/www.mahoningcountygov.com\/","name":"Mahoning County","primary_latitude":"41.03","primary_longitude":"-80.76","state_abbreviation":"OH","state_name":"Ohio"},{"county_name":null,"description":null,"feat_class":"Civil","feature_id":"38635","fips_class":"H1","fips_county_cd":"101","full_county_name":null,"link_title":null,"url":"http:\/\/www.co.marion.oh.us\/","name":"Marion County","primary_latitude":"40.58","primary_longitude":"-83.16","state_abbreviation":"OH","state_name":"Ohio"},{"county_name":null,"description":null,"feat_class":"Civil","feature_id":"38636","fips_class":"H1","fips_county_cd":"103","full_county_name":null,"link_title":null,"url":"http:\/\/www.co.medina.oh.us\/","name":"Medina County","primary_latitude":"41.1","primary_longitude":"-81.88","state_abbreviation":"OH","state_name":"Ohio"},{"county_name":null,"description":null,"feat_class":"Civil","feature_id":"38638","fips_class":"H1","fips_county_cd":"107","full_county_name":null,"link_title":null,"url":"http:\/\/www.mercercountyohio.org\/","name":"Mercer County","primary_latitude":"40.55","primary_longitude":"-84.63","state_abbreviation":"OH","state_name":"Ohio"},{"county_name":null,"description":null,"feat_class":"Civil","feature_id":"38639","fips_class":"H1","fips_county_cd":"109","full_county_name":null,"link_title":null,"url":"http:\/\/www.co.miami.oh.us\/","name":"Miami County","primary_latitude":"40.05","primary_longitude":"-84.23","state_abbreviation":"OH","state_name":"Ohio"},{"county_name":null,"description":null,"feat_class":"Civil","feature_id":"38641","fips_class":"H1","fips_county_cd":"113","full_county_name":null,"link_title":null,"url":"http:\/\/www.co.montgomery.oh.us\/","name":"Montgomery County","primary_latitude":"39.75","primary_longitude":"-84.29","state_abbreviation":"OH","state_name":"Ohio"},{"county_name":null,"description":null,"feat_class":"Civil","feature_id":"38646","fips_class":"H1","fips_county_cd":"123","full_county_name":null,"link_title":null,"url":"http:\/\/www.co.ottawa.oh.us\/","name":"Ottawa County","primary_latitude":"41.53","primary_longitude":"-83.09","state_abbreviation":"OH","state_name":"Ohio"},{"county_name":null,"description":null,"feat_class":"Civil","feature_id":"38654","fips_class":"H1","fips_county_cd":"139","full_county_name":null,"link_title":null,"url":"http:\/\/www.richlandcountyoh.us\/","name":"Richland County","primary_latitude":"40.78","primary_longitude":"-82.54","state_abbreviation":"OH","state_name":"Ohio"},{"county_name":null,"description":null,"feat_class":"Civil","feature_id":"38655","fips_class":"H1","fips_county_cd":"141","full_county_name":null,"link_title":null,"url":"http:\/\/www.co.ross.oh.us\/","name":"Ross County","primary_latitude":"39.35","primary_longitude":"-83.06","state_abbreviation":"OH","state_name":"Ohio"}]