[{"county_name":null,"description":null,"feat_class":"Civil","feature_id":"38681","fips_class":"H1","fips_county_cd":"17","full_county_name":null,"link_title":null,"url":"http:\/\/www.canadiancounty.org\/","name":"Canadian County","primary_latitude":"35.53","primary_longitude":"-97.98","state_abbreviation":"OK","state_name":"Oklahoma"},{"county_name":null,"description":null,"feat_class":"Civil","feature_id":"38682","fips_class":"H1","fips_county_cd":"19","full_county_name":null,"link_title":null,"url":"http:\/\/www.brightok.net\/cartercounty\/","name":"Carter County","primary_latitude":"34.23","primary_longitude":"-97.3","state_abbreviation":"OK","state_name":"Oklahoma"},{"county_name":null,"description":null,"feat_class":"Civil","feature_id":"38705","fips_class":"H1","fips_county_cd":"65","full_county_name":null,"link_title":null,"url":"http:\/\/www.jacksoncountyok.com\/","name":"Jackson County","primary_latitude":"34.61","primary_longitude":"-99.38","state_abbreviation":"OK","state_name":"Oklahoma"},{"county_name":null,"description":null,"feat_class":"Civil","feature_id":"38708","fips_class":"H1","fips_county_cd":"71","full_county_name":null,"link_title":null,"url":"http:\/\/www.courthouse.kay.ok.us\/","name":"Kay County","primary_latitude":"36.85","primary_longitude":"-97.15","state_abbreviation":"OK","state_name":"Oklahoma"},{"county_name":null,"description":null,"feat_class":"Civil","feature_id":"38727","fips_class":"H1","fips_county_cd":"109","full_county_name":null,"link_title":null,"url":"http:\/\/www.oklahomacounty.org\/","name":"Oklahoma County","primary_latitude":"35.55","primary_longitude":"-97.4","state_abbreviation":"OK","state_name":"Oklahoma"},{"county_name":null,"description":null,"feat_class":"Civil","feature_id":"38732","fips_class":"H1","fips_county_cd":"119","full_county_name":null,"link_title":null,"url":"http:\/\/www.paynecounty.org\/","name":"Payne County","primary_latitude":"36.06","primary_longitude":"-96.96","state_abbreviation":"OK","state_name":"Oklahoma"},{"county_name":null,"description":null,"feat_class":"Civil","feature_id":"38738","fips_class":"H1","fips_county_cd":"131","full_county_name":null,"link_title":null,"url":"http:\/\/www.rogerscounty.org\/","name":"Rogers County","primary_latitude":"36.36","primary_longitude":"-95.58","state_abbreviation":"OK","state_name":"Oklahoma"},{"county_name":null,"description":null,"feat_class":"Civil","feature_id":"38744","fips_class":"H1","fips_county_cd":"143","full_county_name":null,"link_title":null,"url":"http:\/\/www.tulsacounty.org\/","name":"Tulsa County","primary_latitude":"36.1","primary_longitude":"-95.9","state_abbreviation":"OK","state_name":"Oklahoma"},{"county_name":null,"description":null,"feat_class":"Civil","feature_id":"38746","fips_class":"H1","fips_county_cd":"147","full_county_name":null,"link_title":null,"url":"http:\/\/www.countycourthouse.org\/","name":"Washington County","primary_latitude":"36.71","primary_longitude":"-95.9","state_abbreviation":"OK","state_name":"Oklahoma"}]