[{"county_name":null,"description":null,"feat_class":"Civil","feature_id":"38750","fips_class":"H1","fips_county_cd":"1","full_county_name":null,"link_title":null,"url":"http:\/\/www.bakercounty.org\/","name":"Baker County","primary_latitude":"44.75","primary_longitude":"-117.66","state_abbreviation":"OR","state_name":"Oregon"},{"county_name":null,"description":null,"feat_class":"Civil","feature_id":"38751","fips_class":"H1","fips_county_cd":"3","full_county_name":null,"link_title":null,"url":"http:\/\/www.co.benton.or.us\/","name":"Benton County","primary_latitude":"44.49","primary_longitude":"-123.41","state_abbreviation":"OR","state_name":"Oregon"},{"county_name":null,"description":null,"feat_class":"Civil","feature_id":"38752","fips_class":"H1","fips_county_cd":"5","full_county_name":null,"link_title":null,"url":"http:\/\/www.co.clackamas.or.us\/","name":"Clackamas County","primary_latitude":"45.24","primary_longitude":"-122.16","state_abbreviation":"OR","state_name":"Oregon"},{"county_name":null,"description":null,"feat_class":"Civil","feature_id":"38753","fips_class":"H1","fips_county_cd":"7","full_county_name":null,"link_title":null,"url":"http:\/\/www.co.clatsop.or.us\/","name":"Clatsop County","primary_latitude":"45.96","primary_longitude":"-123.66","state_abbreviation":"OR","state_name":"Oregon"},{"county_name":null,"description":null,"feat_class":"Civil","feature_id":"38754","fips_class":"H1","fips_county_cd":"9","full_county_name":null,"link_title":null,"url":"http:\/\/www.co.columbia.or.us\/","name":"Columbia County","primary_latitude":"45.91","primary_longitude":"-123.08","state_abbreviation":"OR","state_name":"Oregon"},{"county_name":null,"description":null,"feat_class":"Civil","feature_id":"38755","fips_class":"H1","fips_county_cd":"11","full_county_name":null,"link_title":null,"url":"http:\/\/www.co.coos.or.us\/","name":"Coos County","primary_latitude":"43.16","primary_longitude":"-124","state_abbreviation":"OR","state_name":"Oregon"},{"county_name":null,"description":null,"feat_class":"Civil","feature_id":"38756","fips_class":"H1","fips_county_cd":"13","full_county_name":null,"link_title":null,"url":"http:\/\/www.co.crook.or.us\/","name":"Crook County","primary_latitude":"44.16","primary_longitude":"-120.08","state_abbreviation":"OR","state_name":"Oregon"},{"county_name":null,"description":null,"feat_class":"Civil","feature_id":"38757","fips_class":"H1","fips_county_cd":"15","full_county_name":null,"link_title":null,"url":"http:\/\/www.co.curry.or.us\/","name":"Curry County","primary_latitude":"42.5","primary_longitude":"-124.21","state_abbreviation":"OR","state_name":"Oregon"},{"county_name":null,"description":null,"feat_class":"Civil","feature_id":"38758","fips_class":"H1","fips_county_cd":"17","full_county_name":null,"link_title":null,"url":"http:\/\/www.co.deschutes.or.us\/","name":"Deschutes County","primary_latitude":"43.91","primary_longitude":"-121.25","state_abbreviation":"OR","state_name":"Oregon"},{"county_name":null,"description":null,"feat_class":"Civil","feature_id":"38759","fips_class":"H1","fips_county_cd":"19","full_county_name":null,"link_title":null,"url":"http:\/\/www.co.douglas.or.us\/","name":"Douglas County","primary_latitude":"43.33","primary_longitude":"-123.16","state_abbreviation":"OR","state_name":"Oregon"},{"county_name":null,"description":null,"feat_class":"Civil","feature_id":"38762","fips_class":"H1","fips_county_cd":"25","full_county_name":null,"link_title":null,"url":"http:\/\/www.co.harney.or.us\/","name":"Harney County","primary_latitude":"43.16","primary_longitude":"-119","state_abbreviation":"OR","state_name":"Oregon"},{"county_name":null,"description":null,"feat_class":"Civil","feature_id":"38763","fips_class":"H1","fips_county_cd":"27","full_county_name":null,"link_title":null,"url":"http:\/\/www.co.hood-river.or.us\/","name":"Hood River County","primary_latitude":"45.5","primary_longitude":"-121.63","state_abbreviation":"OR","state_name":"Oregon"},{"county_name":null,"description":null,"feat_class":"Civil","feature_id":"38764","fips_class":"H1","fips_county_cd":"29","full_county_name":null,"link_title":null,"url":"http:\/\/www.co.jackson.or.us\/","name":"Jackson County","primary_latitude":"42.41","primary_longitude":"-122.83","state_abbreviation":"OR","state_name":"Oregon"},{"county_name":null,"description":null,"feat_class":"Civil","feature_id":"38766","fips_class":"H1","fips_county_cd":"33","full_county_name":null,"link_title":null,"url":"http:\/\/www.co.josephine.or.us\/","name":"Josephine County","primary_latitude":"42.41","primary_longitude":"-123.58","state_abbreviation":"OR","state_name":"Oregon"},{"county_name":null,"description":null,"feat_class":"Civil","feature_id":"38767","fips_class":"H1","fips_county_cd":"35","full_county_name":null,"link_title":null,"url":"http:\/\/www.co.klamath.or.us\/","name":"Klamath County","primary_latitude":"42.66","primary_longitude":"-121.75","state_abbreviation":"OR","state_name":"Oregon"},{"county_name":null,"description":null,"feat_class":"Civil","feature_id":"38768","fips_class":"H1","fips_county_cd":"37","full_county_name":null,"link_title":null,"url":"http:\/\/www.lakecountyor.org\/","name":"Lake County","primary_latitude":"42.83","primary_longitude":"-120.5","state_abbreviation":"OR","state_name":"Oregon"},{"county_name":null,"description":null,"feat_class":"Civil","feature_id":"38769","fips_class":"H1","fips_county_cd":"39","full_county_name":null,"link_title":null,"url":"http:\/\/www.lanecounty.org\/","name":"Lane County","primary_latitude":"43.91","primary_longitude":"-122.83","state_abbreviation":"OR","state_name":"Oregon"},{"county_name":null,"description":null,"feat_class":"Civil","feature_id":"38770","fips_class":"H1","fips_county_cd":"41","full_county_name":null,"link_title":null,"url":"http:\/\/www.co.lincoln.or.us\/","name":"Lincoln County","primary_latitude":"44.66","primary_longitude":"-123.83","state_abbreviation":"OR","state_name":"Oregon"},{"county_name":null,"description":null,"feat_class":"Civil","feature_id":"38771","fips_class":"H1","fips_county_cd":"43","full_county_name":null,"link_title":null,"url":"http:\/\/www.co.linn.or.us\/","name":"Linn County","primary_latitude":"44.49","primary_longitude":"-122.58","state_abbreviation":"OR","state_name":"Oregon"},{"county_name":null,"description":null,"feat_class":"Civil","feature_id":"38772","fips_class":"H1","fips_county_cd":"45","full_county_name":null,"link_title":null,"url":"http:\/\/www.malheurco.org\/","name":"Malheur County","primary_latitude":"43.25","primary_longitude":"-117.66","state_abbreviation":"OR","state_name":"Oregon"},{"county_name":null,"description":null,"feat_class":"Civil","feature_id":"38773","fips_class":"H1","fips_county_cd":"47","full_county_name":null,"link_title":null,"url":"http:\/\/www.co.marion.or.us\/","name":"Marion County","primary_latitude":"44.86","primary_longitude":"-122.65","state_abbreviation":"OR","state_name":"Oregon"},{"county_name":null,"description":null,"feat_class":"Civil","feature_id":"38774","fips_class":"H1","fips_county_cd":"49","full_county_name":null,"link_title":null,"url":"http:\/\/morrowcountyoregon.com\/","name":"Morrow County","primary_latitude":"45.49","primary_longitude":"-119.55","state_abbreviation":"OR","state_name":"Oregon"},{"county_name":null,"description":null,"feat_class":"Civil","feature_id":"38775","fips_class":"H1","fips_county_cd":"51","full_county_name":null,"link_title":null,"url":"http:\/\/www.multco.us","name":"Multnomah County","primary_latitude":"45.5","primary_longitude":"-122.41","state_abbreviation":"OR","state_name":"Oregon"},{"county_name":null,"description":null,"feat_class":"Civil","feature_id":"38776","fips_class":"H1","fips_county_cd":"53","full_county_name":null,"link_title":null,"url":"http:\/\/www.co.polk.or.us\/","name":"Polk County","primary_latitude":"44.86","primary_longitude":"-123.45","state_abbreviation":"OR","state_name":"Oregon"},{"county_name":null,"description":null,"feat_class":"Civil","feature_id":"38777","fips_class":"H1","fips_county_cd":"55","full_county_name":null,"link_title":null,"url":"http:\/\/www.sherman-county.com\/","name":"Sherman County","primary_latitude":"45.41","primary_longitude":"-120.66","state_abbreviation":"OR","state_name":"Oregon"},{"county_name":null,"description":null,"feat_class":"Civil","feature_id":"38778","fips_class":"H1","fips_county_cd":"57","full_county_name":null,"link_title":null,"url":"http:\/\/www.co.tillamook.or.us\/","name":"Tillamook County","primary_latitude":"45.51","primary_longitude":"-123.71","state_abbreviation":"OR","state_name":"Oregon"},{"county_name":null,"description":null,"feat_class":"Civil","feature_id":"38779","fips_class":"H1","fips_county_cd":"59","full_county_name":null,"link_title":null,"url":"http:\/\/www.co.umatilla.or.us\/","name":"Umatilla County","primary_latitude":"45.5","primary_longitude":"-118.5","state_abbreviation":"OR","state_name":"Oregon"},{"county_name":null,"description":null,"feat_class":"Civil","feature_id":"38780","fips_class":"H1","fips_county_cd":"61","full_county_name":null,"link_title":null,"url":"http:\/\/www.union-county.org\/","name":"Union County","primary_latitude":"45.36","primary_longitude":"-118","state_abbreviation":"OR","state_name":"Oregon"},{"county_name":null,"description":null,"feat_class":"Civil","feature_id":"38781","fips_class":"H1","fips_county_cd":"63","full_county_name":null,"link_title":null,"url":"http:\/\/www.co.wallowa.or.us\/","name":"Wallowa County","primary_latitude":"45.5","primary_longitude":"-117.16","state_abbreviation":"OR","state_name":"Oregon"},{"county_name":null,"description":null,"feat_class":"Civil","feature_id":"38782","fips_class":"H1","fips_county_cd":"65","full_county_name":null,"link_title":null,"url":"http:\/\/co.wasco.or.us\/","name":"Wasco County","primary_latitude":"45.16","primary_longitude":"-121.25","state_abbreviation":"OR","state_name":"Oregon"},{"county_name":null,"description":null,"feat_class":"Civil","feature_id":"38783","fips_class":"H1","fips_county_cd":"67","full_county_name":null,"link_title":null,"url":"http:\/\/www.co.washington.or.us\/","name":"Washington County","primary_latitude":"45.49","primary_longitude":"-123.09","state_abbreviation":"OR","state_name":"Oregon"},{"county_name":null,"description":null,"feat_class":"Civil","feature_id":"38785","fips_class":"H1","fips_county_cd":"71","full_county_name":null,"link_title":null,"url":"http:\/\/www.co.yamhill.or.us\/","name":"Yamhill County","primary_latitude":"45.21","primary_longitude":"-123.3","state_abbreviation":"OR","state_name":"Oregon"}]