[{"county_name":null,"description":null,"feat_class":"Civil","feature_id":"38845","fips_class":"H1","fips_county_cd":"119","full_county_name":null,"link_title":null,"url":"http:\/\/www.unionco.org\/","name":"Union County","primary_latitude":"41.12","primary_longitude":"-76.91","state_abbreviation":"PA","state_name":"Pennsylvania"},{"county_name":null,"description":null,"feat_class":"Civil","feature_id":"38806","fips_class":"H1","fips_county_cd":"41","full_county_name":null,"link_title":null,"url":"http:\/\/www.ccpa.net\/","name":"Cumberland County","primary_latitude":"40.25","primary_longitude":"-77.37","state_abbreviation":"PA","state_name":"Pennsylvania"},{"county_name":null,"description":null,"feat_class":"Civil","feature_id":"38846","fips_class":"H1","fips_county_cd":"121","full_county_name":null,"link_title":null,"url":"http:\/\/www.co.venango.pa.us\/","name":"Venango County","primary_latitude":"41.5","primary_longitude":"-79.87","state_abbreviation":"PA","state_name":"Pennsylvania"},{"county_name":null,"description":null,"feat_class":"Civil","feature_id":"38807","fips_class":"H1","fips_county_cd":"43","full_county_name":null,"link_title":null,"url":"http:\/\/www.dauphincounty.org\/","name":"Dauphin County","primary_latitude":"40.62","primary_longitude":"-76.75","state_abbreviation":"PA","state_name":"Pennsylvania"},{"county_name":null,"description":null,"feat_class":"Civil","feature_id":"38808","fips_class":"H1","fips_county_cd":"45","full_county_name":null,"link_title":null,"url":"http:\/\/www.co.delaware.pa.us\/","name":"Delaware County","primary_latitude":"40","primary_longitude":"-75.37","state_abbreviation":"PA","state_name":"Pennsylvania"},{"county_name":null,"description":null,"feat_class":"Civil","feature_id":"38848","fips_class":"H1","fips_county_cd":"125","full_county_name":null,"link_title":null,"url":"http:\/\/www.co.washington.pa.us\/","name":"Washington County","primary_latitude":"40.37","primary_longitude":"-80.5","state_abbreviation":"PA","state_name":"Pennsylvania"},{"county_name":null,"description":null,"feat_class":"Civil","feature_id":"38809","fips_class":"H1","fips_county_cd":"47","full_county_name":null,"link_title":null,"url":"http:\/\/www.co.elk.pa.us\/","name":"Elk County","primary_latitude":"41.62","primary_longitude":"-78.64","state_abbreviation":"PA","state_name":"Pennsylvania"},{"county_name":null,"description":null,"feat_class":"Civil","feature_id":"38849","fips_class":"H1","fips_county_cd":"127","full_county_name":null,"link_title":null,"url":"http:\/\/www.co.wayne.pa.us\/","name":"Wayne County","primary_latitude":"41.87","primary_longitude":"-75.37","state_abbreviation":"PA","state_name":"Pennsylvania"},{"county_name":null,"description":null,"feat_class":"Civil","feature_id":"38810","fips_class":"H1","fips_county_cd":"49","full_county_name":null,"link_title":null,"url":"http:\/\/www.eriecountygov.org\/","name":"Erie County","primary_latitude":"41.12","primary_longitude":"-80","state_abbreviation":"PA","state_name":"Pennsylvania"},{"county_name":null,"description":null,"feat_class":"Civil","feature_id":"38850","fips_class":"H1","fips_county_cd":"129","full_county_name":null,"link_title":null,"url":"http:\/\/www.co.westmoreland.pa.us\/","name":"Westmoreland County","primary_latitude":"40.62","primary_longitude":"-79.62","state_abbreviation":"PA","state_name":"Pennsylvania"},{"county_name":null,"description":null,"feat_class":"Civil","feature_id":"38811","fips_class":"H1","fips_county_cd":"51","full_county_name":null,"link_title":null,"url":"http:\/\/www.fayettepa.org\/","name":"Fayette County","primary_latitude":"40.12","primary_longitude":"-79.75","state_abbreviation":"PA","state_name":"Pennsylvania"},{"county_name":null,"description":null,"feat_class":"Civil","feature_id":"38851","fips_class":"H1","fips_county_cd":"131","full_county_name":null,"link_title":null,"url":"http:\/\/www.wyocopa.org\/","name":"Wyoming County","primary_latitude":"41.62","primary_longitude":"-76.12","state_abbreviation":"PA","state_name":"Pennsylvania"},{"county_name":null,"description":null,"feat_class":"Civil","feature_id":"38813","fips_class":"H1","fips_county_cd":"55","full_county_name":null,"link_title":null,"url":"http:\/\/www.co.franklin.pa.us\/","name":"Franklin County","primary_latitude":"40.25","primary_longitude":"-77.66","state_abbreviation":"PA","state_name":"Pennsylvania"},{"county_name":null,"description":null,"feat_class":"Civil","feature_id":"38852","fips_class":"H1","fips_county_cd":"133","full_county_name":null,"link_title":null,"url":"http:\/\/www.york-county.org\/","name":"York County","primary_latitude":"40.12","primary_longitude":"-76.99","state_abbreviation":"PA","state_name":"Pennsylvania"},{"county_name":null,"description":null,"feat_class":"Civil","feature_id":"38816","fips_class":"H1","fips_county_cd":"61","full_county_name":null,"link_title":null,"url":"http:\/\/www.huntingdoncounty.net\/","name":"Huntingdon County","primary_latitude":"40.62","primary_longitude":"-78.12","state_abbreviation":"PA","state_name":"Pennsylvania"},{"county_name":null,"description":null,"feat_class":"Civil","feature_id":"38817","fips_class":"H1","fips_county_cd":"63","full_county_name":null,"link_title":null,"url":"http:\/\/www.countyofindiana.org\/","name":"Indiana County","primary_latitude":"40.87","primary_longitude":"-79.12","state_abbreviation":"PA","state_name":"Pennsylvania"},{"county_name":null,"description":null,"feat_class":"Civil","feature_id":"38819","fips_class":"H1","fips_county_cd":"67","full_county_name":null,"link_title":null,"url":"http:\/\/www.co.juniata.pa.us\/","name":"Juniata County","primary_latitude":"40.62","primary_longitude":"-77.37","state_abbreviation":"PA","state_name":"Pennsylvania"},{"county_name":null,"description":null,"feat_class":"Civil","feature_id":"38820","fips_class":"H1","fips_county_cd":"69","full_county_name":null,"link_title":null,"url":"http:\/\/www.lackawannacounty.org\/","name":"Lackawanna County","primary_latitude":"41.62","primary_longitude":"-75.62","state_abbreviation":"PA","state_name":"Pennsylvania"},{"county_name":null,"description":null,"feat_class":"Civil","feature_id":"38821","fips_class":"H1","fips_county_cd":"71","full_county_name":null,"link_title":null,"url":"http:\/\/www.co.lancaster.pa.us\/","name":"Lancaster County","primary_latitude":"40.25","primary_longitude":"-76.24","state_abbreviation":"PA","state_name":"Pennsylvania"},{"county_name":null,"description":null,"feat_class":"Civil","feature_id":"38822","fips_class":"H1","fips_county_cd":"73","full_county_name":null,"link_title":null,"url":"http:\/\/www.co.lawrence.pa.us\/","name":"Lawrence County","primary_latitude":"41","primary_longitude":"-80.5","state_abbreviation":"PA","state_name":"Pennsylvania"},{"county_name":null,"description":null,"feat_class":"Civil","feature_id":"38823","fips_class":"H1","fips_county_cd":"75","full_county_name":null,"link_title":null,"url":"http:\/\/www.lebcounty.org\/","name":"Lebanon County","primary_latitude":"40.5","primary_longitude":"-76.62","state_abbreviation":"PA","state_name":"Pennsylvania"},{"county_name":null,"description":null,"feat_class":"Civil","feature_id":"38824","fips_class":"H1","fips_county_cd":"77","full_county_name":null,"link_title":null,"url":"http:\/\/www.lehighcounty.org\/","name":"Lehigh County","primary_latitude":"40.75","primary_longitude":"-75.62","state_abbreviation":"PA","state_name":"Pennsylvania"},{"county_name":null,"description":null,"feat_class":"Civil","feature_id":"38825","fips_class":"H1","fips_county_cd":"79","full_county_name":null,"link_title":null,"url":"http:\/\/www.luzernecounty.org\/","name":"Luzerne County","primary_latitude":"41.37","primary_longitude":"-76.24","state_abbreviation":"PA","state_name":"Pennsylvania"},{"county_name":null,"description":null,"feat_class":"Civil","feature_id":"38786","fips_class":"H1","fips_county_cd":"1","full_county_name":null,"link_title":null,"url":"http:\/\/www.adamscounty.us\/","name":"Adams County","primary_latitude":"39.75","primary_longitude":"-77.37","state_abbreviation":"PA","state_name":"Pennsylvania"},{"county_name":null,"description":null,"feat_class":"Civil","feature_id":"38826","fips_class":"H1","fips_county_cd":"81","full_county_name":null,"link_title":null,"url":"http:\/\/www.lyco.org\/","name":"Lycoming County","primary_latitude":"41.5","primary_longitude":"-77.49","state_abbreviation":"PA","state_name":"Pennsylvania"},{"county_name":null,"description":null,"feat_class":"Civil","feature_id":"38787","fips_class":"H1","fips_county_cd":"3","full_county_name":null,"link_title":null,"url":"http:\/\/www.county.allegheny.pa.us\/","name":"Allegheny County","primary_latitude":"40.62","primary_longitude":"-80.12","state_abbreviation":"PA","state_name":"Pennsylvania"},{"county_name":null,"description":null,"feat_class":"Civil","feature_id":"38828","fips_class":"H1","fips_county_cd":"85","full_county_name":null,"link_title":null,"url":"http:\/\/www.mcc.co.mercer.pa.us\/","name":"Mercer County","primary_latitude":"41.37","primary_longitude":"-80.5","state_abbreviation":"PA","state_name":"Pennsylvania"},{"county_name":null,"description":null,"feat_class":"Civil","feature_id":"38789","fips_class":"H1","fips_county_cd":"7","full_county_name":null,"link_title":null,"url":"http:\/\/www.beavercountypa.gov\/","name":"Beaver County","primary_latitude":"40.75","primary_longitude":"-80.5","state_abbreviation":"PA","state_name":"Pennsylvania"},{"county_name":null,"description":null,"feat_class":"Civil","feature_id":"38829","fips_class":"H1","fips_county_cd":"87","full_county_name":null,"link_title":null,"url":"http:\/\/www.co.mifflin.pa.us\/","name":"Mifflin County","primary_latitude":"40.75","primary_longitude":"-77.49","state_abbreviation":"PA","state_name":"Pennsylvania"},{"county_name":null,"description":null,"feat_class":"Civil","feature_id":"38791","fips_class":"H1","fips_county_cd":"11","full_county_name":null,"link_title":null,"url":"http:\/\/www.co.berks.pa.us\/","name":"Berks County","primary_latitude":"40.62","primary_longitude":"-75.87","state_abbreviation":"PA","state_name":"Pennsylvania"},{"county_name":null,"description":null,"feat_class":"Civil","feature_id":"38830","fips_class":"H1","fips_county_cd":"89","full_county_name":null,"link_title":null,"url":"http:\/\/www.co.monroe.pa.us\/","name":"Monroe County","primary_latitude":"41.25","primary_longitude":"-75.14","state_abbreviation":"PA","state_name":"Pennsylvania"},{"county_name":null,"description":null,"feat_class":"Civil","feature_id":"38793","fips_class":"H1","fips_county_cd":"15","full_county_name":null,"link_title":null,"url":"http:\/\/www.bradfordcountypa.org\/","name":"Bradford County","primary_latitude":"41.87","primary_longitude":"-76.87","state_abbreviation":"PA","state_name":"Pennsylvania"},{"county_name":null,"description":null,"feat_class":"Civil","feature_id":"38831","fips_class":"H1","fips_county_cd":"91","full_county_name":null,"link_title":null,"url":"http:\/\/www.montcopa.org\/","name":"Montgomery County","primary_latitude":"40.37","primary_longitude":"-75.49","state_abbreviation":"PA","state_name":"Pennsylvania"},{"county_name":null,"description":null,"feat_class":"Civil","feature_id":"38832","fips_class":"H1","fips_county_cd":"93","full_county_name":null,"link_title":null,"url":"http:\/\/www.montourco.org\/","name":"Montour County","primary_latitude":"41.12","primary_longitude":"-76.64","state_abbreviation":"PA","state_name":"Pennsylvania"},{"county_name":null,"description":null,"feat_class":"Civil","feature_id":"38794","fips_class":"H1","fips_county_cd":"17","full_county_name":null,"link_title":null,"url":"http:\/\/www.buckscounty.org\/","name":"Bucks County","primary_latitude":"40.5","primary_longitude":"-75.37","state_abbreviation":"PA","state_name":"Pennsylvania"},{"county_name":null,"description":null,"feat_class":"Civil","feature_id":"38833","fips_class":"H1","fips_county_cd":"95","full_county_name":null,"link_title":null,"url":"http:\/\/www.northamptoncounty.org\/","name":"Northampton County","primary_latitude":"40.87","primary_longitude":"-75.24","state_abbreviation":"PA","state_name":"Pennsylvania"},{"county_name":null,"description":null,"feat_class":"Civil","feature_id":"38795","fips_class":"H1","fips_county_cd":"19","full_county_name":null,"link_title":null,"url":"http:\/\/www.co.butler.pa.us\/","name":"Butler County","primary_latitude":"41.12","primary_longitude":"-80","state_abbreviation":"PA","state_name":"Pennsylvania"},{"county_name":null,"description":null,"feat_class":"Civil","feature_id":"38834","fips_class":"H1","fips_county_cd":"97","full_county_name":null,"link_title":null,"url":"http:\/\/www.northumberlandco.org\/","name":"Northumberland County","primary_latitude":"40.85","primary_longitude":"-76.66","state_abbreviation":"PA","state_name":"Pennsylvania"},{"county_name":null,"description":null,"feat_class":"Civil","feature_id":"38796","fips_class":"H1","fips_county_cd":"21","full_county_name":null,"link_title":null,"url":"http:\/\/www.co.cambria.pa.us\/","name":"Cambria County","primary_latitude":"40.62","primary_longitude":"-78.75","state_abbreviation":"PA","state_name":"Pennsylvania"},{"county_name":null,"description":null,"feat_class":"Civil","feature_id":"38835","fips_class":"H1","fips_county_cd":"99","full_county_name":null,"link_title":null,"url":"http:\/\/www.perryco.org\/","name":"Perry County","primary_latitude":"40.5","primary_longitude":"-77.24","state_abbreviation":"PA","state_name":"Pennsylvania"},{"county_name":null,"description":null,"feat_class":"Civil","feature_id":"38798","fips_class":"H1","fips_county_cd":"25","full_county_name":null,"link_title":null,"url":"http:\/\/www.carboncounty.com\/","name":"Carbon County","primary_latitude":"41.12","primary_longitude":"-75.67","state_abbreviation":"PA","state_name":"Pennsylvania"},{"county_name":null,"description":null,"feat_class":"Civil","feature_id":"38799","fips_class":"H1","fips_county_cd":"27","full_county_name":null,"link_title":null,"url":"http:\/\/www.co.centre.pa.us\/","name":"Centre County","primary_latitude":"41.25","primary_longitude":"-77.89","state_abbreviation":"PA","state_name":"Pennsylvania"},{"county_name":null,"description":null,"feat_class":"Civil","feature_id":"38836","fips_class":"H6","fips_county_cd":"101","full_county_name":null,"link_title":null,"url":"http:\/\/www.phila.gov\/","name":"Philadelphia County","primary_latitude":"40.1253879","primary_longitude":"-74.9998916","state_abbreviation":"PA","state_name":"Pennsylvania"},{"county_name":null,"description":null,"feat_class":"Civil","feature_id":"38800","fips_class":"H1","fips_county_cd":"29","full_county_name":null,"link_title":null,"url":"http:\/\/www.chesco.org\/","name":"Chester County","primary_latitude":"40.12","primary_longitude":"-75.87","state_abbreviation":"PA","state_name":"Pennsylvania"},{"county_name":null,"description":null,"feat_class":"Civil","feature_id":"38837","fips_class":"H1","fips_county_cd":"103","full_county_name":null,"link_title":null,"url":"http:\/\/www.pikepa.org\/","name":"Pike County","primary_latitude":"41.5","primary_longitude":"-75.12","state_abbreviation":"PA","state_name":"Pennsylvania"},{"county_name":null,"description":null,"feat_class":"Civil","feature_id":"38801","fips_class":"H1","fips_county_cd":"31","full_county_name":null,"link_title":null,"url":"http:\/\/www.co.clarion.pa.us\/","name":"Clarion County","primary_latitude":"41.37","primary_longitude":"-79.37","state_abbreviation":"PA","state_name":"Pennsylvania"},{"county_name":null,"description":null,"feat_class":"Civil","feature_id":"38839","fips_class":"H1","fips_county_cd":"107","full_county_name":null,"link_title":null,"url":"http:\/\/www.co.schuylkill.pa.us\/","name":"Schuylkill County","primary_latitude":"40.87","primary_longitude":"-76.24","state_abbreviation":"PA","state_name":"Pennsylvania"},{"county_name":null,"description":null,"feat_class":"Civil","feature_id":"38802","fips_class":"H1","fips_county_cd":"33","full_county_name":null,"link_title":null,"url":"http:\/\/www.clearfieldco.org\/","name":"Clearfield County","primary_latitude":"41.12","primary_longitude":"-78.75","state_abbreviation":"PA","state_name":"Pennsylvania"},{"county_name":null,"description":null,"feat_class":"Civil","feature_id":"38840","fips_class":"H1","fips_county_cd":"109","full_county_name":null,"link_title":null,"url":"http:\/\/www.snydercounty.org\/","name":"Snyder County","primary_latitude":"40.77","primary_longitude":"-77.08","state_abbreviation":"PA","state_name":"Pennsylvania"},{"county_name":null,"description":null,"feat_class":"Civil","feature_id":"38803","fips_class":"H1","fips_county_cd":"35","full_county_name":null,"link_title":null,"url":"http:\/\/www.clintoncountypa.com\/","name":"Clinton County","primary_latitude":"41.37","primary_longitude":"-77.87","state_abbreviation":"PA","state_name":"Pennsylvania"},{"county_name":null,"description":null,"feat_class":"Civil","feature_id":"38841","fips_class":"H1","fips_county_cd":"111","full_county_name":null,"link_title":null,"url":"http:\/\/www.co.somerset.pa.us\/","name":"Somerset County","primary_latitude":"40.25","primary_longitude":"-79","state_abbreviation":"PA","state_name":"Pennsylvania"},{"county_name":null,"description":null,"feat_class":"Civil","feature_id":"38804","fips_class":"H1","fips_county_cd":"37","full_county_name":null,"link_title":null,"url":"http:\/\/www.columbiapa.org\/","name":"Columbia County","primary_latitude":"41.25","primary_longitude":"-76.37","state_abbreviation":"PA","state_name":"Pennsylvania"},{"county_name":null,"description":null,"feat_class":"Civil","feature_id":"38842","fips_class":"H1","fips_county_cd":"113","full_county_name":null,"link_title":null,"url":"http:\/\/www.sullivancounty-pa.us\/","name":"Sullivan County","primary_latitude":"41.5","primary_longitude":"-76.74","state_abbreviation":"PA","state_name":"Pennsylvania"},{"county_name":null,"description":null,"feat_class":"Civil","feature_id":"38843","fips_class":"H1","fips_county_cd":"115","full_county_name":null,"link_title":null,"url":"http:\/\/www.susquehanna.pa.us\/","name":"Susquehanna County","primary_latitude":"41.87","primary_longitude":"-76.12","state_abbreviation":"PA","state_name":"Pennsylvania"},{"county_name":null,"description":null,"feat_class":"Civil","feature_id":"38805","fips_class":"H1","fips_county_cd":"39","full_county_name":null,"link_title":null,"url":"http:\/\/www.crawfordcountypa.net","name":"Crawford County","primary_latitude":"41.75","primary_longitude":"-80.5","state_abbreviation":"PA","state_name":"Pennsylvania"}]