[{"county_name":null,"description":null,"feat_class":"Civil","feature_id":"38937","fips_class":"H1","fips_county_cd":"3","full_county_name":null,"link_title":null,"url":"http:\/\/www.aikencounty.net\/","name":"Aiken County","primary_latitude":"33.58","primary_longitude":"-81.59","state_abbreviation":"SC","state_name":"South Carolina"},{"county_name":null,"description":null,"feat_class":"Civil","feature_id":"38939","fips_class":"H1","fips_county_cd":"7","full_county_name":null,"link_title":null,"url":"http:\/\/www.andersoncountysc.org\/","name":"Anderson County","primary_latitude":"34.53","primary_longitude":"-82.64","state_abbreviation":"SC","state_name":"South Carolina"},{"county_name":null,"description":null,"feat_class":"Civil","feature_id":"38942","fips_class":"H1","fips_county_cd":"13","full_county_name":null,"link_title":null,"url":"http:\/\/www.co.beaufort.sc.us\/","name":"Beaufort County","primary_latitude":"32.36","primary_longitude":"-80.69","state_abbreviation":"SC","state_name":"South Carolina"},{"county_name":null,"description":null,"feat_class":"Civil","feature_id":"38943","fips_class":"H1","fips_county_cd":"15","full_county_name":null,"link_title":null,"url":"http:\/\/www.co.berkeley.sc.us\/","name":"Berkeley County","primary_latitude":"33.18","primary_longitude":"-79.94","state_abbreviation":"SC","state_name":"South Carolina"},{"county_name":null,"description":null,"feat_class":"Civil","feature_id":"38945","fips_class":"H1","fips_county_cd":"19","full_county_name":null,"link_title":null,"url":"http:\/\/www.charlestoncounty.org\/","name":"Charleston County","primary_latitude":"32.76","primary_longitude":"-79.96","state_abbreviation":"SC","state_name":"South Carolina"},{"county_name":null,"description":null,"feat_class":"Civil","feature_id":"38950","fips_class":"H1","fips_county_cd":"29","full_county_name":null,"link_title":null,"url":"http:\/\/www.colletoncounty.org\/","name":"Colleton County","primary_latitude":"32.85","primary_longitude":"-80.66","state_abbreviation":"SC","state_name":"South Carolina"},{"county_name":null,"description":null,"feat_class":"Civil","feature_id":"38951","fips_class":"H1","fips_county_cd":"31","full_county_name":null,"link_title":null,"url":"http:\/\/www.darcosc.com\/","name":"Darlington County","primary_latitude":"34.33","primary_longitude":"-79.96","state_abbreviation":"SC","state_name":"South Carolina"},{"county_name":null,"description":null,"feat_class":"Civil","feature_id":"38953","fips_class":"H1","fips_county_cd":"35","full_county_name":null,"link_title":null,"url":"http:\/\/www.dorchestercounty.net\/","name":"Dorchester County","primary_latitude":"33.1","primary_longitude":"-80.38","state_abbreviation":"SC","state_name":"South Carolina"},{"county_name":null,"description":null,"feat_class":"Civil","feature_id":"38954","fips_class":"H1","fips_county_cd":"37","full_county_name":null,"link_title":null,"url":"http:\/\/www.edgefieldcounty.sc.gov\/","name":"Edgefield County","primary_latitude":"33.78","primary_longitude":"-81.96","state_abbreviation":"SC","state_name":"South Carolina"},{"county_name":null,"description":null,"feat_class":"Civil","feature_id":"38956","fips_class":"H1","fips_county_cd":"41","full_county_name":null,"link_title":null,"url":"http:\/\/www.florenceco.org\/","name":"Florence County","primary_latitude":"34.05","primary_longitude":"-79.66","state_abbreviation":"SC","state_name":"South Carolina"},{"county_name":null,"description":null,"feat_class":"Civil","feature_id":"38957","fips_class":"H1","fips_county_cd":"43","full_county_name":null,"link_title":null,"url":"http:\/\/www.georgetowncountysc.org\/","name":"Georgetown County","primary_latitude":"33.45","primary_longitude":"-79.34","state_abbreviation":"SC","state_name":"South Carolina"},{"county_name":null,"description":null,"feat_class":"Civil","feature_id":"38958","fips_class":"H1","fips_county_cd":"45","full_county_name":null,"link_title":null,"url":"http:\/\/www.greenvillecounty.org\/","name":"Greenville County","primary_latitude":"34.88","primary_longitude":"-82.36","state_abbreviation":"SC","state_name":"South Carolina"},{"county_name":null,"description":null,"feat_class":"Civil","feature_id":"38959","fips_class":"H1","fips_county_cd":"47","full_county_name":null,"link_title":null,"url":"http:\/\/www.co.greenwood.sc.us\/","name":"Greenwood County","primary_latitude":"34.16","primary_longitude":"-82.11","state_abbreviation":"SC","state_name":"South Carolina"},{"county_name":null,"description":null,"feat_class":"Civil","feature_id":"38960","fips_class":"H1","fips_county_cd":"49","full_county_name":null,"link_title":null,"url":"http:\/\/www.hamptoncountysc.org\/","name":"Hampton County","primary_latitude":"32.8","primary_longitude":"-81.11","state_abbreviation":"SC","state_name":"South Carolina"},{"county_name":null,"description":null,"feat_class":"Civil","feature_id":"38961","fips_class":"H1","fips_county_cd":"51","full_county_name":null,"link_title":null,"url":"http:\/\/www.horrycounty.org\/","name":"Horry County","primary_latitude":"33.91","primary_longitude":"-78.98","state_abbreviation":"SC","state_name":"South Carolina"},{"county_name":null,"description":null,"feat_class":"Civil","feature_id":"38962","fips_class":"H1","fips_county_cd":"53","full_county_name":null,"link_title":null,"url":"http:\/\/www.jaspercountysc.org\/","name":"Jasper County","primary_latitude":"32.41","primary_longitude":"-81.01","state_abbreviation":"SC","state_name":"South Carolina"},{"county_name":null,"description":null,"feat_class":"Civil","feature_id":"38964","fips_class":"H1","fips_county_cd":"57","full_county_name":null,"link_title":null,"url":"http:\/\/www.lancastercountysc.net\/","name":"Lancaster County","primary_latitude":"34.7","primary_longitude":"-80.76","state_abbreviation":"SC","state_name":"South Carolina"},{"county_name":null,"description":null,"feat_class":"Civil","feature_id":"38965","fips_class":"H1","fips_county_cd":"59","full_county_name":null,"link_title":null,"url":"http:\/\/www.laurenscountysc.org\/","name":"Laurens County","primary_latitude":"34.5","primary_longitude":"-82","state_abbreviation":"SC","state_name":"South Carolina"},{"county_name":null,"description":null,"feat_class":"Civil","feature_id":"38967","fips_class":"H1","fips_county_cd":"63","full_county_name":null,"link_title":null,"url":"http:\/\/www.lex-co.com\/","name":"Lexington County","primary_latitude":"33.9","primary_longitude":"-81.29","state_abbreviation":"SC","state_name":"South Carolina"},{"county_name":null,"description":null,"feat_class":"Civil","feature_id":"38968","fips_class":"H1","fips_county_cd":"67","full_county_name":null,"link_title":null,"url":"http:\/\/www.marionsc.gov\/","name":"Marion County","primary_latitude":"34.08","primary_longitude":"-79.43","state_abbreviation":"SC","state_name":"South Carolina"},{"county_name":null,"description":null,"feat_class":"Civil","feature_id":"38969","fips_class":"H1","fips_county_cd":"69","full_county_name":null,"link_title":null,"url":"http:\/\/www.marlborocounty.sc.gov\/","name":"Marlboro County","primary_latitude":"34.58","primary_longitude":"-79.66","state_abbreviation":"SC","state_name":"South Carolina"},{"county_name":null,"description":null,"feat_class":"Civil","feature_id":"38971","fips_class":"H1","fips_county_cd":"71","full_county_name":null,"link_title":null,"url":"http:\/\/www.newberrycounty.net\/","name":"Newberry County","primary_latitude":"34.3","primary_longitude":"-81.61","state_abbreviation":"SC","state_name":"South Carolina"},{"county_name":null,"description":null,"feat_class":"Civil","feature_id":"38972","fips_class":"H1","fips_county_cd":"73","full_county_name":null,"link_title":null,"url":"http:\/\/www.oconeesc.com\/","name":"Oconee County","primary_latitude":"34.76","primary_longitude":"-83.08","state_abbreviation":"SC","state_name":"South Carolina"},{"county_name":null,"description":null,"feat_class":"Civil","feature_id":"38973","fips_class":"H1","fips_county_cd":"75","full_county_name":null,"link_title":null,"url":"http:\/\/www.orangeburgcounty.org\/","name":"Orangeburg County","primary_latitude":"33.43","primary_longitude":"-80.76","state_abbreviation":"SC","state_name":"South Carolina"},{"county_name":null,"description":null,"feat_class":"Civil","feature_id":"38974","fips_class":"H1","fips_county_cd":"77","full_county_name":null,"link_title":null,"url":"http:\/\/www.co.pickens.sc.us\/","name":"Pickens County","primary_latitude":"34.91","primary_longitude":"-82.71","state_abbreviation":"SC","state_name":"South Carolina"},{"county_name":null,"description":null,"feat_class":"Civil","feature_id":"38975","fips_class":"H1","fips_county_cd":"79","full_county_name":null,"link_title":null,"url":"http:\/\/www.richlandonline.com\/","name":"Richland County","primary_latitude":"34.01","primary_longitude":"-80.91","state_abbreviation":"SC","state_name":"South Carolina"},{"county_name":null,"description":null,"feat_class":"Civil","feature_id":"38976","fips_class":"H1","fips_county_cd":"81","full_county_name":null,"link_title":null,"url":"http:\/\/www.saludacounty.sc.gov\/","name":"Saluda County","primary_latitude":"34","primary_longitude":"-81.75","state_abbreviation":"SC","state_name":"South Carolina"},{"county_name":null,"description":null,"feat_class":"Civil","feature_id":"38977","fips_class":"H1","fips_county_cd":"83","full_county_name":null,"link_title":null,"url":"http:\/\/www.co.spartanburg.sc.us\/","name":"Spartanburg County","primary_latitude":"34.93","primary_longitude":"-81.98","state_abbreviation":"SC","state_name":"South Carolina"},{"county_name":null,"description":null,"feat_class":"Civil","feature_id":"38978","fips_class":"H1","fips_county_cd":"85","full_county_name":null,"link_title":null,"url":"http:\/\/www.sumtercountysc.org\/","name":"Sumter County","primary_latitude":"33.86","primary_longitude":"-80.39","state_abbreviation":"SC","state_name":"South Carolina"},{"county_name":null,"description":null,"feat_class":"Civil","feature_id":"38979","fips_class":"H1","fips_county_cd":"87","full_county_name":null,"link_title":null,"url":"http:\/\/www.countyofunion.org\/","name":"Union County","primary_latitude":"34.7","primary_longitude":"-81.63","state_abbreviation":"SC","state_name":"South Carolina"},{"county_name":null,"description":null,"feat_class":"Civil","feature_id":"38980","fips_class":"H1","fips_county_cd":"89","full_county_name":null,"link_title":null,"url":"http:\/\/www.williamsburgcounty.sc.gov\/","name":"Williamsburg County","primary_latitude":"33.63","primary_longitude":"-79.73","state_abbreviation":"SC","state_name":"South Carolina"},{"county_name":null,"description":null,"feat_class":"Civil","feature_id":"38981","fips_class":"H1","fips_county_cd":"91","full_county_name":null,"link_title":null,"url":"http:\/\/www.yorkcountygov.com\/","name":"York County","primary_latitude":"34.98","primary_longitude":"-81.18","state_abbreviation":"SC","state_name":"South Carolina"}]