[{"county_name":null,"description":null,"feat_class":"Civil","feature_id":"39053","fips_class":"H1","fips_county_cd":"11","full_county_name":null,"link_title":null,"url":"http:\/\/www.bradleyco.net\/","name":"Bradley County","primary_latitude":"35.15","primary_longitude":"-84.86","state_abbreviation":"TN","state_name":"Tennessee"},{"county_name":null,"description":null,"feat_class":"Civil","feature_id":"39054","fips_class":"H1","fips_county_cd":"13","full_county_name":null,"link_title":null,"url":"http:\/\/co.campbell.tn.us\/","name":"Campbell County","primary_latitude":"36.4","primary_longitude":"-84.13","state_abbreviation":"TN","state_name":"Tennessee"},{"county_name":null,"description":null,"feat_class":"Civil","feature_id":"39061","fips_class":"H1","fips_county_cd":"27","full_county_name":null,"link_title":null,"url":"http:\/\/www.dalehollowlake.org\/","name":"Clay County","primary_latitude":"36.55","primary_longitude":"-85.53","state_abbreviation":"TN","state_name":"Tennessee"},{"county_name":null,"description":null,"feat_class":"Civil","feature_id":"39063","fips_class":"H1","fips_county_cd":"31","full_county_name":null,"link_title":null,"url":"http:\/\/www.coffeecountytn.org\/","name":"Coffee County","primary_latitude":"35.48","primary_longitude":"-86.06","state_abbreviation":"TN","state_name":"Tennessee"},{"county_name":null,"description":null,"feat_class":"Civil","feature_id":"39065","fips_class":"H1","fips_county_cd":"35","full_county_name":null,"link_title":null,"url":"http:\/\/www.brockhill.org\/","name":"Cumberland County","primary_latitude":"35.95","primary_longitude":"-84.96","state_abbreviation":"TN","state_name":"Tennessee"},{"county_name":null,"description":null,"feat_class":"Civil","feature_id":"39066","fips_class":"H6","fips_county_cd":"37","full_county_name":null,"link_title":null,"url":"http:\/\/www.nashville.gov\/","name":"Davidson County","primary_latitude":"36.1500571","primary_longitude":"-86.7833322","state_abbreviation":"TN","state_name":"Tennessee"},{"county_name":null,"description":null,"feat_class":"Civil","feature_id":"39067","fips_class":"H1","fips_county_cd":"39","full_county_name":null,"link_title":null,"url":"http:\/\/www.decaturcountytn.org\/","name":"Decatur County","primary_latitude":"35.63","primary_longitude":"-88.11","state_abbreviation":"TN","state_name":"Tennessee"},{"county_name":null,"description":null,"feat_class":"Civil","feature_id":"39071","fips_class":"H1","fips_county_cd":"47","full_county_name":null,"link_title":null,"url":"http:\/\/www.fayettetn.us\/","name":"Fayette County","primary_latitude":"35.2","primary_longitude":"-89.41","state_abbreviation":"TN","state_name":"Tennessee"},{"county_name":null,"description":null,"feat_class":"Civil","feature_id":"39073","fips_class":"H1","fips_county_cd":"51","full_county_name":null,"link_title":null,"url":"http:\/\/www.franklincotn.us\/","name":"Franklin County","primary_latitude":"35.16","primary_longitude":"-86.08","state_abbreviation":"TN","state_name":"Tennessee"},{"county_name":null,"description":null,"feat_class":"Civil","feature_id":"39075","fips_class":"H1","fips_county_cd":"55","full_county_name":null,"link_title":null,"url":"http:\/\/www.gilescounty-tn.us\/","name":"Giles County","primary_latitude":"35.23","primary_longitude":"-87.03","state_abbreviation":"TN","state_name":"Tennessee"},{"county_name":null,"description":null,"feat_class":"Civil","feature_id":"39080","fips_class":"H1","fips_county_cd":"65","full_county_name":null,"link_title":null,"url":"http:\/\/www.hamiltontn.gov\/","name":"Hamilton County","primary_latitude":"35.2","primary_longitude":"-85.14","state_abbreviation":"TN","state_name":"Tennessee"},{"county_name":null,"description":null,"feat_class":"Civil","feature_id":"39087","fips_class":"H1","fips_county_cd":"79","full_county_name":null,"link_title":null,"url":"http:\/\/www.henryco.com\/","name":"Henry County","primary_latitude":"36.33","primary_longitude":"-88.31","state_abbreviation":"TN","state_name":"Tennessee"},{"county_name":null,"description":null,"feat_class":"Civil","feature_id":"39088","fips_class":"H1","fips_county_cd":"81","full_county_name":null,"link_title":null,"url":"http:\/\/www.hickmanco.com\/","name":"Hickman County","primary_latitude":"35.8","primary_longitude":"-87.48","state_abbreviation":"TN","state_name":"Tennessee"},{"county_name":null,"description":null,"feat_class":"Civil","feature_id":"39091","fips_class":"H1","fips_county_cd":"87","full_county_name":null,"link_title":null,"url":"http:\/\/www.jacksonco.com\/","name":"Jackson County","primary_latitude":"36.36","primary_longitude":"-85.64","state_abbreviation":"TN","state_name":"Tennessee"},{"county_name":null,"description":null,"feat_class":"Civil","feature_id":"39094","fips_class":"H1","fips_county_cd":"93","full_county_name":null,"link_title":null,"url":"http:\/\/www.knoxcounty.org\/","name":"Knox County","primary_latitude":"36.01","primary_longitude":"-83.93","state_abbreviation":"TN","state_name":"Tennessee"},{"county_name":null,"description":null,"feat_class":"Civil","feature_id":"39097","fips_class":"H1","fips_county_cd":"99","full_county_name":null,"link_title":null,"url":"http:\/\/www.lawcotn.org\/","name":"Lawrence County","primary_latitude":"35.21","primary_longitude":"-87.4","state_abbreviation":"TN","state_name":"Tennessee"},{"county_name":null,"description":null,"feat_class":"Civil","feature_id":"39100","fips_class":"H1","fips_county_cd":"105","full_county_name":null,"link_title":null,"url":"http:\/\/www.loudoncounty.com\/","name":"Loudon County","primary_latitude":"35.73","primary_longitude":"-84.31","state_abbreviation":"TN","state_name":"Tennessee"},{"county_name":null,"description":null,"feat_class":"Civil","feature_id":"39101","fips_class":"H1","fips_county_cd":"111","full_county_name":null,"link_title":null,"url":"http:\/\/www.maconcountytn.com\/","name":"Macon County","primary_latitude":"36.53","primary_longitude":"-86.03","state_abbreviation":"TN","state_name":"Tennessee"},{"county_name":null,"description":null,"feat_class":"Civil","feature_id":"39102","fips_class":"H1","fips_county_cd":"113","full_county_name":null,"link_title":null,"url":"http:\/\/www.co.madison.tn.us\/","name":"Madison County","primary_latitude":"35.61","primary_longitude":"-88.85","state_abbreviation":"TN","state_name":"Tennessee"},{"county_name":null,"description":null,"feat_class":"Civil","feature_id":"39104","fips_class":"H1","fips_county_cd":"117","full_county_name":null,"link_title":null,"url":"http:\/\/www.marshallcountytn.com\/","name":"Marshall County","primary_latitude":"35.46","primary_longitude":"-86.76","state_abbreviation":"TN","state_name":"Tennessee"},{"county_name":null,"description":null,"feat_class":"Civil","feature_id":"39106","fips_class":"H1","fips_county_cd":"107","full_county_name":null,"link_title":null,"url":"http:\/\/www.mcminncounty.org\/","name":"McMinn County","primary_latitude":"35.43","primary_longitude":"-84.59","state_abbreviation":"TN","state_name":"Tennessee"},{"county_name":null,"description":null,"feat_class":"Civil","feature_id":"39109","fips_class":"H1","fips_county_cd":"123","full_county_name":null,"link_title":null,"url":"http:\/\/www.monroegovernment.org\/","name":"Monroe County","primary_latitude":"35.45","primary_longitude":"-84.23","state_abbreviation":"TN","state_name":"Tennessee"},{"county_name":null,"description":null,"feat_class":"Civil","feature_id":"39110","fips_class":"H1","fips_county_cd":"125","full_county_name":null,"link_title":null,"url":"http:\/\/www.mcgtn.org\/","name":"Montgomery County","primary_latitude":"36.48","primary_longitude":"-87.48","state_abbreviation":"TN","state_name":"Tennessee"},{"county_name":null,"description":null,"feat_class":"Civil","feature_id":"39115","fips_class":"H1","fips_county_cd":"135","full_county_name":null,"link_title":null,"url":"http:\/\/www.perrycountytennessee.com\/","name":"Perry County","primary_latitude":"35.65","primary_longitude":"-87.86","state_abbreviation":"TN","state_name":"Tennessee"},{"county_name":null,"description":null,"feat_class":"Civil","feature_id":"39116","fips_class":"H1","fips_county_cd":"137","full_county_name":null,"link_title":null,"url":"http:\/\/www.dalehollow.com\/","name":"Pickett County","primary_latitude":"36.55","primary_longitude":"-85.06","state_abbreviation":"TN","state_name":"Tennessee"},{"county_name":null,"description":null,"feat_class":"Civil","feature_id":"39118","fips_class":"H1","fips_county_cd":"141","full_county_name":null,"link_title":null,"url":"http:\/\/www.putnamcountytn.gov\/","name":"Putnam County","primary_latitude":"36.16","primary_longitude":"-85.64","state_abbreviation":"TN","state_name":"Tennessee"},{"county_name":null,"description":null,"feat_class":"Civil","feature_id":"39120","fips_class":"H1","fips_county_cd":"145","full_county_name":null,"link_title":null,"url":"http:\/\/www.roanealliance.org\/","name":"Roane County","primary_latitude":"35.85","primary_longitude":"-84.53","state_abbreviation":"TN","state_name":"Tennessee"},{"county_name":null,"description":null,"feat_class":"Civil","feature_id":"39122","fips_class":"H1","fips_county_cd":"149","full_county_name":null,"link_title":null,"url":"http:\/\/www.rutherfordcounty.org\/","name":"Rutherford County","primary_latitude":"35.85","primary_longitude":"-86.39","state_abbreviation":"TN","state_name":"Tennessee"},{"county_name":null,"description":null,"feat_class":"Civil","feature_id":"39123","fips_class":"H1","fips_county_cd":"151","full_county_name":null,"link_title":null,"url":"http:\/\/www.scottcounty.com\/","name":"Scott County","primary_latitude":"36.45","primary_longitude":"-84.51","state_abbreviation":"TN","state_name":"Tennessee"},{"county_name":null,"description":null,"feat_class":"Civil","feature_id":"39126","fips_class":"H1","fips_county_cd":"157","full_county_name":null,"link_title":null,"url":"http:\/\/www.shelbycountytn.gov\/","name":"Shelby County","primary_latitude":"35.2","primary_longitude":"-89.86","state_abbreviation":"TN","state_name":"Tennessee"},{"county_name":null,"description":null,"feat_class":"Civil","feature_id":"39128","fips_class":"H1","fips_county_cd":"161","full_county_name":null,"link_title":null,"url":"http:\/\/www.stewartcountygovernment.com\/","name":"Stewart County","primary_latitude":"36.48","primary_longitude":"-87.83","state_abbreviation":"TN","state_name":"Tennessee"},{"county_name":null,"description":null,"feat_class":"Civil","feature_id":"39129","fips_class":"H1","fips_county_cd":"163","full_county_name":null,"link_title":null,"url":"http:\/\/www.sullivancounty.org\/","name":"Sullivan County","primary_latitude":"36.51","primary_longitude":"-82.53","state_abbreviation":"TN","state_name":"Tennessee"},{"county_name":null,"description":null,"feat_class":"Civil","feature_id":"39130","fips_class":"H1","fips_county_cd":"165","full_county_name":null,"link_title":null,"url":"http:\/\/www.sumnertn.org\/","name":"Sumner County","primary_latitude":"36.49","primary_longitude":"-86.44","state_abbreviation":"TN","state_name":"Tennessee"},{"county_name":null,"description":null,"feat_class":"Civil","feature_id":"39131","fips_class":"H1","fips_county_cd":"167","full_county_name":null,"link_title":null,"url":"http:\/\/tiptonco.com\/","name":"Tipton County","primary_latitude":"35.53","primary_longitude":"-89.73","state_abbreviation":"TN","state_name":"Tennessee"},{"county_name":null,"description":null,"feat_class":"Civil","feature_id":"39134","fips_class":"H1","fips_county_cd":"173","full_county_name":null,"link_title":null,"url":"http:\/\/www.unioncountytn.org\/","name":"Union County","primary_latitude":"36.28","primary_longitude":"-83.83","state_abbreviation":"TN","state_name":"Tennessee"},{"county_name":null,"description":null,"feat_class":"Civil","feature_id":"39137","fips_class":"H1","fips_county_cd":"179","full_county_name":null,"link_title":null,"url":"http:\/\/www.washingtoncountytn.com\/","name":"Washington County","primary_latitude":"36.28","primary_longitude":"-82.48","state_abbreviation":"TN","state_name":"Tennessee"},{"county_name":null,"description":null,"feat_class":"Civil","feature_id":"39138","fips_class":"H1","fips_county_cd":"181","full_county_name":null,"link_title":null,"url":"http:\/\/www.waynecountytn.org\/","name":"Wayne County","primary_latitude":"35.25","primary_longitude":"-87.78","state_abbreviation":"TN","state_name":"Tennessee"},{"county_name":null,"description":null,"feat_class":"Civil","feature_id":"39139","fips_class":"H1","fips_county_cd":"183","full_county_name":null,"link_title":null,"url":"http:\/\/www.weakleycountytn.gov\/","name":"Weakley County","primary_latitude":"36.3","primary_longitude":"-88.83","state_abbreviation":"TN","state_name":"Tennessee"},{"county_name":null,"description":null,"feat_class":"Civil","feature_id":"39141","fips_class":"H1","fips_county_cd":"187","full_county_name":null,"link_title":null,"url":"http:\/\/www.williamsoncounty-tn.gov\/","name":"Williamson County","primary_latitude":"35.9","primary_longitude":"-86.9","state_abbreviation":"TN","state_name":"Tennessee"},{"county_name":null,"description":null,"feat_class":"Civil","feature_id":"39142","fips_class":"H1","fips_county_cd":"189","full_county_name":null,"link_title":null,"url":"http:\/\/www.wilsoncountytn.com\/","name":"Wilson County","primary_latitude":"36.15","primary_longitude":"-86.28","state_abbreviation":"TN","state_name":"Tennessee"}]