[{"county_name":null,"description":null,"feat_class":"Civil","feature_id":"39171","fips_class":"H1","fips_county_cd":"57","full_county_name":null,"link_title":null,"url":"http:\/\/www.calhouncotx.org\/","name":"Calhoun County","primary_latitude":"28.46","primary_longitude":"-96.61","state_abbreviation":"TX","state_name":"Texas"},{"county_name":null,"description":null,"feat_class":"Civil","feature_id":"39173","fips_class":"H1","fips_county_cd":"61","full_county_name":null,"link_title":null,"url":"http:\/\/www.co.cameron.tx.us\/","name":"Cameron County","primary_latitude":"26.11","primary_longitude":"-97.51","state_abbreviation":"TX","state_name":"Texas"},{"county_name":null,"description":null,"feat_class":"Civil","feature_id":"39178","fips_class":"H1","fips_county_cd":"71","full_county_name":null,"link_title":null,"url":"http:\/\/www.co.chambers.tx.us\/","name":"Chambers County","primary_latitude":"29.73","primary_longitude":"-94.65","state_abbreviation":"TX","state_name":"Texas"},{"county_name":null,"description":null,"feat_class":"Civil","feature_id":"39181","fips_class":"H1","fips_county_cd":"77","full_county_name":null,"link_title":null,"url":"http:\/\/www.co.clay.tx.us\/","name":"Clay County","primary_latitude":"33.76","primary_longitude":"-98.21","state_abbreviation":"TX","state_name":"Texas"},{"county_name":null,"description":null,"feat_class":"Civil","feature_id":"39185","fips_class":"H1","fips_county_cd":"85","full_county_name":null,"link_title":null,"url":"http:\/\/www.co.collin.tx.us\/","name":"Collin County","primary_latitude":"33.2","primary_longitude":"-96.56","state_abbreviation":"TX","state_name":"Texas"},{"county_name":null,"description":null,"feat_class":"Civil","feature_id":"39187","fips_class":"H1","fips_county_cd":"89","full_county_name":null,"link_title":null,"url":"http:\/\/www.co.colorado.tx.us\/","name":"Colorado County","primary_latitude":"29.61","primary_longitude":"-96.53","state_abbreviation":"TX","state_name":"Texas"},{"county_name":null,"description":null,"feat_class":"Civil","feature_id":"39188","fips_class":"H1","fips_county_cd":"91","full_county_name":null,"link_title":null,"url":"http:\/\/www.co.comal.tx.us\/","name":"Comal County","primary_latitude":"29.81","primary_longitude":"-98.3","state_abbreviation":"TX","state_name":"Texas"},{"county_name":null,"description":null,"feat_class":"Civil","feature_id":"39191","fips_class":"H1","fips_county_cd":"97","full_county_name":null,"link_title":null,"url":"http:\/\/www.co.cooke.tx.us\/","name":"Cooke County","primary_latitude":"33.63","primary_longitude":"-97.21","state_abbreviation":"TX","state_name":"Texas"},{"county_name":null,"description":null,"feat_class":"Civil","feature_id":"39198","fips_class":"H1","fips_county_cd":"111","full_county_name":null,"link_title":null,"url":"http:\/\/www.dallam.org\/county\/","name":"Dallam County","primary_latitude":"36.28","primary_longitude":"-102.6","state_abbreviation":"TX","state_name":"Texas"},{"county_name":null,"description":null,"feat_class":"Civil","feature_id":"39199","fips_class":"H1","fips_county_cd":"113","full_county_name":null,"link_title":null,"url":"http:\/\/www.dallascounty.org\/","name":"Dallas County","primary_latitude":"32.76","primary_longitude":"-96.78","state_abbreviation":"TX","state_name":"Texas"},{"county_name":null,"description":null,"feat_class":"Civil","feature_id":"39203","fips_class":"H1","fips_county_cd":"121","full_county_name":null,"link_title":null,"url":"http:\/\/www.co.denton.tx.us\/","name":"Denton County","primary_latitude":"33.2","primary_longitude":"-97.13","state_abbreviation":"TX","state_name":"Texas"},{"county_name":null,"description":null,"feat_class":"Civil","feature_id":"39209","fips_class":"H1","fips_county_cd":"133","full_county_name":null,"link_title":null,"url":"http:\/\/county.eastlandcountytexas.com\/","name":"Eastland County","primary_latitude":"32.33","primary_longitude":"-98.83","state_abbreviation":"TX","state_name":"Texas"},{"county_name":null,"description":null,"feat_class":"Civil","feature_id":"39210","fips_class":"H1","fips_county_cd":"135","full_county_name":null,"link_title":null,"url":"http:\/\/www.co.ector.tx.us\/","name":"Ector County","primary_latitude":"31.86","primary_longitude":"-102.55","state_abbreviation":"TX","state_name":"Texas"},{"county_name":null,"description":null,"feat_class":"Civil","feature_id":"39212","fips_class":"H1","fips_county_cd":"141","full_county_name":null,"link_title":null,"url":"http:\/\/www.epcounty.com\/","name":"El Paso County","primary_latitude":"31.8","primary_longitude":"-106.2","state_abbreviation":"TX","state_name":"Texas"},{"county_name":null,"description":null,"feat_class":"Civil","feature_id":"39213","fips_class":"H1","fips_county_cd":"139","full_county_name":null,"link_title":null,"url":"http:\/\/www.co.ellis.tx.us\/","name":"Ellis County","primary_latitude":"32.35","primary_longitude":"-96.8","state_abbreviation":"TX","state_name":"Texas"},{"county_name":null,"description":null,"feat_class":"Civil","feature_id":"39217","fips_class":"H1","fips_county_cd":"149","full_county_name":null,"link_title":null,"url":"http:\/\/www.co.fayette.tx.us\/","name":"Fayette County","primary_latitude":"29.86","primary_longitude":"-96.91","state_abbreviation":"TX","state_name":"Texas"},{"county_name":null,"description":null,"feat_class":"Civil","feature_id":"39221","fips_class":"H1","fips_county_cd":"157","full_county_name":null,"link_title":null,"url":"http:\/\/www.co.fort-bend.tx.us\/","name":"Fort Bend County","primary_latitude":"29.55","primary_longitude":"-95.78","state_abbreviation":"TX","state_name":"Texas"},{"county_name":null,"description":null,"feat_class":"Civil","feature_id":"39226","fips_class":"H1","fips_county_cd":"167","full_county_name":null,"link_title":null,"url":"http:\/\/www.co.galveston.tx.us\/","name":"Galveston County","primary_latitude":"29.36","primary_longitude":"-94.96","state_abbreviation":"TX","state_name":"Texas"},{"county_name":null,"description":null,"feat_class":"Civil","feature_id":"39227","fips_class":"H1","fips_county_cd":"169","full_county_name":null,"link_title":null,"url":"http:\/\/www.garzacounty.net\/","name":"Garza County","primary_latitude":"33.16","primary_longitude":"-101.3","state_abbreviation":"TX","state_name":"Texas"},{"county_name":null,"description":null,"feat_class":"Civil","feature_id":"39233","fips_class":"H1","fips_county_cd":"181","full_county_name":null,"link_title":null,"url":"http:\/\/www.co.grayson.tx.us\/","name":"Grayson County","primary_latitude":"33.61","primary_longitude":"-96.68","state_abbreviation":"TX","state_name":"Texas"},{"county_name":null,"description":null,"feat_class":"Civil","feature_id":"39234","fips_class":"H1","fips_county_cd":"183","full_county_name":null,"link_title":null,"url":"http:\/\/www.co.gregg.tx.us\/","name":"Gregg County","primary_latitude":"32.51","primary_longitude":"-94.81","state_abbreviation":"TX","state_name":"Texas"},{"county_name":null,"description":null,"feat_class":"Civil","feature_id":"39236","fips_class":"H1","fips_county_cd":"187","full_county_name":null,"link_title":null,"url":"http:\/\/www.co.guadalupe.tx.us\/","name":"Guadalupe County","primary_latitude":"29.56","primary_longitude":"-97.96","state_abbreviation":"TX","state_name":"Texas"},{"county_name":null,"description":null,"feat_class":"Civil","feature_id":"39243","fips_class":"H1","fips_county_cd":"201","full_county_name":null,"link_title":null,"url":"http:\/\/www.co.harris.tx.us\/","name":"Harris County","primary_latitude":"29.83","primary_longitude":"-95.4","state_abbreviation":"TX","state_name":"Texas"},{"county_name":null,"description":null,"feat_class":"Civil","feature_id":"39244","fips_class":"H1","fips_county_cd":"203","full_county_name":null,"link_title":null,"url":"http:\/\/www.co.harrison.tx.us\/","name":"Harrison County","primary_latitude":"32.55","primary_longitude":"-94.36","state_abbreviation":"TX","state_name":"Texas"},{"county_name":null,"description":null,"feat_class":"Civil","feature_id":"39247","fips_class":"H1","fips_county_cd":"209","full_county_name":null,"link_title":null,"url":"http:\/\/www.co.hays.tx.us\/","name":"Hays County","primary_latitude":"30.05","primary_longitude":"-98.03","state_abbreviation":"TX","state_name":"Texas"},{"county_name":null,"description":null,"feat_class":"Civil","feature_id":"39250","fips_class":"H1","fips_county_cd":"215","full_county_name":null,"link_title":null,"url":"http:\/\/www.co.hidalgo.tx.us\/","name":"Hidalgo County","primary_latitude":"26.33","primary_longitude":"-98.2","state_abbreviation":"TX","state_name":"Texas"},{"county_name":null,"description":null,"feat_class":"Civil","feature_id":"39253","fips_class":"H1","fips_county_cd":"221","full_county_name":null,"link_title":null,"url":"http:\/\/www.co.hood.tx.us\/","name":"Hood County","primary_latitude":"32.43","primary_longitude":"-97.86","state_abbreviation":"TX","state_name":"Texas"},{"county_name":null,"description":null,"feat_class":"Civil","feature_id":"39254","fips_class":"H1","fips_county_cd":"223","full_county_name":null,"link_title":null,"url":"http:\/\/www.hopkinscountytx.org\/","name":"Hopkins County","primary_latitude":"33.15","primary_longitude":"-95.58","state_abbreviation":"TX","state_name":"Texas"},{"county_name":null,"description":null,"feat_class":"Civil","feature_id":"39258","fips_class":"H1","fips_county_cd":"231","full_county_name":null,"link_title":null,"url":"http:\/\/www.huntcounty.net\/","name":"Hunt County","primary_latitude":"33.15","primary_longitude":"-96.06","state_abbreviation":"TX","state_name":"Texas"},{"county_name":null,"description":null,"feat_class":"Civil","feature_id":"39265","fips_class":"H1","fips_county_cd":"245","full_county_name":null,"link_title":null,"url":"http:\/\/www.co.jefferson.tx.us\/","name":"Jefferson County","primary_latitude":"29.88","primary_longitude":"-94.15","state_abbreviation":"TX","state_name":"Texas"},{"county_name":null,"description":null,"feat_class":"Civil","feature_id":"39268","fips_class":"H1","fips_county_cd":"251","full_county_name":null,"link_title":null,"url":"http:\/\/www.johnsoncountytx.org\/","name":"Johnson County","primary_latitude":"32.38","primary_longitude":"-97.36","state_abbreviation":"TX","state_name":"Texas"},{"county_name":null,"description":null,"feat_class":"Civil","feature_id":"39271","fips_class":"H1","fips_county_cd":"257","full_county_name":null,"link_title":null,"url":"http:\/\/www.kaufmancounty.net\/","name":"Kaufman County","primary_latitude":"32.6","primary_longitude":"-96.3","state_abbreviation":"TX","state_name":"Texas"},{"county_name":null,"description":null,"feat_class":"Civil","feature_id":"39272","fips_class":"H1","fips_county_cd":"259","full_county_name":null,"link_title":null,"url":"http:\/\/www.co.kendall.tx.us\/","name":"Kendall County","primary_latitude":"29.93","primary_longitude":"-98.71","state_abbreviation":"TX","state_name":"Texas"},{"county_name":null,"description":null,"feat_class":"Civil","feature_id":"39275","fips_class":"H1","fips_county_cd":"265","full_county_name":null,"link_title":null,"url":"http:\/\/www.co.kerr.tx.us\/","name":"Kerr County","primary_latitude":"30.05","primary_longitude":"-99.3","state_abbreviation":"TX","state_name":"Texas"},{"county_name":null,"description":null,"feat_class":"Civil","feature_id":"39281","fips_class":"H1","fips_county_cd":"283","full_county_name":null,"link_title":null,"url":"http:\/\/www.co.la-salle.tx.us\/","name":"La Salle County","primary_latitude":"28.35","primary_longitude":"-99.1","state_abbreviation":"TX","state_name":"Texas"},{"county_name":null,"description":null,"feat_class":"Civil","feature_id":"39282","fips_class":"H1","fips_county_cd":"277","full_county_name":null,"link_title":null,"url":"http:\/\/www.co.lamar.tx.us\/","name":"Lamar County","primary_latitude":"33.66","primary_longitude":"-95.58","state_abbreviation":"TX","state_name":"Texas"},{"county_name":null,"description":null,"feat_class":"Civil","feature_id":"39288","fips_class":"H1","fips_county_cd":"291","full_county_name":null,"link_title":null,"url":"http:\/\/www.co.liberty.tx.us\/","name":"Liberty County","primary_latitude":"30.13","primary_longitude":"-94.8","state_abbreviation":"TX","state_name":"Texas"},{"county_name":null,"description":null,"feat_class":"Civil","feature_id":"39294","fips_class":"H1","fips_county_cd":"303","full_county_name":null,"link_title":null,"url":"http:\/\/www.co.lubbock.tx.us\/","name":"Lubbock County","primary_latitude":"33.6","primary_longitude":"-101.83","state_abbreviation":"TX","state_name":"Texas"},{"county_name":null,"description":null,"feat_class":"Civil","feature_id":"39300","fips_class":"H1","fips_county_cd":"321","full_county_name":null,"link_title":null,"url":"http:\/\/www.co.matagorda.tx.us\/","name":"Matagorda County","primary_latitude":"28.85","primary_longitude":"-95.95","state_abbreviation":"TX","state_name":"Texas"},{"county_name":null,"description":null,"feat_class":"Civil","feature_id":"39301","fips_class":"H1","fips_county_cd":"323","full_county_name":null,"link_title":null,"url":"http:\/\/www.co.maverick.tx.us\/","name":"Maverick County","primary_latitude":"28.76","primary_longitude":"-100.35","state_abbreviation":"TX","state_name":"Texas"},{"county_name":null,"description":null,"feat_class":"Civil","feature_id":"39303","fips_class":"H1","fips_county_cd":"309","full_county_name":null,"link_title":null,"url":"http:\/\/www.co.mclennan.tx.us\/","name":"McLennan County","primary_latitude":"31.55","primary_longitude":"-97.18","state_abbreviation":"TX","state_name":"Texas"},{"county_name":null,"description":null,"feat_class":"Civil","feature_id":"39307","fips_class":"H1","fips_county_cd":"329","full_county_name":null,"link_title":null,"url":"http:\/\/www.co.midland.tx.us\/","name":"Midland County","primary_latitude":"31.86","primary_longitude":"-102.05","state_abbreviation":"TX","state_name":"Texas"},{"county_name":null,"description":null,"feat_class":"Civil","feature_id":"39316","fips_class":"H1","fips_county_cd":"347","full_county_name":null,"link_title":null,"url":"http:\/\/www.co.nacogdoches.tx.us\/","name":"Nacogdoches County","primary_latitude":"31.6","primary_longitude":"-94.63","state_abbreviation":"TX","state_name":"Texas"},{"county_name":null,"description":null,"feat_class":"Civil","feature_id":"39320","fips_class":"H1","fips_county_cd":"355","full_county_name":null,"link_title":null,"url":"http:\/\/www.co.nueces.tx.us\/","name":"Nueces County","primary_latitude":"27.73","primary_longitude":"-97.63","state_abbreviation":"TX","state_name":"Texas"},{"county_name":null,"description":null,"feat_class":"Civil","feature_id":"39323","fips_class":"H1","fips_county_cd":"361","full_county_name":null,"link_title":null,"url":"http:\/\/www.co.orange.tx.us\/","name":"Orange County","primary_latitude":"30.13","primary_longitude":"-93.9","state_abbreviation":"TX","state_name":"Texas"},{"county_name":null,"description":null,"feat_class":"Civil","feature_id":"39325","fips_class":"H1","fips_county_cd":"365","full_county_name":null,"link_title":null,"url":"http:\/\/www.co.panola.tx.us","name":"Panola County","primary_latitude":"32.16","primary_longitude":"-94.3","state_abbreviation":"TX","state_name":"Texas"},{"county_name":null,"description":null,"feat_class":"Civil","feature_id":"39326","fips_class":"H1","fips_county_cd":"367","full_county_name":null,"link_title":null,"url":"http:\/\/www.co.parker.tx.us\/","name":"Parker County","primary_latitude":"32.76","primary_longitude":"-97.8","state_abbreviation":"TX","state_name":"Texas"},{"county_name":null,"description":null,"feat_class":"Civil","feature_id":"39328","fips_class":"H1","fips_county_cd":"371","full_county_name":null,"link_title":null,"url":"http:\/\/www.co.pecos.tx.us\/","name":"Pecos County","primary_latitude":"30.75","primary_longitude":"-102.75","state_abbreviation":"TX","state_name":"Texas"},{"county_name":null,"description":null,"feat_class":"Civil","feature_id":"39330","fips_class":"H1","fips_county_cd":"375","full_county_name":null,"link_title":null,"url":"http:\/\/www.co.potter.tx.us\/","name":"Potter County","primary_latitude":"35.41","primary_longitude":"-101.9","state_abbreviation":"TX","state_name":"Texas"},{"county_name":null,"description":null,"feat_class":"Civil","feature_id":"39333","fips_class":"H1","fips_county_cd":"381","full_county_name":null,"link_title":null,"url":"http:\/\/www.randallcounty.org\/","name":"Randall County","primary_latitude":"34.96","primary_longitude":"-101.9","state_abbreviation":"TX","state_name":"Texas"},{"county_name":null,"description":null,"feat_class":"Civil","feature_id":"39341","fips_class":"H1","fips_county_cd":"397","full_county_name":null,"link_title":null,"url":"http:\/\/www.rockwallcountytexas.com\/","name":"Rockwall County","primary_latitude":"32.9","primary_longitude":"-96.4","state_abbreviation":"TX","state_name":"Texas"},{"county_name":null,"description":null,"feat_class":"Civil","feature_id":"39343","fips_class":"H1","fips_county_cd":"401","full_county_name":null,"link_title":null,"url":"http:\/\/www.co.rusk.tx.us","name":"Rusk County","primary_latitude":"32.11","primary_longitude":"-94.78","state_abbreviation":"TX","state_name":"Texas"},{"county_name":null,"description":null,"feat_class":"Civil","feature_id":"39346","fips_class":"H1","fips_county_cd":"407","full_county_name":null,"link_title":null,"url":"http:\/\/www.co.san-jacinto.tx.us\/","name":"San Jacinto County","primary_latitude":"30.56","primary_longitude":"-95.16","state_abbreviation":"TX","state_name":"Texas"},{"county_name":null,"description":null,"feat_class":"Civil","feature_id":"39348","fips_class":"H1","fips_county_cd":"411","full_county_name":null,"link_title":null,"url":"http:\/\/www.sansabacounty.org\/","name":"San Saba County","primary_latitude":"31.15","primary_longitude":"-98.85","state_abbreviation":"TX","state_name":"Texas"},{"county_name":null,"description":null,"feat_class":"Civil","feature_id":"39354","fips_class":"H1","fips_county_cd":"423","full_county_name":null,"link_title":null,"url":"http:\/\/www.smith-county.com\/","name":"Smith County","primary_latitude":"32.36","primary_longitude":"-95.23","state_abbreviation":"TX","state_name":"Texas"},{"county_name":null,"description":null,"feat_class":"Civil","feature_id":"39355","fips_class":"H1","fips_county_cd":"425","full_county_name":null,"link_title":null,"url":"http:\/\/co.somervell.tx.us","name":"Somervell County","primary_latitude":"32.23","primary_longitude":"-97.76","state_abbreviation":"TX","state_name":"Texas"},{"county_name":null,"description":null,"feat_class":"Civil","feature_id":"39362","fips_class":"H1","fips_county_cd":"439","full_county_name":null,"link_title":null,"url":"http:\/\/www.tarrantcounty.com\/","name":"Tarrant County","primary_latitude":"32.76","primary_longitude":"-97.3","state_abbreviation":"TX","state_name":"Texas"},{"county_name":null,"description":null,"feat_class":"Civil","feature_id":"39363","fips_class":"H1","fips_county_cd":"441","full_county_name":null,"link_title":null,"url":"http:\/\/www.taylorcountytexas.org\/","name":"Taylor County","primary_latitude":"32.3","primary_longitude":"-99.83","state_abbreviation":"TX","state_name":"Texas"},{"county_name":null,"description":null,"feat_class":"Civil","feature_id":"39367","fips_class":"H1","fips_county_cd":"449","full_county_name":null,"link_title":null,"url":"http:\/\/www.co.titus.tx.us\/","name":"Titus County","primary_latitude":"33.23","primary_longitude":"-94.98","state_abbreviation":"TX","state_name":"Texas"},{"county_name":null,"description":null,"feat_class":"Civil","feature_id":"39368","fips_class":"H1","fips_county_cd":"451","full_county_name":null,"link_title":null,"url":"http:\/\/www.co.tom-green.tx.us\/","name":"Tom Green County","primary_latitude":"31.4","primary_longitude":"-100.46","state_abbreviation":"TX","state_name":"Texas"},{"county_name":null,"description":null,"feat_class":"Civil","feature_id":"39369","fips_class":"H1","fips_county_cd":"453","full_county_name":null,"link_title":null,"url":"http:\/\/www.co.travis.tx.us\/","name":"Travis County","primary_latitude":"30.33","primary_longitude":"-97.8","state_abbreviation":"TX","state_name":"Texas"},{"county_name":null,"description":null,"feat_class":"Civil","feature_id":"39372","fips_class":"H1","fips_county_cd":"459","full_county_name":null,"link_title":null,"url":"http:\/\/www.countyofupshur.com\/","name":"Upshur County","primary_latitude":"32.73","primary_longitude":"-94.95","state_abbreviation":"TX","state_name":"Texas"},{"county_name":null,"description":null,"feat_class":"Civil","feature_id":"39374","fips_class":"H1","fips_county_cd":"463","full_county_name":null,"link_title":null,"url":"http:\/\/uvaldecounty.com\/","name":"Uvalde County","primary_latitude":"29.36","primary_longitude":"-99.76","state_abbreviation":"TX","state_name":"Texas"},{"county_name":null,"description":null,"feat_class":"Civil","feature_id":"39377","fips_class":"H1","fips_county_cd":"469","full_county_name":null,"link_title":null,"url":"http:\/\/www.victoriacountytx.org\/","name":"Victoria County","primary_latitude":"28.78","primary_longitude":"-96.95","state_abbreviation":"TX","state_name":"Texas"},{"county_name":null,"description":null,"feat_class":"Civil","feature_id":"39378","fips_class":"H1","fips_county_cd":"471","full_county_name":null,"link_title":null,"url":"http:\/\/www.co.walker.tx.us\/","name":"Walker County","primary_latitude":"30.73","primary_longitude":"-95.56","state_abbreviation":"TX","state_name":"Texas"},{"county_name":null,"description":null,"feat_class":"Civil","feature_id":"39379","fips_class":"H1","fips_county_cd":"473","full_county_name":null,"link_title":null,"url":"http:\/\/www.co.waller.tx.us\/","name":"Waller County","primary_latitude":"30","primary_longitude":"-96","state_abbreviation":"TX","state_name":"Texas"},{"county_name":null,"description":null,"feat_class":"Civil","feature_id":"39381","fips_class":"H1","fips_county_cd":"477","full_county_name":null,"link_title":null,"url":"http:\/\/www.co.washington.tx.us\/","name":"Washington County","primary_latitude":"30.23","primary_longitude":"-96.4","state_abbreviation":"TX","state_name":"Texas"},{"county_name":null,"description":null,"feat_class":"Civil","feature_id":"39385","fips_class":"H1","fips_county_cd":"485","full_county_name":null,"link_title":null,"url":"http:\/\/www.co.wichita.tx.us\/","name":"Wichita County","primary_latitude":"33.96","primary_longitude":"-98.71","state_abbreviation":"TX","state_name":"Texas"},{"county_name":null,"description":null,"feat_class":"Civil","feature_id":"39386","fips_class":"H1","fips_county_cd":"487","full_county_name":null,"link_title":null,"url":"http:\/\/www.co.wilbarger.tx.us\/","name":"Wilbarger County","primary_latitude":"34.06","primary_longitude":"-99.26","state_abbreviation":"TX","state_name":"Texas"},{"county_name":null,"description":null,"feat_class":"Civil","feature_id":"39388","fips_class":"H1","fips_county_cd":"491","full_county_name":null,"link_title":null,"url":"http:\/\/www.wilco.org\/","name":"Williamson County","primary_latitude":"30.65","primary_longitude":"-97.6","state_abbreviation":"TX","state_name":"Texas"},{"county_name":null,"description":null,"feat_class":"Civil","feature_id":"39390","fips_class":"H1","fips_county_cd":"495","full_county_name":null,"link_title":null,"url":"http:\/\/www.co.winkler.tx.us\/","name":"Winkler County","primary_latitude":"31.85","primary_longitude":"-103.03","state_abbreviation":"TX","state_name":"Texas"},{"county_name":null,"description":null,"feat_class":"Civil","feature_id":"39391","fips_class":"H1","fips_county_cd":"497","full_county_name":null,"link_title":null,"url":"http:\/\/www.co.wise.tx.us\/","name":"Wise County","primary_latitude":"33.2","primary_longitude":"-97.66","state_abbreviation":"TX","state_name":"Texas"},{"county_name":null,"description":null,"feat_class":"Civil","feature_id":"39143","fips_class":"H1","fips_county_cd":"1","full_county_name":null,"link_title":null,"url":"http:\/\/www.co.anderson.tx.us\/","name":"Anderson County","primary_latitude":"31.81","primary_longitude":"-95.66","state_abbreviation":"TX","state_name":"Texas"},{"county_name":null,"description":null,"feat_class":"Civil","feature_id":"39144","fips_class":"H1","fips_county_cd":"3","full_county_name":null,"link_title":null,"url":"http:\/\/www.co.andrews.tx.us\/","name":"Andrews County","primary_latitude":"32.3","primary_longitude":"-102.63","state_abbreviation":"TX","state_name":"Texas"},{"county_name":null,"description":null,"feat_class":"Civil","feature_id":"39145","fips_class":"H1","fips_county_cd":"5","full_county_name":null,"link_title":null,"url":"http:\/\/www.angelinacounty.net\/","name":"Angelina County","primary_latitude":"31.25","primary_longitude":"-94.56","state_abbreviation":"TX","state_name":"Texas"},{"county_name":null,"description":null,"feat_class":"Civil","feature_id":"39146","fips_class":"H1","fips_county_cd":"7","full_county_name":null,"link_title":null,"url":"http:\/\/www.co.aransas.tx.us\/","name":"Aransas County","primary_latitude":"28.1","primary_longitude":"-96.98","state_abbreviation":"TX","state_name":"Texas"},{"county_name":null,"description":null,"feat_class":"Civil","feature_id":"39150","fips_class":"H1","fips_county_cd":"15","full_county_name":null,"link_title":null,"url":"http:\/\/www.austincounty.com\/","name":"Austin County","primary_latitude":"29.88","primary_longitude":"-96.31","state_abbreviation":"TX","state_name":"Texas"},{"county_name":null,"description":null,"feat_class":"Civil","feature_id":"39152","fips_class":"H1","fips_county_cd":"19","full_county_name":null,"link_title":null,"url":"http:\/\/www.banderacounty.org\/","name":"Bandera County","primary_latitude":"29.76","primary_longitude":"-99.23","state_abbreviation":"TX","state_name":"Texas"},{"county_name":null,"description":null,"feat_class":"Civil","feature_id":"39156","fips_class":"H1","fips_county_cd":"27","full_county_name":null,"link_title":null,"url":"http:\/\/www.bellcountytx.com\/","name":"Bell County","primary_latitude":"31.05","primary_longitude":"-97.46","state_abbreviation":"TX","state_name":"Texas"},{"county_name":null,"description":null,"feat_class":"Civil","feature_id":"39157","fips_class":"H1","fips_county_cd":"29","full_county_name":null,"link_title":null,"url":"http:\/\/www.co.bexar.tx.us\/","name":"Bexar County","primary_latitude":"29.45","primary_longitude":"-98.51","state_abbreviation":"TX","state_name":"Texas"},{"county_name":null,"description":null,"feat_class":"Civil","feature_id":"39157","fips_class":"H1","fips_county_cd":"29","full_county_name":null,"link_title":null,"url":"http:\/\/www.countyclerk.bexar.landata.com\/AssumedNames.aspx","name":"Bexar County","primary_latitude":"29.45","primary_longitude":"-98.51","state_abbreviation":"TX","state_name":"Texas"},{"county_name":null,"description":null,"feat_class":"Civil","feature_id":"39160","fips_class":"H1","fips_county_cd":"35","full_county_name":null,"link_title":null,"url":"http:\/\/users.htcomp.net\/bosque\/","name":"Bosque County","primary_latitude":"31.9","primary_longitude":"-97.65","state_abbreviation":"TX","state_name":"Texas"},{"county_name":null,"description":null,"feat_class":"Civil","feature_id":"39162","fips_class":"H1","fips_county_cd":"39","full_county_name":null,"link_title":null,"url":"http:\/\/www.brazoria-county.com\/","name":"Brazoria County","primary_latitude":"29.18","primary_longitude":"-95.45","state_abbreviation":"TX","state_name":"Texas"},{"county_name":null,"description":null,"feat_class":"Civil","feature_id":"39163","fips_class":"H1","fips_county_cd":"41","full_county_name":null,"link_title":null,"url":"http:\/\/www.co.brazos.tx.us\/","name":"Brazos County","primary_latitude":"30.66","primary_longitude":"-96.31","state_abbreviation":"TX","state_name":"Texas"}]