[{"county_name":null,"description":null,"feat_class":"Civil","feature_id":"39425","fips_class":"H1","fips_county_cd":"57","full_county_name":null,"link_title":null,"url":"http:\/\/www1.co.weber.ut.us\/","name":"Weber County","primary_latitude":"41.25","primary_longitude":"-111.75","state_abbreviation":"UT","state_name":"Utah"},{"county_name":null,"description":null,"feat_class":"Civil","feature_id":"39397","fips_class":"H1","fips_county_cd":"1","full_county_name":null,"link_title":null,"url":"http:\/\/www.beaver.utah.gov\/","name":"Beaver County","primary_latitude":"38.37","primary_longitude":"-113.12","state_abbreviation":"UT","state_name":"Utah"},{"county_name":null,"description":null,"feat_class":"Civil","feature_id":"39398","fips_class":"H1","fips_county_cd":"3","full_county_name":null,"link_title":null,"url":"http:\/\/www.boxeldercounty.org\/","name":"Box Elder County","primary_latitude":"41.5","primary_longitude":"-112.87","state_abbreviation":"UT","state_name":"Utah"},{"county_name":null,"description":null,"feat_class":"Civil","feature_id":"39400","fips_class":"H1","fips_county_cd":"7","full_county_name":null,"link_title":null,"url":"http:\/\/www.carbon.utah.gov\/","name":"Carbon County","primary_latitude":"39.74","primary_longitude":"-110.5","state_abbreviation":"UT","state_name":"Utah"},{"county_name":null,"description":null,"feat_class":"Civil","feature_id":"39402","fips_class":"H1","fips_county_cd":"11","full_county_name":null,"link_title":null,"url":"http:\/\/www.daviscountyutah.gov\/","name":"Davis County","primary_latitude":"41","primary_longitude":"-112","state_abbreviation":"UT","state_name":"Utah"},{"county_name":null,"description":null,"feat_class":"Civil","feature_id":"39403","fips_class":"H1","fips_county_cd":"13","full_county_name":null,"link_title":null,"url":"http:\/\/www.duchesnegov.net\/","name":"Duchesne County","primary_latitude":"40.25","primary_longitude":"-110.37","state_abbreviation":"UT","state_name":"Utah"},{"county_name":null,"description":null,"feat_class":"Civil","feature_id":"39404","fips_class":"H1","fips_county_cd":"15","full_county_name":null,"link_title":null,"url":"http:\/\/www.co.emery.ut.us\/","name":"Emery County","primary_latitude":"38.99","primary_longitude":"-110.62","state_abbreviation":"UT","state_name":"Utah"},{"county_name":null,"description":null,"feat_class":"Civil","feature_id":"39406","fips_class":"H1","fips_county_cd":"19","full_county_name":null,"link_title":null,"url":"http:\/\/www.grandcountyutah.net\/","name":"Grand County","primary_latitude":"38.87","primary_longitude":"-109.5","state_abbreviation":"UT","state_name":"Utah"},{"county_name":null,"description":null,"feat_class":"Civil","feature_id":"39407","fips_class":"H1","fips_county_cd":"21","full_county_name":null,"link_title":null,"url":"http:\/\/www.ironcounty.net\/","name":"Iron County","primary_latitude":"37.75","primary_longitude":"-113.12","state_abbreviation":"UT","state_name":"Utah"},{"county_name":null,"description":null,"feat_class":"Civil","feature_id":"39408","fips_class":"H1","fips_county_cd":"23","full_county_name":null,"link_title":null,"url":"http:\/\/www.co.juab.ut.us\/","name":"Juab County","primary_latitude":"37.74","primary_longitude":"-112.75","state_abbreviation":"UT","state_name":"Utah"},{"county_name":null,"description":null,"feat_class":"Civil","feature_id":"39414","fips_class":"H1","fips_county_cd":"35","full_county_name":null,"link_title":null,"url":"http:\/\/www.slco.org\/","name":"Salt Lake County","primary_latitude":"40.62","primary_longitude":"-111.87","state_abbreviation":"UT","state_name":"Utah"},{"county_name":null,"description":null,"feat_class":"Civil","feature_id":"39417","fips_class":"H1","fips_county_cd":"41","full_county_name":null,"link_title":null,"url":"http:\/\/www.sevierutah.net\/","name":"Sevier County","primary_latitude":"38.62","primary_longitude":"-111.62","state_abbreviation":"UT","state_name":"Utah"},{"county_name":null,"description":null,"feat_class":"Civil","feature_id":"39418","fips_class":"H1","fips_county_cd":"43","full_county_name":null,"link_title":null,"url":"http:\/\/www.co.summit.ut.us\/","name":"Summit County","primary_latitude":"40.87","primary_longitude":"-110.87","state_abbreviation":"UT","state_name":"Utah"},{"county_name":null,"description":null,"feat_class":"Civil","feature_id":"39419","fips_class":"H1","fips_county_cd":"45","full_county_name":null,"link_title":null,"url":"http:\/\/www.co.tooele.ut.us\/","name":"Tooele County","primary_latitude":"40.37","primary_longitude":"-113.12","state_abbreviation":"UT","state_name":"Utah"},{"county_name":null,"description":null,"feat_class":"Civil","feature_id":"39420","fips_class":"H1","fips_county_cd":"47","full_county_name":null,"link_title":null,"url":"http:\/\/www.co.uintah.ut.us\/","name":"Uintah County","primary_latitude":"40.24","primary_longitude":"-109.37","state_abbreviation":"UT","state_name":"Utah"},{"county_name":null,"description":null,"feat_class":"Civil","feature_id":"39421","fips_class":"H1","fips_county_cd":"49","full_county_name":null,"link_title":null,"url":"http:\/\/www.co.utah.ut.us\/","name":"Utah County","primary_latitude":"40.12","primary_longitude":"-111.62","state_abbreviation":"UT","state_name":"Utah"},{"county_name":null,"description":null,"feat_class":"Civil","feature_id":"39422","fips_class":"H1","fips_county_cd":"51","full_county_name":null,"link_title":null,"url":"http:\/\/www.co.wasatch.ut.us\/","name":"Wasatch County","primary_latitude":"40.37","primary_longitude":"-111.12","state_abbreviation":"UT","state_name":"Utah"},{"county_name":null,"description":null,"feat_class":"Civil","feature_id":"39423","fips_class":"H1","fips_county_cd":"53","full_county_name":null,"link_title":null,"url":"http:\/\/www.washco.utah.gov\/","name":"Washington County","primary_latitude":"37.25","primary_longitude":"-113.25","state_abbreviation":"UT","state_name":"Utah"}]