[{"county_name":null,"description":null,"feat_class":"Civil","feature_id":"39426","fips_class":"H1","fips_county_cd":"1","full_county_name":null,"link_title":null,"url":"http:\/\/www.co.accomack.va.us\/","name":"Accomack County","primary_latitude":"37.75","primary_longitude":"-75.66","state_abbreviation":"VA","state_name":"Virginia"},{"county_name":null,"description":null,"feat_class":"Civil","feature_id":"39427","fips_class":"H1","fips_county_cd":"3","full_county_name":null,"link_title":null,"url":"http:\/\/www.albemarle.org\/","name":"Albemarle County","primary_latitude":"38.03","primary_longitude":"-78.54","state_abbreviation":"VA","state_name":"Virginia"},{"county_name":null,"description":null,"feat_class":"Civil","feature_id":"39428","fips_class":"H1","fips_county_cd":"5","full_county_name":null,"link_title":null,"url":"http:\/\/www.co.alleghany.va.us\/","name":"Alleghany County","primary_latitude":"37.78","primary_longitude":"-80","state_abbreviation":"VA","state_name":"Virginia"},{"county_name":null,"description":null,"feat_class":"Civil","feature_id":"39429","fips_class":"H1","fips_county_cd":"7","full_county_name":null,"link_title":null,"url":"http:\/\/www.ameliacova.com\/","name":"Amelia County","primary_latitude":"37.35","primary_longitude":"-78.01","state_abbreviation":"VA","state_name":"Virginia"},{"county_name":null,"description":null,"feat_class":"Civil","feature_id":"39430","fips_class":"H1","fips_county_cd":"9","full_county_name":null,"link_title":null,"url":"http:\/\/www.countyofamherst.com\/","name":"Amherst County","primary_latitude":"37.61","primary_longitude":"-79.25","state_abbreviation":"VA","state_name":"Virginia"},{"county_name":null,"description":null,"feat_class":"Civil","feature_id":"39431","fips_class":"H1","fips_county_cd":"11","full_county_name":null,"link_title":null,"url":"http:\/\/www.appomattox.com\/","name":"Appomattox County","primary_latitude":"37.36","primary_longitude":"-78.81","state_abbreviation":"VA","state_name":"Virginia"},{"county_name":null,"description":null,"feat_class":"Civil","feature_id":"39432","fips_class":"H1","fips_county_cd":"13","full_county_name":null,"link_title":null,"url":"http:\/\/www.arlingtonva.us\/","name":"Arlington County","primary_latitude":"38.86","primary_longitude":"-77.09","state_abbreviation":"VA","state_name":"Virginia"},{"county_name":null,"description":null,"feat_class":"Civil","feature_id":"39433","fips_class":"H1","fips_county_cd":"15","full_county_name":null,"link_title":null,"url":"http:\/\/www.co.augusta.va.us\/","name":"Augusta County","primary_latitude":"38.16","primary_longitude":"-79.11","state_abbreviation":"VA","state_name":"Virginia"},{"county_name":null,"description":null,"feat_class":"Civil","feature_id":"39434","fips_class":"H1","fips_county_cd":"17","full_county_name":null,"link_title":null,"url":"http:\/\/www.bathcountyva.org\/","name":"Bath County","primary_latitude":"38.06","primary_longitude":"-79.73","state_abbreviation":"VA","state_name":"Virginia"},{"county_name":null,"description":null,"feat_class":"Civil","feature_id":"39435","fips_class":"H1","fips_county_cd":"19","full_county_name":null,"link_title":null,"url":"http:\/\/www.co.bedford.va.us\/","name":"Bedford County","primary_latitude":"37.3","primary_longitude":"-79.56","state_abbreviation":"VA","state_name":"Virginia"},{"county_name":null,"description":null,"feat_class":"Civil","feature_id":"39436","fips_class":"H1","fips_county_cd":"21","full_county_name":null,"link_title":null,"url":"http:\/\/www.bland.org\/","name":"Bland County","primary_latitude":"37.15","primary_longitude":"-81.13","state_abbreviation":"VA","state_name":"Virginia"},{"county_name":null,"description":null,"feat_class":"Civil","feature_id":"39437","fips_class":"H1","fips_county_cd":"23","full_county_name":null,"link_title":null,"url":"http:\/\/www.co.botetourt.va.us\/","name":"Botetourt County","primary_latitude":"37.56","primary_longitude":"-79.78","state_abbreviation":"VA","state_name":"Virginia"},{"county_name":null,"description":null,"feat_class":"Civil","feature_id":"39441","fips_class":"H1","fips_county_cd":"31","full_county_name":null,"link_title":null,"url":"http:\/\/www.co.campbell.va.us\/","name":"Campbell County","primary_latitude":"37.23","primary_longitude":"-79.09","state_abbreviation":"VA","state_name":"Virginia"},{"county_name":null,"description":null,"feat_class":"Civil","feature_id":"39442","fips_class":"H1","fips_county_cd":"33","full_county_name":null,"link_title":null,"url":"http:\/\/www.co.caroline.va.us\/","name":"Caroline County","primary_latitude":"38.03","primary_longitude":"-77.34","state_abbreviation":"VA","state_name":"Virginia"},{"county_name":null,"description":null,"feat_class":"Civil","feature_id":"39445","fips_class":"H1","fips_county_cd":"37","full_county_name":null,"link_title":null,"url":"http:\/\/www.charlotteva.com\/","name":"Charlotte County","primary_latitude":"37","primary_longitude":"-78.68","state_abbreviation":"VA","state_name":"Virginia"},{"county_name":null,"description":null,"feat_class":"Civil","feature_id":"39446","fips_class":"H1","fips_county_cd":"41","full_county_name":null,"link_title":null,"url":"http:\/\/www.chesterfield.gov","name":"Chesterfield County","primary_latitude":"37.38","primary_longitude":"-77.59","state_abbreviation":"VA","state_name":"Virginia"},{"county_name":null,"description":null,"feat_class":"Civil","feature_id":"39447","fips_class":"H1","fips_county_cd":"43","full_county_name":null,"link_title":null,"url":"http:\/\/www.clarkecounty.gov","name":"Clarke County","primary_latitude":"39.11","primary_longitude":"-77.96","state_abbreviation":"VA","state_name":"Virginia"},{"county_name":null,"description":null,"feat_class":"Civil","feature_id":"39449","fips_class":"H1","fips_county_cd":"47","full_county_name":null,"link_title":null,"url":"http:\/\/www.culpepercounty.gov\/","name":"Culpeper County","primary_latitude":"38.5","primary_longitude":"-77.96","state_abbreviation":"VA","state_name":"Virginia"},{"county_name":null,"description":null,"feat_class":"Civil","feature_id":"39450","fips_class":"H1","fips_county_cd":"49","full_county_name":null,"link_title":null,"url":"http:\/\/www.cumberlandcounty.virginia.gov\/","name":"Cumberland County","primary_latitude":"37.5","primary_longitude":"-78.24","state_abbreviation":"VA","state_name":"Virginia"},{"county_name":null,"description":null,"feat_class":"Civil","feature_id":"39451","fips_class":"H1","fips_county_cd":"51","full_county_name":null,"link_title":null,"url":"http:\/\/www.dickensonctyva.com\/","name":"Dickenson County","primary_latitude":"37.13","primary_longitude":"-82.34","state_abbreviation":"VA","state_name":"Virginia"},{"county_name":null,"description":null,"feat_class":"Civil","feature_id":"39452","fips_class":"H1","fips_county_cd":"53","full_county_name":null,"link_title":null,"url":"http:\/\/www.dinwiddieva.us\/","name":"Dinwiddie County","primary_latitude":"37.06","primary_longitude":"-77.63","state_abbreviation":"VA","state_name":"Virginia"},{"county_name":null,"description":null,"feat_class":"Civil","feature_id":"39454","fips_class":"H1","fips_county_cd":"59","full_county_name":null,"link_title":null,"url":"http:\/\/www.fairfaxcounty.gov\/","name":"Fairfax County","primary_latitude":"38.85","primary_longitude":"-77.34","state_abbreviation":"VA","state_name":"Virginia"},{"county_name":null,"description":null,"feat_class":"Civil","feature_id":"39455","fips_class":"H1","fips_county_cd":"61","full_county_name":null,"link_title":null,"url":"http:\/\/www.fauquiercounty.gov\/","name":"Fauquier County","primary_latitude":"38.73","primary_longitude":"-77.81","state_abbreviation":"VA","state_name":"Virginia"},{"county_name":null,"description":null,"feat_class":"Civil","feature_id":"39456","fips_class":"H1","fips_county_cd":"63","full_county_name":null,"link_title":null,"url":"http:\/\/www.fin.org\/","name":"Floyd County","primary_latitude":"36.91","primary_longitude":"-80.39","state_abbreviation":"VA","state_name":"Virginia"},{"county_name":null,"description":null,"feat_class":"Civil","feature_id":"39457","fips_class":"H1","fips_county_cd":"65","full_county_name":null,"link_title":null,"url":"http:\/\/www.co.fluvanna.va.us\/","name":"Fluvanna County","primary_latitude":"37.85","primary_longitude":"-78.26","state_abbreviation":"VA","state_name":"Virginia"},{"county_name":null,"description":null,"feat_class":"Civil","feature_id":"39458","fips_class":"H1","fips_county_cd":"67","full_county_name":null,"link_title":null,"url":"http:\/\/www.franklincountyva.org\/","name":"Franklin County","primary_latitude":"37","primary_longitude":"-79.86","state_abbreviation":"VA","state_name":"Virginia"},{"county_name":null,"description":null,"feat_class":"Civil","feature_id":"39459","fips_class":"H1","fips_county_cd":"69","full_county_name":null,"link_title":null,"url":"http:\/\/www.co.frederick.va.us\/","name":"Frederick County","primary_latitude":"39.21","primary_longitude":"-78.24","state_abbreviation":"VA","state_name":"Virginia"},{"county_name":null,"description":null,"feat_class":"Civil","feature_id":"39461","fips_class":"H1","fips_county_cd":"73","full_county_name":null,"link_title":null,"url":"http:\/\/www.co.gloucester.va.us\/","name":"Gloucester County","primary_latitude":"37.41","primary_longitude":"-76.54","state_abbreviation":"VA","state_name":"Virginia"},{"county_name":null,"description":null,"feat_class":"Civil","feature_id":"39462","fips_class":"H1","fips_county_cd":"75","full_county_name":null,"link_title":null,"url":"http:\/\/www.co.goochland.va.us\/","name":"Goochland County","primary_latitude":"37.73","primary_longitude":"-77.91","state_abbreviation":"VA","state_name":"Virginia"},{"county_name":null,"description":null,"feat_class":"Civil","feature_id":"39464","fips_class":"H1","fips_county_cd":"79","full_county_name":null,"link_title":null,"url":"http:\/\/www.gcva.us\/","name":"Greene County","primary_latitude":"38.3","primary_longitude":"-78.46","state_abbreviation":"VA","state_name":"Virginia"},{"county_name":null,"description":null,"feat_class":"Civil","feature_id":"39465","fips_class":"H1","fips_county_cd":"81","full_county_name":null,"link_title":null,"url":"http:\/\/www.greensvillecountyva.gov\/","name":"Greensville County","primary_latitude":"36.68","primary_longitude":"-77.56","state_abbreviation":"VA","state_name":"Virginia"},{"county_name":null,"description":null,"feat_class":"Civil","feature_id":"39467","fips_class":"H1","fips_county_cd":"85","full_county_name":null,"link_title":null,"url":"http:\/\/www.co.hanover.va.us\/","name":"Hanover County","primary_latitude":"37.75","primary_longitude":"-77.48","state_abbreviation":"VA","state_name":"Virginia"},{"county_name":null,"description":null,"feat_class":"Civil","feature_id":"39468","fips_class":"H1","fips_county_cd":"87","full_county_name":null,"link_title":null,"url":"http:\/\/www.co.henrico.va.us\/","name":"Henrico County","primary_latitude":"37.55","primary_longitude":"-77.36","state_abbreviation":"VA","state_name":"Virginia"},{"county_name":null,"description":null,"feat_class":"Civil","feature_id":"39469","fips_class":"H1","fips_county_cd":"89","full_county_name":null,"link_title":null,"url":"http:\/\/www.henrycountyva.gov","name":"Henry County","primary_latitude":"36.66","primary_longitude":"-79.88","state_abbreviation":"VA","state_name":"Virginia"},{"county_name":null,"description":null,"feat_class":"Civil","feature_id":"39470","fips_class":"H1","fips_county_cd":"91","full_county_name":null,"link_title":null,"url":"http:\/\/www.highlandcova.org\/","name":"Highland County","primary_latitude":"38.36","primary_longitude":"-79.36","state_abbreviation":"VA","state_name":"Virginia"},{"county_name":null,"description":null,"feat_class":"Civil","feature_id":"39471","fips_class":"H1","fips_county_cd":"93","full_county_name":null,"link_title":null,"url":"http:\/\/www.co.isle-of-wight.va.us\/","name":"Isle of Wight County","primary_latitude":"36.88","primary_longitude":"-76.69","state_abbreviation":"VA","state_name":"Virginia"},{"county_name":null,"description":null,"feat_class":"Civil","feature_id":"39472","fips_class":"H1","fips_county_cd":"95","full_county_name":null,"link_title":null,"url":"http:\/\/www.jccegov.com","name":"James City County","primary_latitude":"37.3","primary_longitude":"-76.76","state_abbreviation":"VA","state_name":"Virginia"},{"county_name":null,"description":null,"feat_class":"Civil","feature_id":"39474","fips_class":"H1","fips_county_cd":"99","full_county_name":null,"link_title":null,"url":"http:\/\/www.king-george.va.us\/","name":"King George County","primary_latitude":"38.26","primary_longitude":"-77.14","state_abbreviation":"VA","state_name":"Virginia"},{"county_name":null,"description":null,"feat_class":"Civil","feature_id":"39475","fips_class":"H1","fips_county_cd":"101","full_county_name":null,"link_title":null,"url":"http:\/\/www.kingwilliamcounty.us\/","name":"King William County","primary_latitude":"37.68","primary_longitude":"-77.08","state_abbreviation":"VA","state_name":"Virginia"},{"county_name":null,"description":null,"feat_class":"Civil","feature_id":"39476","fips_class":"H1","fips_county_cd":"103","full_county_name":null,"link_title":null,"url":"http:\/\/www.lancova.com\/","name":"Lancaster County","primary_latitude":"37.73","primary_longitude":"-76.43","state_abbreviation":"VA","state_name":"Virginia"},{"county_name":null,"description":null,"feat_class":"Civil","feature_id":"39478","fips_class":"H1","fips_county_cd":"107","full_county_name":null,"link_title":null,"url":"http:\/\/www.loudoun.gov\/","name":"Loudoun County","primary_latitude":"39.08","primary_longitude":"-77.64","state_abbreviation":"VA","state_name":"Virginia"},{"county_name":null,"description":null,"feat_class":"Civil","feature_id":"39479","fips_class":"H1","fips_county_cd":"109","full_county_name":null,"link_title":null,"url":"http:\/\/www.louisacounty.com\/","name":"Louisa County","primary_latitude":"37.98","primary_longitude":"-77.96","state_abbreviation":"VA","state_name":"Virginia"},{"county_name":null,"description":null,"feat_class":"Civil","feature_id":"39482","fips_class":"H1","fips_county_cd":"115","full_county_name":null,"link_title":null,"url":"http:\/\/www.co.mathews.va.us\/","name":"Mathews County","primary_latitude":"37.43","primary_longitude":"-76.36","state_abbreviation":"VA","state_name":"Virginia"},{"county_name":null,"description":null,"feat_class":"Civil","feature_id":"39484","fips_class":"H1","fips_county_cd":"119","full_county_name":null,"link_title":null,"url":"http:\/\/www.co.middlesex.va.us\/","name":"Middlesex County","primary_latitude":"37.6","primary_longitude":"-76.56","state_abbreviation":"VA","state_name":"Virginia"},{"county_name":null,"description":null,"feat_class":"Civil","feature_id":"39485","fips_class":"H1","fips_county_cd":"121","full_county_name":null,"link_title":null,"url":"http:\/\/www.montva.com\/","name":"Montgomery County","primary_latitude":"37.16","primary_longitude":"-80.38","state_abbreviation":"VA","state_name":"Virginia"},{"county_name":null,"description":null,"feat_class":"Civil","feature_id":"39486","fips_class":"H1","fips_county_cd":"125","full_county_name":null,"link_title":null,"url":"http:\/\/www.nelsoncounty.com\/","name":"Nelson County","primary_latitude":"37.78","primary_longitude":"-78.78","state_abbreviation":"VA","state_name":"Virginia"},{"county_name":null,"description":null,"feat_class":"Civil","feature_id":"39487","fips_class":"H1","fips_county_cd":"127","full_county_name":null,"link_title":null,"url":"http:\/\/www.co.new-kent.va.us\/","name":"New Kent County","primary_latitude":"37.48","primary_longitude":"-76.99","state_abbreviation":"VA","state_name":"Virginia"},{"county_name":null,"description":null,"feat_class":"Civil","feature_id":"39488","fips_class":"H1","fips_county_cd":"131","full_county_name":null,"link_title":null,"url":"http:\/\/www.co.northampton.va.us\/","name":"Northampton County","primary_latitude":"37.35","primary_longitude":"-75.93","state_abbreviation":"VA","state_name":"Virginia"},{"county_name":null,"description":null,"feat_class":"Civil","feature_id":"39489","fips_class":"H1","fips_county_cd":"133","full_county_name":null,"link_title":null,"url":"http:\/\/www.co.northumberland.va.us\/","name":"Northumberland County","primary_latitude":"37.88","primary_longitude":"-76.41","state_abbreviation":"VA","state_name":"Virginia"},{"county_name":null,"description":null,"feat_class":"Civil","feature_id":"39490","fips_class":"H1","fips_county_cd":"135","full_county_name":null,"link_title":null,"url":"http:\/\/www.nottoway.org\/","name":"Nottoway County","primary_latitude":"37.13","primary_longitude":"-78.06","state_abbreviation":"VA","state_name":"Virginia"},{"county_name":null,"description":null,"feat_class":"Civil","feature_id":"39491","fips_class":"H1","fips_county_cd":"137","full_county_name":null,"link_title":null,"url":"http:\/\/www.orangecova.com\/","name":"Orange County","primary_latitude":"38.25","primary_longitude":"-78.03","state_abbreviation":"VA","state_name":"Virginia"},{"county_name":null,"description":null,"feat_class":"Civil","feature_id":"39492","fips_class":"H1","fips_county_cd":"139","full_county_name":null,"link_title":null,"url":"http:\/\/pagecounty.virginia.gov\/","name":"Page County","primary_latitude":"38.63","primary_longitude":"-78.46","state_abbreviation":"VA","state_name":"Virginia"},{"county_name":null,"description":null,"feat_class":"Civil","feature_id":"39493","fips_class":"H1","fips_county_cd":"141","full_county_name":null,"link_title":null,"url":"http:\/\/www.co.patrick.va.us\/","name":"Patrick County","primary_latitude":"36.66","primary_longitude":"-80.28","state_abbreviation":"VA","state_name":"Virginia"},{"county_name":null,"description":null,"feat_class":"Civil","feature_id":"39494","fips_class":"H1","fips_county_cd":"143","full_county_name":null,"link_title":null,"url":"http:\/\/www.pittgov.org\/","name":"Pittsylvania County","primary_latitude":"36.81","primary_longitude":"-79.39","state_abbreviation":"VA","state_name":"Virginia"},{"county_name":null,"description":null,"feat_class":"Civil","feature_id":"39495","fips_class":"H1","fips_county_cd":"145","full_county_name":null,"link_title":null,"url":"http:\/\/www.powhatanva.gov\/","name":"Powhatan County","primary_latitude":"37.56","primary_longitude":"-77.91","state_abbreviation":"VA","state_name":"Virginia"},{"county_name":null,"description":null,"feat_class":"Civil","feature_id":"39496","fips_class":"H1","fips_county_cd":"147","full_county_name":null,"link_title":null,"url":"http:\/\/www.co.prince-edward.va.us\/","name":"Prince Edward County","primary_latitude":"37.2","primary_longitude":"-78.44","state_abbreviation":"VA","state_name":"Virginia"},{"county_name":null,"description":null,"feat_class":"Civil","feature_id":"39497","fips_class":"H1","fips_county_cd":"149","full_county_name":null,"link_title":null,"url":"http:\/\/www.princegeorgeva.org\/","name":"Prince George County","primary_latitude":"37.2","primary_longitude":"-77.23","state_abbreviation":"VA","state_name":"Virginia"},{"county_name":null,"description":null,"feat_class":"Civil","feature_id":"39498","fips_class":"H1","fips_county_cd":"153","full_county_name":null,"link_title":null,"url":"http:\/\/www.pwcgov.org\/","name":"Prince William County","primary_latitude":"38.7","primary_longitude":"-77.48","state_abbreviation":"VA","state_name":"Virginia"},{"county_name":null,"description":null,"feat_class":"Civil","feature_id":"39499","fips_class":"H1","fips_county_cd":"155","full_county_name":null,"link_title":null,"url":"http:\/\/www.pulaskicounty.org\/","name":"Pulaski County","primary_latitude":"37.06","primary_longitude":"-80.71","state_abbreviation":"VA","state_name":"Virginia"},{"county_name":null,"description":null,"feat_class":"Civil","feature_id":"39501","fips_class":"H1","fips_county_cd":"159","full_county_name":null,"link_title":null,"url":"http:\/\/www.co.richmond.va.us\/","name":"Richmond County","primary_latitude":"37.95","primary_longitude":"-76.73","state_abbreviation":"VA","state_name":"Virginia"},{"county_name":null,"description":null,"feat_class":"Civil","feature_id":"39502","fips_class":"H1","fips_county_cd":"161","full_county_name":null,"link_title":null,"url":"http:\/\/www.roanokecountyva.gov\/","name":"Roanoke County","primary_latitude":"37.28","primary_longitude":"-80.04","state_abbreviation":"VA","state_name":"Virginia"},{"county_name":null,"description":null,"feat_class":"Civil","feature_id":"39503","fips_class":"H1","fips_county_cd":"163","full_county_name":null,"link_title":null,"url":"http:\/\/www.co.rockbridge.va.us\/","name":"Rockbridge County","primary_latitude":"37.8","primary_longitude":"-79.43","state_abbreviation":"VA","state_name":"Virginia"},{"county_name":null,"description":null,"feat_class":"Civil","feature_id":"39504","fips_class":"H1","fips_county_cd":"165","full_county_name":null,"link_title":null,"url":"http:\/\/www.rockinghamcountyva.gov\/","name":"Rockingham County","primary_latitude":"38.51","primary_longitude":"-78.88","state_abbreviation":"VA","state_name":"Virginia"},{"county_name":null,"description":null,"feat_class":"Civil","feature_id":"39506","fips_class":"H1","fips_county_cd":"169","full_county_name":null,"link_title":null,"url":"http:\/\/www.scottcountyva.com\/","name":"Scott County","primary_latitude":"36.7","primary_longitude":"-82.58","state_abbreviation":"VA","state_name":"Virginia"},{"county_name":null,"description":null,"feat_class":"Civil","feature_id":"39507","fips_class":"H1","fips_county_cd":"171","full_county_name":null,"link_title":null,"url":"http:\/\/www.shenandoahcountyva.us\/","name":"Shenandoah County","primary_latitude":"38.86","primary_longitude":"-78.59","state_abbreviation":"VA","state_name":"Virginia"},{"county_name":null,"description":null,"feat_class":"Civil","feature_id":"39508","fips_class":"H1","fips_county_cd":"173","full_county_name":null,"link_title":null,"url":"http:\/\/www.smythcounty.org\/","name":"Smyth County","primary_latitude":"36.85","primary_longitude":"-81.51","state_abbreviation":"VA","state_name":"Virginia"},{"county_name":null,"description":null,"feat_class":"Civil","feature_id":"39509","fips_class":"H1","fips_county_cd":"175","full_county_name":null,"link_title":null,"url":"http:\/\/www.southamptoncounty.org\/","name":"Southampton County","primary_latitude":"36.73","primary_longitude":"-77.09","state_abbreviation":"VA","state_name":"Virginia"},{"county_name":null,"description":null,"feat_class":"Civil","feature_id":"39510","fips_class":"H1","fips_county_cd":"177","full_county_name":null,"link_title":null,"url":"http:\/\/www.spotsylvania.va.us\/","name":"Spotsylvania County","primary_latitude":"38.18","primary_longitude":"-77.64","state_abbreviation":"VA","state_name":"Virginia"},{"county_name":null,"description":null,"feat_class":"Civil","feature_id":"39511","fips_class":"H1","fips_county_cd":"179","full_county_name":null,"link_title":null,"url":"http:\/\/www.co.stafford.va.us\/","name":"Stafford County","primary_latitude":"38.41","primary_longitude":"-77.46","state_abbreviation":"VA","state_name":"Virginia"},{"county_name":null,"description":null,"feat_class":"Civil","feature_id":"39515","fips_class":"H1","fips_county_cd":"187","full_county_name":null,"link_title":null,"url":"http:\/\/www.warrencountyva.net\/","name":"Warren County","primary_latitude":"38.93","primary_longitude":"-78.18","state_abbreviation":"VA","state_name":"Virginia"},{"county_name":null,"description":null,"feat_class":"Civil","feature_id":"39516","fips_class":"H1","fips_county_cd":"191","full_county_name":null,"link_title":null,"url":"http:\/\/www.washcova.com\/","name":"Washington County","primary_latitude":"36.71","primary_longitude":"-81.96","state_abbreviation":"VA","state_name":"Virginia"},{"county_name":null,"description":null,"feat_class":"Civil","feature_id":"39518","fips_class":"H1","fips_county_cd":"195","full_county_name":null,"link_title":null,"url":"http:\/\/www.wisecounty.org\/","name":"Wise County","primary_latitude":"36.96","primary_longitude":"-82.59","state_abbreviation":"VA","state_name":"Virginia"},{"county_name":null,"description":null,"feat_class":"Civil","feature_id":"39520","fips_class":"H1","fips_county_cd":"199","full_county_name":null,"link_title":null,"url":"http:\/\/www.yorkcounty.gov\/","name":"York County","primary_latitude":"37.23","primary_longitude":"-76.54","state_abbreviation":"VA","state_name":"Virginia"}]