[{"county_name":null,"description":null,"feat_class":"Civil","feature_id":"39538","fips_class":"H1","fips_county_cd":"1","full_county_name":null,"link_title":null,"url":"http:\/\/www.co.adams.wa.us\/","name":"Adams County","primary_latitude":"46.98","primary_longitude":"-118.51","state_abbreviation":"WA","state_name":"Washington"},{"county_name":null,"description":null,"feat_class":"Civil","feature_id":"39539","fips_class":"H1","fips_county_cd":"3","full_county_name":null,"link_title":null,"url":"http:\/\/www.co.asotin.wa.us\/","name":"Asotin County","primary_latitude":"46.19","primary_longitude":"-117.18","state_abbreviation":"WA","state_name":"Washington"},{"county_name":null,"description":null,"feat_class":"Civil","feature_id":"39540","fips_class":"H1","fips_county_cd":"5","full_county_name":null,"link_title":null,"url":"http:\/\/www.co.benton.wa.us\/","name":"Benton County","primary_latitude":"46.26","primary_longitude":"-119.48","state_abbreviation":"WA","state_name":"Washington"},{"county_name":null,"description":null,"feat_class":"Civil","feature_id":"39541","fips_class":"H1","fips_county_cd":"7","full_county_name":null,"link_title":null,"url":"http:\/\/www.co.chelan.wa.us\/","name":"Chelan County","primary_latitude":"47.88","primary_longitude":"-120.63","state_abbreviation":"WA","state_name":"Washington"},{"county_name":null,"description":null,"feat_class":"Civil","feature_id":"39542","fips_class":"H1","fips_county_cd":"9","full_county_name":null,"link_title":null,"url":"http:\/\/www.clallam.net\/","name":"Clallam County","primary_latitude":"48.04","primary_longitude":"-123.83","state_abbreviation":"WA","state_name":"Washington"},{"county_name":null,"description":null,"feat_class":"Civil","feature_id":"39543","fips_class":"H1","fips_county_cd":"11","full_county_name":null,"link_title":null,"url":"http:\/\/www.co.clark.wa.us\/","name":"Clark County","primary_latitude":"45.79","primary_longitude":"-122.48","state_abbreviation":"WA","state_name":"Washington"},{"county_name":null,"description":null,"feat_class":"Civil","feature_id":"39544","fips_class":"H1","fips_county_cd":"13","full_county_name":null,"link_title":null,"url":"http:\/\/www.columbiaco.com\/","name":"Columbia County","primary_latitude":"46.29","primary_longitude":"-117.93","state_abbreviation":"WA","state_name":"Washington"},{"county_name":null,"description":null,"feat_class":"Civil","feature_id":"39545","fips_class":"H1","fips_county_cd":"15","full_county_name":null,"link_title":null,"url":"http:\/\/www.co.cowlitz.wa.us\/","name":"Cowlitz County","primary_latitude":"46.19","primary_longitude":"-122.68","state_abbreviation":"WA","state_name":"Washington"},{"county_name":null,"description":null,"feat_class":"Civil","feature_id":"39546","fips_class":"H1","fips_county_cd":"17","full_county_name":null,"link_title":null,"url":"http:\/\/www.douglascountywa.net\/","name":"Douglas County","primary_latitude":"47.71","primary_longitude":"-119.73","state_abbreviation":"WA","state_name":"Washington"},{"county_name":null,"description":null,"feat_class":"Civil","feature_id":"39548","fips_class":"H1","fips_county_cd":"21","full_county_name":null,"link_title":null,"url":"http:\/\/www.co.franklin.wa.us\/","name":"Franklin County","primary_latitude":"46.51","primary_longitude":"-118.93","state_abbreviation":"WA","state_name":"Washington"},{"county_name":null,"description":null,"feat_class":"Civil","feature_id":"39550","fips_class":"H1","fips_county_cd":"25","full_county_name":null,"link_title":null,"url":"http:\/\/www.co.grant.wa.us\/","name":"Grant County","primary_latitude":"47.14","primary_longitude":"-119.48","state_abbreviation":"WA","state_name":"Washington"},{"county_name":null,"description":null,"feat_class":"Civil","feature_id":"39551","fips_class":"H1","fips_county_cd":"27","full_county_name":null,"link_title":null,"url":"http:\/\/www.co.grays-harbor.wa.us\/","name":"Grays Harbor County","primary_latitude":"47.08","primary_longitude":"-123.83","state_abbreviation":"WA","state_name":"Washington"},{"county_name":null,"description":null,"feat_class":"Civil","feature_id":"39552","fips_class":"H1","fips_county_cd":"29","full_county_name":null,"link_title":null,"url":"http:\/\/www.islandcounty.net\/","name":"Island County","primary_latitude":"48.13","primary_longitude":"-122.58","state_abbreviation":"WA","state_name":"Washington"},{"county_name":null,"description":null,"feat_class":"Civil","feature_id":"39553","fips_class":"H1","fips_county_cd":"31","full_county_name":null,"link_title":null,"url":"http:\/\/www.co.jefferson.wa.us\/","name":"Jefferson County","primary_latitude":"47.61","primary_longitude":"-123.08","state_abbreviation":"WA","state_name":"Washington"},{"county_name":null,"description":null,"feat_class":"Civil","feature_id":"39554","fips_class":"H1","fips_county_cd":"33","full_county_name":null,"link_title":null,"url":"http:\/\/www.kingcounty.gov\/","name":"King County","primary_latitude":"47.46","primary_longitude":"-121.81","state_abbreviation":"WA","state_name":"Washington"},{"county_name":null,"description":null,"feat_class":"Civil","feature_id":"39555","fips_class":"H1","fips_county_cd":"35","full_county_name":null,"link_title":null,"url":"http:\/\/www.kitsapgov.com\/","name":"Kitsap County","primary_latitude":"47.61","primary_longitude":"-122.66","state_abbreviation":"WA","state_name":"Washington"},{"county_name":null,"description":null,"feat_class":"Civil","feature_id":"39556","fips_class":"H1","fips_county_cd":"37","full_county_name":null,"link_title":null,"url":"http:\/\/www.co.kittitas.wa.us\/","name":"Kittitas County","primary_latitude":"47.11","primary_longitude":"-120.68","state_abbreviation":"WA","state_name":"Washington"},{"county_name":null,"description":null,"feat_class":"Civil","feature_id":"39557","fips_class":"H1","fips_county_cd":"39","full_county_name":null,"link_title":null,"url":"http:\/\/www.klickitatcounty.org\/","name":"Klickitat County","primary_latitude":"45.86","primary_longitude":"-120.76","state_abbreviation":"WA","state_name":"Washington"},{"county_name":null,"description":null,"feat_class":"Civil","feature_id":"39558","fips_class":"H1","fips_county_cd":"41","full_county_name":null,"link_title":null,"url":"http:\/\/lewiscountywa.gov\/","name":"Lewis County","primary_latitude":"46.58","primary_longitude":"-122.4","state_abbreviation":"WA","state_name":"Washington"},{"county_name":null,"description":null,"feat_class":"Civil","feature_id":"39560","fips_class":"H1","fips_county_cd":"45","full_county_name":null,"link_title":null,"url":"http:\/\/www.co.mason.wa.us\/","name":"Mason County","primary_latitude":"47.34","primary_longitude":"-123.18","state_abbreviation":"WA","state_name":"Washington"},{"county_name":null,"description":null,"feat_class":"Civil","feature_id":"39561","fips_class":"H1","fips_county_cd":"47","full_county_name":null,"link_title":null,"url":"http:\/\/www.okanogancounty.org\/","name":"Okanogan County","primary_latitude":"48.54","primary_longitude":"-119.73","state_abbreviation":"WA","state_name":"Washington"},{"county_name":null,"description":null,"feat_class":"Civil","feature_id":"39562","fips_class":"H1","fips_county_cd":"49","full_county_name":null,"link_title":null,"url":"http:\/\/www.co.pacific.wa.us\/","name":"Pacific County","primary_latitude":"46.56","primary_longitude":"-123.71","state_abbreviation":"WA","state_name":"Washington"},{"county_name":null,"description":null,"feat_class":"Civil","feature_id":"39563","fips_class":"H1","fips_county_cd":"51","full_county_name":null,"link_title":null,"url":"http:\/\/www.pendoreilleco.org\/","name":"Pend Oreille County","primary_latitude":"48.53","primary_longitude":"-117.28","state_abbreviation":"WA","state_name":"Washington"},{"county_name":null,"description":null,"feat_class":"Civil","feature_id":"39564","fips_class":"H1","fips_county_cd":"53","full_county_name":null,"link_title":null,"url":"http:\/\/www.co.pierce.wa.us\/","name":"Pierce County","primary_latitude":"47.03","primary_longitude":"-122.11","state_abbreviation":"WA","state_name":"Washington"},{"county_name":null,"description":null,"feat_class":"Civil","feature_id":"39565","fips_class":"H1","fips_county_cd":"55","full_county_name":null,"link_title":null,"url":"http:\/\/www.co.san-juan.wa.us\/","name":"San Juan County","primary_latitude":"48.56","primary_longitude":"-122.96","state_abbreviation":"WA","state_name":"Washington"},{"county_name":null,"description":null,"feat_class":"Civil","feature_id":"39566","fips_class":"H1","fips_county_cd":"57","full_county_name":null,"link_title":null,"url":"http:\/\/www.skagitcounty.net\/","name":"Skagit County","primary_latitude":"48.46","primary_longitude":"-121.78","state_abbreviation":"WA","state_name":"Washington"},{"county_name":null,"description":null,"feat_class":"Civil","feature_id":"39567","fips_class":"H1","fips_county_cd":"59","full_county_name":null,"link_title":null,"url":"http:\/\/www.skamaniacounty.org\/","name":"Skamania County","primary_latitude":"46.03","primary_longitude":"-121.9","state_abbreviation":"WA","state_name":"Washington"},{"county_name":null,"description":null,"feat_class":"Civil","feature_id":"39568","fips_class":"H1","fips_county_cd":"61","full_county_name":null,"link_title":null,"url":"http:\/\/www.co.snohomish.wa.us\/","name":"Snohomish County","primary_latitude":"48.04","primary_longitude":"-121.71","state_abbreviation":"WA","state_name":"Washington"},{"county_name":null,"description":null,"feat_class":"Civil","feature_id":"39569","fips_class":"H1","fips_county_cd":"63","full_county_name":null,"link_title":null,"url":"http:\/\/www.spokanecounty.org\/","name":"Spokane County","primary_latitude":"47.61","primary_longitude":"-117.36","state_abbreviation":"WA","state_name":"Washington"},{"county_name":null,"description":null,"feat_class":"Civil","feature_id":"39570","fips_class":"H1","fips_county_cd":"65","full_county_name":null,"link_title":null,"url":"http:\/\/www.co.stevens.wa.us\/","name":"Stevens County","primary_latitude":"48.43","primary_longitude":"-117.83","state_abbreviation":"WA","state_name":"Washington"},{"county_name":null,"description":null,"feat_class":"Civil","feature_id":"39571","fips_class":"H1","fips_county_cd":"67","full_county_name":null,"link_title":null,"url":"http:\/\/www.co.thurston.wa.us\/","name":"Thurston County","primary_latitude":"46.91","primary_longitude":"-122.81","state_abbreviation":"WA","state_name":"Washington"},{"county_name":null,"description":null,"feat_class":"Civil","feature_id":"39572","fips_class":"H1","fips_county_cd":"69","full_county_name":null,"link_title":null,"url":"http:\/\/www.co.wahkiakum.wa.us\/","name":"Wahkiakum County","primary_latitude":"46.28","primary_longitude":"-123.43","state_abbreviation":"WA","state_name":"Washington"},{"county_name":null,"description":null,"feat_class":"Civil","feature_id":"39573","fips_class":"H1","fips_county_cd":"71","full_county_name":null,"link_title":null,"url":"http:\/\/www.co.walla-walla.wa.us\/","name":"Walla Walla County","primary_latitude":"46.28","primary_longitude":"-118.48","state_abbreviation":"WA","state_name":"Washington"},{"county_name":null,"description":null,"feat_class":"Civil","feature_id":"39574","fips_class":"H1","fips_county_cd":"73","full_county_name":null,"link_title":null,"url":"http:\/\/www.co.whatcom.wa.us\/","name":"Whatcom County","primary_latitude":"48.91","primary_longitude":"-121.78","state_abbreviation":"WA","state_name":"Washington"},{"county_name":null,"description":null,"feat_class":"Civil","feature_id":"39575","fips_class":"H1","fips_county_cd":"75","full_county_name":null,"link_title":null,"url":"http:\/\/www.whitmancounty.org\/","name":"Whitman County","primary_latitude":"46.91","primary_longitude":"-117.48","state_abbreviation":"WA","state_name":"Washington"},{"county_name":null,"description":null,"feat_class":"Civil","feature_id":"39576","fips_class":"H1","fips_county_cd":"77","full_county_name":null,"link_title":null,"url":"http:\/\/www.yakimacounty.us","name":"Yakima County","primary_latitude":"46.46","primary_longitude":"-120.66","state_abbreviation":"WA","state_name":"Washington"}]