[{"county_name":null,"description":null,"feat_class":"Civil","feature_id":"39577","fips_class":"H1","fips_county_cd":"1","full_county_name":null,"link_title":null,"url":"http:\/\/www.co.adams.wi.us\/","name":"Adams County","primary_latitude":"43.93","primary_longitude":"-89.76","state_abbreviation":"WI","state_name":"Wisconsin"},{"county_name":null,"description":null,"feat_class":"Civil","feature_id":"39578","fips_class":"H1","fips_county_cd":"3","full_county_name":null,"link_title":null,"url":"http:\/\/www.co.ashland.wi.us\/","name":"Ashland County","primary_latitude":"46.39","primary_longitude":"-90.83","state_abbreviation":"WI","state_name":"Wisconsin"},{"county_name":null,"description":null,"feat_class":"Civil","feature_id":"39579","fips_class":"H1","fips_county_cd":"5","full_county_name":null,"link_title":null,"url":"http:\/\/www.barroncountywi.gov\/","name":"Barron County","primary_latitude":"45.41","primary_longitude":"-91.85","state_abbreviation":"WI","state_name":"Wisconsin"},{"county_name":null,"description":null,"feat_class":"Civil","feature_id":"39580","fips_class":"H1","fips_county_cd":"7","full_county_name":null,"link_title":null,"url":"http:\/\/www.bayfieldcounty.org\/","name":"Bayfield County","primary_latitude":"46.54","primary_longitude":"-91.15","state_abbreviation":"WI","state_name":"Wisconsin"},{"county_name":null,"description":null,"feat_class":"Civil","feature_id":"39581","fips_class":"H1","fips_county_cd":"9","full_county_name":null,"link_title":null,"url":"http:\/\/www.co.brown.wi.us\/","name":"Brown County","primary_latitude":"44.46","primary_longitude":"-87.96","state_abbreviation":"WI","state_name":"Wisconsin"},{"county_name":null,"description":null,"feat_class":"Civil","feature_id":"39582","fips_class":"H1","fips_county_cd":"11","full_county_name":null,"link_title":null,"url":"http:\/\/www.buffalocounty.com\/","name":"Buffalo County","primary_latitude":"44.36","primary_longitude":"-91.78","state_abbreviation":"WI","state_name":"Wisconsin"},{"county_name":null,"description":null,"feat_class":"Civil","feature_id":"39583","fips_class":"H1","fips_county_cd":"13","full_county_name":null,"link_title":null,"url":"http:\/\/www.burnettcounty.com\/","name":"Burnett County","primary_latitude":"45.84","primary_longitude":"-92.38","state_abbreviation":"WI","state_name":"Wisconsin"},{"county_name":null,"description":null,"feat_class":"Civil","feature_id":"39584","fips_class":"H1","fips_county_cd":"15","full_county_name":null,"link_title":null,"url":"http:\/\/www.co.calumet.wi.us\/","name":"Calumet County","primary_latitude":"44.08","primary_longitude":"-88.2","state_abbreviation":"WI","state_name":"Wisconsin"},{"county_name":null,"description":null,"feat_class":"Civil","feature_id":"39585","fips_class":"H1","fips_county_cd":"17","full_county_name":null,"link_title":null,"url":"http:\/\/www.co.chippewa.wi.us\/","name":"Chippewa County","primary_latitude":"45.06","primary_longitude":"-91.26","state_abbreviation":"WI","state_name":"Wisconsin"},{"county_name":null,"description":null,"feat_class":"Civil","feature_id":"39586","fips_class":"H1","fips_county_cd":"19","full_county_name":null,"link_title":null,"url":"http:\/\/www.co.clark.wi.us\/","name":"Clark County","primary_latitude":"44.73","primary_longitude":"-90.63","state_abbreviation":"WI","state_name":"Wisconsin"},{"county_name":null,"description":null,"feat_class":"Civil","feature_id":"39587","fips_class":"H1","fips_county_cd":"21","full_county_name":null,"link_title":null,"url":"http:\/\/www.co.columbia.wi.us\/","name":"Columbia County","primary_latitude":"43.46","primary_longitude":"-89.33","state_abbreviation":"WI","state_name":"Wisconsin"},{"county_name":null,"description":null,"feat_class":"Civil","feature_id":"39589","fips_class":"H1","fips_county_cd":"25","full_county_name":null,"link_title":null,"url":"http:\/\/www.countyofdane.com","name":"Dane County","primary_latitude":"43.06","primary_longitude":"-89.43","state_abbreviation":"WI","state_name":"Wisconsin"},{"county_name":null,"description":null,"feat_class":"Civil","feature_id":"39590","fips_class":"H1","fips_county_cd":"27","full_county_name":null,"link_title":null,"url":"http:\/\/www.co.dodge.wi.us\/","name":"Dodge County","primary_latitude":"43.41","primary_longitude":"-88.7","state_abbreviation":"WI","state_name":"Wisconsin"},{"county_name":null,"description":null,"feat_class":"Civil","feature_id":"39591","fips_class":"H1","fips_county_cd":"29","full_county_name":null,"link_title":null,"url":"http:\/\/www.co.door.wi.gov\/","name":"Door County","primary_latitude":"44.91","primary_longitude":"-87.3","state_abbreviation":"WI","state_name":"Wisconsin"},{"county_name":null,"description":null,"feat_class":"Civil","feature_id":"39592","fips_class":"H1","fips_county_cd":"31","full_county_name":null,"link_title":null,"url":"http:\/\/www.douglascountywi.org\/","name":"Douglas County","primary_latitude":"46.43","primary_longitude":"-91.9","state_abbreviation":"WI","state_name":"Wisconsin"},{"county_name":null,"description":null,"feat_class":"Civil","feature_id":"39593","fips_class":"H1","fips_county_cd":"33","full_county_name":null,"link_title":null,"url":"http:\/\/dunncountywi.govoffice2.com\/","name":"Dunn County","primary_latitude":"44.94","primary_longitude":"-91.88","state_abbreviation":"WI","state_name":"Wisconsin"},{"county_name":null,"description":null,"feat_class":"Civil","feature_id":"39594","fips_class":"H1","fips_county_cd":"35","full_county_name":null,"link_title":null,"url":"http:\/\/www.co.eau-claire.wi.us\/","name":"Eau Claire County","primary_latitude":"44.73","primary_longitude":"-91.3","state_abbreviation":"WI","state_name":"Wisconsin"},{"county_name":null,"description":null,"feat_class":"Civil","feature_id":"39595","fips_class":"H1","fips_county_cd":"37","full_county_name":null,"link_title":null,"url":"http:\/\/www.florencewisconsin.com\/","name":"Florence County","primary_latitude":"45.84","primary_longitude":"-88.36","state_abbreviation":"WI","state_name":"Wisconsin"},{"county_name":null,"description":null,"feat_class":"Civil","feature_id":"39596","fips_class":"H1","fips_county_cd":"39","full_county_name":null,"link_title":null,"url":"http:\/\/www.fdlco.wi.gov\/","name":"Fond du Lac County","primary_latitude":"43.75","primary_longitude":"-88.46","state_abbreviation":"WI","state_name":"Wisconsin"},{"county_name":null,"description":null,"feat_class":"Civil","feature_id":"39598","fips_class":"H1","fips_county_cd":"43","full_county_name":null,"link_title":null,"url":"http:\/\/grantcounty.org\/","name":"Grant County","primary_latitude":"42.86","primary_longitude":"-90.7","state_abbreviation":"WI","state_name":"Wisconsin"},{"county_name":null,"description":null,"feat_class":"Civil","feature_id":"39599","fips_class":"H1","fips_county_cd":"45","full_county_name":null,"link_title":null,"url":"http:\/\/www.co.green.wi.gov\/","name":"Green County","primary_latitude":"42.83","primary_longitude":"-89.6","state_abbreviation":"WI","state_name":"Wisconsin"},{"county_name":null,"description":null,"feat_class":"Civil","feature_id":"39600","fips_class":"H1","fips_county_cd":"47","full_county_name":null,"link_title":null,"url":"http:\/\/www.co.green-lake.wi.us\/","name":"Green Lake County","primary_latitude":"43.79","primary_longitude":"-89.03","state_abbreviation":"WI","state_name":"Wisconsin"},{"county_name":null,"description":null,"feat_class":"Civil","feature_id":"39601","fips_class":"H1","fips_county_cd":"49","full_county_name":null,"link_title":null,"url":"http:\/\/www.iowacounty.org\/","name":"Iowa County","primary_latitude":"43","primary_longitude":"-90.15","state_abbreviation":"WI","state_name":"Wisconsin"},{"county_name":null,"description":null,"feat_class":"Civil","feature_id":"39603","fips_class":"H1","fips_county_cd":"53","full_county_name":null,"link_title":null,"url":"http:\/\/www.co.jackson.wi.us\/","name":"Jackson County","primary_latitude":"44.33","primary_longitude":"-90.86","state_abbreviation":"WI","state_name":"Wisconsin"},{"county_name":null,"description":null,"feat_class":"Civil","feature_id":"39604","fips_class":"H1","fips_county_cd":"55","full_county_name":null,"link_title":null,"url":"http:\/\/www.jeffersoncountywi.gov\/","name":"Jefferson County","primary_latitude":"43.03","primary_longitude":"-88.76","state_abbreviation":"WI","state_name":"Wisconsin"},{"county_name":null,"description":null,"feat_class":"Civil","feature_id":"39605","fips_class":"H1","fips_county_cd":"57","full_county_name":null,"link_title":null,"url":"http:\/\/www.juneaucounty.com\/","name":"Juneau County","primary_latitude":"43.91","primary_longitude":"-90.13","state_abbreviation":"WI","state_name":"Wisconsin"},{"county_name":null,"description":null,"feat_class":"Civil","feature_id":"39606","fips_class":"H1","fips_county_cd":"59","full_county_name":null,"link_title":null,"url":"http:\/\/www.co.kenosha.wi.us\/","name":"Kenosha County","primary_latitude":"42.56","primary_longitude":"-88.05","state_abbreviation":"WI","state_name":"Wisconsin"},{"county_name":null,"description":null,"feat_class":"Civil","feature_id":"39607","fips_class":"H1","fips_county_cd":"61","full_county_name":null,"link_title":null,"url":"http:\/\/www.kewauneeco.org\/","name":"Kewaunee County","primary_latitude":"44.51","primary_longitude":"-87.63","state_abbreviation":"WI","state_name":"Wisconsin"},{"county_name":null,"description":null,"feat_class":"Civil","feature_id":"39608","fips_class":"H1","fips_county_cd":"63","full_county_name":null,"link_title":null,"url":"http:\/\/www.co.la-crosse.wi.us\/","name":"La Crosse County","primary_latitude":"43.75","primary_longitude":"-91.1","state_abbreviation":"WI","state_name":"Wisconsin"},{"county_name":null,"description":null,"feat_class":"Civil","feature_id":"39610","fips_class":"H1","fips_county_cd":"67","full_county_name":null,"link_title":null,"url":"http:\/\/www.co.langlade.wi.us\/","name":"Langlade County","primary_latitude":"45.25","primary_longitude":"-89.05","state_abbreviation":"WI","state_name":"Wisconsin"},{"county_name":null,"description":null,"feat_class":"Civil","feature_id":"39611","fips_class":"H1","fips_county_cd":"69","full_county_name":null,"link_title":null,"url":"http:\/\/www.co.lincoln.wi.us\/","name":"Lincoln County","primary_latitude":"45.31","primary_longitude":"-89.75","state_abbreviation":"WI","state_name":"Wisconsin"},{"county_name":null,"description":null,"feat_class":"Civil","feature_id":"39612","fips_class":"H1","fips_county_cd":"71","full_county_name":null,"link_title":null,"url":"http:\/\/www.co.manitowoc.wi.us\/","name":"Manitowoc County","primary_latitude":"44.06","primary_longitude":"-87.8","state_abbreviation":"WI","state_name":"Wisconsin"},{"county_name":null,"description":null,"feat_class":"Civil","feature_id":"39613","fips_class":"H1","fips_county_cd":"73","full_county_name":null,"link_title":null,"url":"http:\/\/www.co.marathon.wi.us\/","name":"Marathon County","primary_latitude":"44.89","primary_longitude":"-89.76","state_abbreviation":"WI","state_name":"Wisconsin"},{"county_name":null,"description":null,"feat_class":"Civil","feature_id":"39614","fips_class":"H1","fips_county_cd":"75","full_county_name":null,"link_title":null,"url":"http:\/\/www.marinettecounty.com\/","name":"Marinette County","primary_latitude":"45.36","primary_longitude":"-88.06","state_abbreviation":"WI","state_name":"Wisconsin"},{"county_name":null,"description":null,"feat_class":"Civil","feature_id":"39615","fips_class":"H1","fips_county_cd":"77","full_county_name":null,"link_title":null,"url":"http:\/\/www.co.marquette.wi.us\/","name":"Marquette County","primary_latitude":"43.81","primary_longitude":"-89.4","state_abbreviation":"WI","state_name":"Wisconsin"},{"county_name":null,"description":null,"feat_class":"Civil","feature_id":"39617","fips_class":"H1","fips_county_cd":"79","full_county_name":null,"link_title":null,"url":"http:\/\/www.county.milwaukee.gov\/","name":"Milwaukee County","primary_latitude":"43","primary_longitude":"-87.96","state_abbreviation":"WI","state_name":"Wisconsin"},{"county_name":null,"description":null,"feat_class":"Civil","feature_id":"39618","fips_class":"H1","fips_county_cd":"81","full_county_name":null,"link_title":null,"url":"http:\/\/www.co.monroe.wi.us\/","name":"Monroe County","primary_latitude":"43.93","primary_longitude":"-90.61","state_abbreviation":"WI","state_name":"Wisconsin"},{"county_name":null,"description":null,"feat_class":"Civil","feature_id":"39619","fips_class":"H1","fips_county_cd":"83","full_county_name":null,"link_title":null,"url":"http:\/\/www.co.oconto.wi.us\/","name":"Oconto County","primary_latitude":"45","primary_longitude":"-88.18","state_abbreviation":"WI","state_name":"Wisconsin"},{"county_name":null,"description":null,"feat_class":"Civil","feature_id":"39620","fips_class":"H1","fips_county_cd":"85","full_county_name":null,"link_title":null,"url":"http:\/\/www.co.oneida.wi.gov\/","name":"Oneida County","primary_latitude":"45.66","primary_longitude":"-89.5","state_abbreviation":"WI","state_name":"Wisconsin"},{"county_name":null,"description":null,"feat_class":"Civil","feature_id":"39621","fips_class":"H1","fips_county_cd":"87","full_county_name":null,"link_title":null,"url":"http:\/\/www.co.outagamie.wi.us\/","name":"Outagamie County","primary_latitude":"44.41","primary_longitude":"-88.46","state_abbreviation":"WI","state_name":"Wisconsin"},{"county_name":null,"description":null,"feat_class":"Civil","feature_id":"39622","fips_class":"H1","fips_county_cd":"89","full_county_name":null,"link_title":null,"url":"http:\/\/www.co.ozaukee.wi.us\/","name":"Ozaukee County","primary_latitude":"43.38","primary_longitude":"-87.95","state_abbreviation":"WI","state_name":"Wisconsin"},{"county_name":null,"description":null,"feat_class":"Civil","feature_id":"39623","fips_class":"H1","fips_county_cd":"91","full_county_name":null,"link_title":null,"url":"http:\/\/www.co.pepin.wi.us\/","name":"Pepin County","primary_latitude":"44.59","primary_longitude":"-92.05","state_abbreviation":"WI","state_name":"Wisconsin"},{"county_name":null,"description":null,"feat_class":"Civil","feature_id":"39624","fips_class":"H1","fips_county_cd":"93","full_county_name":null,"link_title":null,"url":"http:\/\/www.co.pierce.wi.us\/","name":"Pierce County","primary_latitude":"44.73","primary_longitude":"-92.43","state_abbreviation":"WI","state_name":"Wisconsin"},{"county_name":null,"description":null,"feat_class":"Civil","feature_id":"39625","fips_class":"H1","fips_county_cd":"95","full_county_name":null,"link_title":null,"url":"http:\/\/www.co.polk.wi.us\/","name":"Polk County","primary_latitude":"45.44","primary_longitude":"-92.41","state_abbreviation":"WI","state_name":"Wisconsin"},{"county_name":null,"description":null,"feat_class":"Civil","feature_id":"39626","fips_class":"H1","fips_county_cd":"97","full_county_name":null,"link_title":null,"url":"http:\/\/www.co.portage.wi.us\/","name":"Portage County","primary_latitude":"44.46","primary_longitude":"-89.5","state_abbreviation":"WI","state_name":"Wisconsin"},{"county_name":null,"description":null,"feat_class":"Civil","feature_id":"39627","fips_class":"H1","fips_county_cd":"99","full_county_name":null,"link_title":null,"url":"http:\/\/www.co.price.wi.us\/","name":"Price County","primary_latitude":"45.68","primary_longitude":"-90.35","state_abbreviation":"WI","state_name":"Wisconsin"},{"county_name":null,"description":null,"feat_class":"Civil","feature_id":"39628","fips_class":"H1","fips_county_cd":"101","full_county_name":null,"link_title":null,"url":"http:\/\/www.racineco.com\/","name":"Racine County","primary_latitude":"42.74","primary_longitude":"-88.07","state_abbreviation":"WI","state_name":"Wisconsin"},{"county_name":null,"description":null,"feat_class":"Civil","feature_id":"39629","fips_class":"H1","fips_county_cd":"103","full_county_name":null,"link_title":null,"url":"http:\/\/www.co.richland.wi.us\/","name":"Richland County","primary_latitude":"43.38","primary_longitude":"-90.43","state_abbreviation":"WI","state_name":"Wisconsin"},{"county_name":null,"description":null,"feat_class":"Civil","feature_id":"39630","fips_class":"H1","fips_county_cd":"105","full_county_name":null,"link_title":null,"url":"http:\/\/www.co.rock.wi.us\/","name":"Rock County","primary_latitude":"42.66","primary_longitude":"-89.06","state_abbreviation":"WI","state_name":"Wisconsin"},{"county_name":null,"description":null,"feat_class":"Civil","feature_id":"39631","fips_class":"H1","fips_county_cd":"107","full_county_name":null,"link_title":null,"url":"http:\/\/www.ruskcounty.org\/","name":"Rusk County","primary_latitude":"45.46","primary_longitude":"-91.16","state_abbreviation":"WI","state_name":"Wisconsin"},{"county_name":null,"description":null,"feat_class":"Civil","feature_id":"39632","fips_class":"H1","fips_county_cd":"109","full_county_name":null,"link_title":null,"url":"http:\/\/www.co.saint-croix.wi.us\/","name":"Saint Croix County","primary_latitude":"45.04","primary_longitude":"-92.43","state_abbreviation":"WI","state_name":"Wisconsin"},{"county_name":null,"description":null,"feat_class":"Civil","feature_id":"39633","fips_class":"H1","fips_county_cd":"111","full_county_name":null,"link_title":null,"url":"http:\/\/www.co.sauk.wi.us\/","name":"Sauk County","primary_latitude":"43.44","primary_longitude":"-89.95","state_abbreviation":"WI","state_name":"Wisconsin"},{"county_name":null,"description":null,"feat_class":"Civil","feature_id":"39634","fips_class":"H1","fips_county_cd":"113","full_county_name":null,"link_title":null,"url":"http:\/\/www.sawyercountygov.org\/","name":"Sawyer County","primary_latitude":"45.86","primary_longitude":"-91.23","state_abbreviation":"WI","state_name":"Wisconsin"},{"county_name":null,"description":null,"feat_class":"Civil","feature_id":"39635","fips_class":"H1","fips_county_cd":"115","full_county_name":null,"link_title":null,"url":"http:\/\/www.co.shawano.wi.us\/","name":"Shawano County","primary_latitude":"44.79","primary_longitude":"-88.76","state_abbreviation":"WI","state_name":"Wisconsin"},{"county_name":null,"description":null,"feat_class":"Civil","feature_id":"39636","fips_class":"H1","fips_county_cd":"117","full_county_name":null,"link_title":null,"url":"http:\/\/www.co.sheboygan.wi.us\/","name":"Sheboygan County","primary_latitude":"43.73","primary_longitude":"-87.93","state_abbreviation":"WI","state_name":"Wisconsin"},{"county_name":null,"description":null,"feat_class":"Civil","feature_id":"39637","fips_class":"H1","fips_county_cd":"119","full_county_name":null,"link_title":null,"url":"http:\/\/www.co.taylor.wi.us\/","name":"Taylor County","primary_latitude":"45.21","primary_longitude":"-90.51","state_abbreviation":"WI","state_name":"Wisconsin"},{"county_name":null,"description":null,"feat_class":"Civil","feature_id":"39638","fips_class":"H1","fips_county_cd":"121","full_county_name":null,"link_title":null,"url":"http:\/\/www.tremplocounty.com\/","name":"Trempealeau County","primary_latitude":"44.31","primary_longitude":"-91.35","state_abbreviation":"WI","state_name":"Wisconsin"},{"county_name":null,"description":null,"feat_class":"Civil","feature_id":"39640","fips_class":"H1","fips_county_cd":"125","full_county_name":null,"link_title":null,"url":"http:\/\/co.vilas.wi.us\/","name":"Vilas County","primary_latitude":"46.06","primary_longitude":"-89.46","state_abbreviation":"WI","state_name":"Wisconsin"},{"county_name":null,"description":null,"feat_class":"Civil","feature_id":"39641","fips_class":"H1","fips_county_cd":"127","full_county_name":null,"link_title":null,"url":"http:\/\/www.co.walworth.wi.us\/","name":"Walworth County","primary_latitude":"42.66","primary_longitude":"-88.53","state_abbreviation":"WI","state_name":"Wisconsin"},{"county_name":null,"description":null,"feat_class":"Civil","feature_id":"39642","fips_class":"H1","fips_county_cd":"129","full_county_name":null,"link_title":null,"url":"http:\/\/www.co.washburn.wi.us\/","name":"Washburn County","primary_latitude":"45.89","primary_longitude":"-91.78","state_abbreviation":"WI","state_name":"Wisconsin"},{"county_name":null,"description":null,"feat_class":"Civil","feature_id":"39643","fips_class":"H1","fips_county_cd":"131","full_county_name":null,"link_title":null,"url":"http:\/\/www.co.washington.wi.us\/","name":"Washington County","primary_latitude":"43.36","primary_longitude":"-88.23","state_abbreviation":"WI","state_name":"Wisconsin"},{"county_name":null,"description":null,"feat_class":"Civil","feature_id":"39644","fips_class":"H1","fips_county_cd":"133","full_county_name":null,"link_title":null,"url":"http:\/\/www.waukeshacounty.gov\/","name":"Waukesha County","primary_latitude":"43.03","primary_longitude":"-88.3","state_abbreviation":"WI","state_name":"Wisconsin"},{"county_name":null,"description":null,"feat_class":"Civil","feature_id":"39645","fips_class":"H1","fips_county_cd":"135","full_county_name":null,"link_title":null,"url":"http:\/\/www.co.waupaca.wi.us\/","name":"Waupaca County","primary_latitude":"44.46","primary_longitude":"-88.98","state_abbreviation":"WI","state_name":"Wisconsin"},{"county_name":null,"description":null,"feat_class":"Civil","feature_id":"39646","fips_class":"H1","fips_county_cd":"137","full_county_name":null,"link_title":null,"url":"http:\/\/www.1waushara.com\/","name":"Waushara County","primary_latitude":"44.11","primary_longitude":"-89.25","state_abbreviation":"WI","state_name":"Wisconsin"},{"county_name":null,"description":null,"feat_class":"Civil","feature_id":"39647","fips_class":"H1","fips_county_cd":"139","full_county_name":null,"link_title":null,"url":"http:\/\/www.co.winnebago.wi.us\/","name":"Winnebago County","primary_latitude":"44.06","primary_longitude":"-88.65","state_abbreviation":"WI","state_name":"Wisconsin"}]