[{"county_name":null,"description":null,"feat_class":"Civil","feature_id":"39686","fips_class":"H1","fips_county_cd":"75","full_county_name":null,"link_title":null,"url":"http:\/\/www.pocahontascountycommission.com\/","name":"Pocahontas County","primary_latitude":"38.31","primary_longitude":"-80.03","state_abbreviation":"WV","state_name":"West Virginia"},{"county_name":null,"description":null,"feat_class":"Civil","feature_id":"39702","fips_class":"H1","fips_county_cd":"107","full_county_name":null,"link_title":null,"url":"http:\/\/www.woodcountywv.com\/","name":"Wood County","primary_latitude":"39.2","primary_longitude":"-81.5","state_abbreviation":"WV","state_name":"West Virginia"},{"county_name":null,"description":null,"feat_class":"Civil","feature_id":"39650","fips_class":"H1","fips_county_cd":"3","full_county_name":null,"link_title":null,"url":"http:\/\/www.berkeleycountycomm.org\/","name":"Berkeley County","primary_latitude":"39.45","primary_longitude":"-78.03","state_abbreviation":"WV","state_name":"West Virginia"},{"county_name":null,"description":null,"feat_class":"Civil","feature_id":"39654","fips_class":"H1","fips_county_cd":"11","full_county_name":null,"link_title":null,"url":"http:\/\/www.cabellcounty.org\/","name":"Cabell County","primary_latitude":"38.43","primary_longitude":"-82.24","state_abbreviation":"WV","state_name":"West Virginia"},{"county_name":null,"description":null,"feat_class":"Civil","feature_id":"39665","fips_class":"H1","fips_county_cd":"33","full_county_name":null,"link_title":null,"url":"http:\/\/www.harrisoncountywv.com\/","name":"Harrison County","primary_latitude":"39.28","primary_longitude":"-80.38","state_abbreviation":"WV","state_name":"West Virginia"},{"county_name":null,"description":null,"feat_class":"Civil","feature_id":"39667","fips_class":"H1","fips_county_cd":"37","full_county_name":null,"link_title":null,"url":"http:\/\/www.jeffersoncountywv.org\/","name":"Jefferson County","primary_latitude":"39.3","primary_longitude":"-77.84","state_abbreviation":"WV","state_name":"West Virginia"},{"county_name":null,"description":null,"feat_class":"Civil","feature_id":"39668","fips_class":"H1","fips_county_cd":"39","full_county_name":null,"link_title":null,"url":"http:\/\/www.kanawha.us\/","name":"Kanawha County","primary_latitude":"38.33","primary_longitude":"-81.56","state_abbreviation":"WV","state_name":"West Virginia"},{"county_name":null,"description":null,"feat_class":"Civil","feature_id":"39670","fips_class":"H1","fips_county_cd":"43","full_county_name":null,"link_title":null,"url":"http:\/\/www.lincolncountywv.org\/","name":"Lincoln County","primary_latitude":"38.16","primary_longitude":"-82.08","state_abbreviation":"WV","state_name":"West Virginia"},{"county_name":null,"description":null,"feat_class":"Civil","feature_id":"39672","fips_class":"H1","fips_county_cd":"49","full_county_name":null,"link_title":null,"url":"http:\/\/www.marioncountywv.com\/","name":"Marion County","primary_latitude":"39.51","primary_longitude":"-80.24","state_abbreviation":"WV","state_name":"West Virginia"},{"county_name":null,"description":null,"feat_class":"Civil","feature_id":"39677","fips_class":"H1","fips_county_cd":"57","full_county_name":null,"link_title":null,"url":"http:\/\/www.mineralcountywv.com\/","name":"Mineral County","primary_latitude":"39.4","primary_longitude":"-78.94","state_abbreviation":"WV","state_name":"West Virginia"},{"county_name":null,"description":null,"feat_class":"Civil","feature_id":"39679","fips_class":"H1","fips_county_cd":"61","full_county_name":null,"link_title":null,"url":"http:\/\/www.co.monongalia.wv.us\/","name":"Monongalia County","primary_latitude":"39.65","primary_longitude":"-80.03","state_abbreviation":"WV","state_name":"West Virginia"}]