[{"county_name":null,"description":null,"feat_class":"Civil","feature_id":"39704","fips_class":"H1","fips_county_cd":"1","full_county_name":null,"link_title":null,"url":"http:\/\/www.co.albany.wy.us\/","name":"Albany County","primary_latitude":"41.66","primary_longitude":"-105.7","state_abbreviation":"WY","state_name":"Wyoming"},{"county_name":null,"description":null,"feat_class":"Civil","feature_id":"39706","fips_class":"H1","fips_county_cd":"5","full_county_name":null,"link_title":null,"url":"http:\/\/www.ccgov.net\/","name":"Campbell County","primary_latitude":"44.25","primary_longitude":"-105.55","state_abbreviation":"WY","state_name":"Wyoming"},{"county_name":null,"description":null,"feat_class":"Civil","feature_id":"39708","fips_class":"H1","fips_county_cd":"9","full_county_name":null,"link_title":null,"url":"http:\/\/www.conversecounty.org\/","name":"Converse County","primary_latitude":"42.96","primary_longitude":"-105.53","state_abbreviation":"WY","state_name":"Wyoming"},{"county_name":null,"description":null,"feat_class":"Civil","feature_id":"39710","fips_class":"H1","fips_county_cd":"13","full_county_name":null,"link_title":null,"url":"http:\/\/www.fremontcounty.org\/","name":"Fremont County","primary_latitude":"42.91","primary_longitude":"-108.66","state_abbreviation":"WY","state_name":"Wyoming"},{"county_name":null,"description":null,"feat_class":"Civil","feature_id":"39712","fips_class":"H1","fips_county_cd":"17","full_county_name":null,"link_title":null,"url":"http:\/\/www.hscounty.com\/","name":"Hot Springs County","primary_latitude":"43.69","primary_longitude":"-108.46","state_abbreviation":"WY","state_name":"Wyoming"},{"county_name":null,"description":null,"feat_class":"Civil","feature_id":"39713","fips_class":"H1","fips_county_cd":"19","full_county_name":null,"link_title":null,"url":"http:\/\/www.johnsoncountywyoming.org\/","name":"Johnson County","primary_latitude":"44.03","primary_longitude":"-106.56","state_abbreviation":"WY","state_name":"Wyoming"},{"county_name":null,"description":null,"feat_class":"Civil","feature_id":"39714","fips_class":"H1","fips_county_cd":"21","full_county_name":null,"link_title":null,"url":"http:\/\/webgate.co.laramie.wy.us\/","name":"Laramie County","primary_latitude":"41.34","primary_longitude":"-104.66","state_abbreviation":"WY","state_name":"Wyoming"},{"county_name":null,"description":null,"feat_class":"Civil","feature_id":"39715","fips_class":"H1","fips_county_cd":"23","full_county_name":null,"link_title":null,"url":"http:\/\/www.lcwy.org\/","name":"Lincoln County","primary_latitude":"42.16","primary_longitude":"-110.66","state_abbreviation":"WY","state_name":"Wyoming"},{"county_name":null,"description":null,"feat_class":"Civil","feature_id":"39716","fips_class":"H1","fips_county_cd":"25","full_county_name":null,"link_title":null,"url":"http:\/\/www.natrona.net\/","name":"Natrona County","primary_latitude":"42.96","primary_longitude":"-106.78","state_abbreviation":"WY","state_name":"Wyoming"},{"county_name":null,"description":null,"feat_class":"Civil","feature_id":"39718","fips_class":"H1","fips_county_cd":"29","full_county_name":null,"link_title":null,"url":"http:\/\/www.parkcounty.us\/","name":"Park County","primary_latitude":"44.41","primary_longitude":"-109.66","state_abbreviation":"WY","state_name":"Wyoming"},{"county_name":null,"description":null,"feat_class":"Civil","feature_id":"39720","fips_class":"H1","fips_county_cd":"33","full_county_name":null,"link_title":null,"url":"http:\/\/www.sheridancounty.com\/","name":"Sheridan County","primary_latitude":"44.83","primary_longitude":"-106.91","state_abbreviation":"WY","state_name":"Wyoming"},{"county_name":null,"description":null,"feat_class":"Civil","feature_id":"39722","fips_class":"H1","fips_county_cd":"37","full_county_name":null,"link_title":null,"url":"http:\/\/www.sweet.wy.us\/","name":"Sweetwater County","primary_latitude":"41.66","primary_longitude":"-108.91","state_abbreviation":"WY","state_name":"Wyoming"},{"county_name":null,"description":null,"feat_class":"Civil","feature_id":"39723","fips_class":"H1","fips_county_cd":"39","full_county_name":null,"link_title":null,"url":"http:\/\/tetonwyo.org\/","name":"Teton County","primary_latitude":"43.91","primary_longitude":"-110.58","state_abbreviation":"WY","state_name":"Wyoming"},{"county_name":null,"description":null,"feat_class":"Civil","feature_id":"39724","fips_class":"H1","fips_county_cd":"41","full_county_name":null,"link_title":null,"url":"http:\/\/www.uintacounty.com\/","name":"Uinta County","primary_latitude":"41.26","primary_longitude":"-110.56","state_abbreviation":"WY","state_name":"Wyoming"}]